reference,artifact,epoch_sec,normalise,aperiodic,outcome,band,roi,n,dz,p,p_fdr,sig
average,ica,2,absolute,removed,cv,alpha,centro_temporal,40,0.18880205120397317,0.23965560044107878,0.42219451094046606,FALSE
average,ica,2,absolute,removed,cv,alpha,frontal,40,0.2163789684340375,0.1789875952889926,0.3494707217301223,FALSE
average,ica,2,absolute,removed,cv,alpha,parieto_occipital,40,0.2588354378569129,0.10967179952154477,0.26177300509267365,FALSE
average,ica,2,absolute,removed,cv,beta,centro_temporal,40,0.24191899850355392,0.1340809186002994,0.29552528997617006,FALSE
average,ica,2,absolute,removed,cv,beta,frontal,40,0.37221447370055716,0.02369969960971251,0.10059435816873606,FALSE
average,ica,2,absolute,removed,cv,beta,parieto_occipital,40,0.3126223611988199,0.055118882871794485,0.1683557724491972,FALSE
average,ica,2,absolute,removed,cv,theta,centro_temporal,40,-0.031437128564814475,0.8434318820617379,0.8949954032358179,FALSE
average,ica,2,absolute,removed,cv,theta,frontal,40,0.14114461057098082,0.3775054756999916,0.5626886347590212,FALSE
average,ica,2,absolute,removed,cv,theta,parieto_occipital,40,0.05522133918598487,0.7287800861792231,0.8268683428610691,FALSE
average,ica,2,absolute,removed,mean,alpha,centro_temporal,40,-0.15672400597919472,0.3276934639516189,0.5186247333122302,FALSE
average,ica,2,absolute,removed,mean,alpha,frontal,40,-0.1476515639167486,0.35613731610310984,0.5403375399782447,FALSE
average,ica,2,absolute,removed,mean,alpha,parieto_occipital,40,-0.10945978370955162,0.4928602571262065,0.6621425983782622,FALSE
average,ica,2,absolute,removed,mean,beta,centro_temporal,40,-0.055376924473344954,0.7280473373949181,0.8268683428610691,FALSE
average,ica,2,absolute,removed,mean,beta,frontal,40,-0.014582728568693195,0.926988018626216,0.9474577855990348,FALSE
average,ica,2,absolute,removed,mean,beta,parieto_occipital,40,-0.31979399623370086,0.05001467485320696,0.15946802842883756,FALSE
average,ica,2,absolute,removed,mean,theta,centro_temporal,40,0.7027545292297102,7.092974408517561e-5,0.005610243361753921,TRUE
average,ica,2,absolute,removed,mean,theta,frontal,40,0.1988636201434745,0.21597058387481338,0.39348342554136573,FALSE
average,ica,2,absolute,removed,mean,theta,parieto_occipital,40,0.10097382965238146,0.5268064815805782,0.6891734859977415,FALSE
average,ica,2,absolute,removed,sd,alpha,centro_temporal,40,0.028796835185191858,0.8564263051347462,0.9043415193818286,FALSE
average,ica,2,absolute,removed,sd,alpha,frontal,40,0.039037830878346794,0.8062830636949523,0.8722394411925359,FALSE
average,ica,2,absolute,removed,sd,alpha,parieto_occipital,40,0.09476134946714333,0.5524232209985472,0.7097889898355425,FALSE
average,ica,2,absolute,removed,sd,beta,centro_temporal,40,0.23998754016175394,0.13712649511483957,0.29918508025055907,FALSE
average,ica,2,absolute,removed,sd,beta,frontal,40,0.23577644671665465,0.14395877315475844,0.3068594901456693,FALSE
average,ica,2,absolute,removed,sd,beta,parieto_occipital,40,-0.05556346103131392,0.7271691599900577,0.8268683428610691,FALSE
average,ica,2,absolute,removed,sd,theta,centro_temporal,40,0.6747638697956223,1.2204668608083838e-4,0.006946644553961579,TRUE
average,ica,2,absolute,removed,sd,theta,frontal,40,0.5156875528838155,0.002305711144097344,0.02801439040078273,TRUE
average,ica,2,absolute,removed,sd,theta,parieto_occipital,40,0.5389820299524498,0.0015284886719196345,0.0224576989159973,TRUE
average,ica,2,absolute,retained,cv,alpha,centro_temporal,40,0.18835518548269364,0.24075005435003882,0.42338008311614855,FALSE
average,ica,2,absolute,retained,cv,alpha,frontal,40,0.2777385370938706,0.08684068228655673,0.2266017266645185,FALSE
average,ica,2,absolute,retained,cv,alpha,parieto_occipital,40,0.24049060933752925,0.13632795166071748,0.2981119662862034,FALSE
average,ica,2,absolute,retained,cv,beta,centro_temporal,40,0.3969217620019398,0.016318633805471616,0.07813651260550941,FALSE
average,ica,2,absolute,retained,cv,beta,frontal,40,0.49143943814476365,0.003506775329700686,0.034240271521959464,TRUE
average,ica,2,absolute,retained,cv,beta,parieto_occipital,40,0.6922764470817615,8.696678224044425e-5,0.00595340584392353,TRUE
average,ica,2,absolute,retained,cv,theta,centro_temporal,40,0.44085513225913747,0.008150709953504823,0.053243156856364555,FALSE
average,ica,2,absolute,retained,cv,theta,frontal,40,0.23558652824085427,0.14427318604233202,0.30719285177031047,FALSE
average,ica,2,absolute,retained,cv,theta,parieto_occipital,40,0.7489557899739585,2.863043823402452e-5,0.003975540851924548,TRUE
average,ica,2,absolute,retained,mean,alpha,centro_temporal,40,-0.12656995659121043,0.4282715751672431,0.6077079869526427,FALSE
average,ica,2,absolute,retained,mean,alpha,frontal,40,-0.05540042285228984,0.7279366912007772,0.8268683428610691,FALSE
average,ica,2,absolute,retained,mean,alpha,parieto_occipital,40,-0.16792938105642535,0.29473271950693036,0.48147933337938875,FALSE
average,ica,2,absolute,retained,mean,beta,centro_temporal,40,0.24134801647341322,0.13497554909876877,0.29648866378305816,FALSE
average,ica,2,absolute,retained,mean,beta,frontal,40,0.3463687486043052,0.03452110070841355,0.12404624727755258,FALSE
average,ica,2,absolute,retained,mean,beta,parieto_occipital,40,0.03925656426394181,0.8052202436933374,0.8715746958462406,FALSE
average,ica,2,absolute,retained,mean,theta,centro_temporal,40,0.6681353197909821,1.3866272451219715e-4,0.0070204999889909945,TRUE
average,ica,2,absolute,retained,mean,theta,frontal,40,0.3136690999001745,0.05434684788660155,0.16696308095001558,FALSE
average,ica,2,absolute,retained,mean,theta,parieto_occipital,40,0.09970417109249767,0.5319902015348006,0.6917651851395669,FALSE
average,ica,2,absolute,retained,sd,alpha,centro_temporal,40,-0.030770445110994814,0.8467089954384779,0.8974930682292261,FALSE
average,ica,2,absolute,retained,sd,alpha,frontal,40,0.013731677356336429,0.9312376988190167,0.9508015160210969,FALSE
average,ica,2,absolute,retained,sd,alpha,parieto_occipital,40,-0.15116713039269586,0.3449286098845451,0.5309114945491336,FALSE
average,ica,2,absolute,retained,sd,beta,centro_temporal,40,0.37137415140715824,0.02399688033722006,0.10104148681312781,FALSE
average,ica,2,absolute,retained,sd,beta,frontal,40,0.4122342694857835,0.012867071184315158,0.06724082360835663,FALSE
average,ica,2,absolute,retained,sd,beta,parieto_occipital,40,0.31952424525440515,0.05019894735646092,0.15946802842883756,FALSE
average,ica,2,absolute,retained,sd,theta,centro_temporal,40,0.5786682143763087,7.459330462548227e-4,0.015761889586080168,TRUE
average,ica,2,absolute,retained,sd,theta,frontal,40,0.3741611777052693,0.023023948198456233,0.09838327275916595,FALSE
average,ica,2,absolute,retained,sd,theta,parieto_occipital,40,0.38305040290343245,0.020154017666301854,0.08965540124322838,FALSE
average,ica,2,rel_1_30,removed,cv,alpha,centro_temporal,40,0.1526067279088924,0.3404068980029624,0.5272916412093697,FALSE
average,ica,2,rel_1_30,removed,cv,alpha,frontal,40,0.18483148542946196,0.24950850885179932,0.4312696969199619,FALSE
average,ica,2,rel_1_30,removed,cv,alpha,parieto_occipital,40,0.17635934602136358,0.2715073815605832,0.45658334753786656,FALSE
average,ica,2,rel_1_30,removed,cv,beta,centro_temporal,40,0.08490888077387462,0.5943107784435353,0.7410777121836001,FALSE
average,ica,2,rel_1_30,removed,cv,beta,frontal,40,0.1718357316067035,0.2838035157326493,0.4725474639905072,FALSE
average,ica,2,rel_1_30,removed,cv,beta,parieto_occipital,40,0.17391273481287317,0.2781099402700962,0.46527170730212314,FALSE
average,ica,2,rel_1_30,removed,cv,theta,centro_temporal,40,-0.15736083364841433,0.32575599744003936,0.5169548236926013,FALSE
average,ica,2,rel_1_30,removed,cv,theta,frontal,40,0.09339146421235908,0.5581562085721572,0.7143528766566654,FALSE
average,ica,2,rel_1_30,removed,cv,theta,parieto_occipital,40,-0.04810351263959246,0.7625675800134453,0.8461366298779324,FALSE
average,ica,2,rel_1_30,removed,mean,alpha,centro_temporal,40,-0.12960177037050566,0.41738356656131215,0.5960404402800531,FALSE
average,ica,2,rel_1_30,removed,mean,alpha,frontal,40,-0.09157204210804211,0.5658166962120135,0.7184504620745619,FALSE
average,ica,2,rel_1_30,removed,mean,alpha,parieto_occipital,40,-0.0256334735569289,0.87204814908493,0.9141612085127454,FALSE
average,ica,2,rel_1_30,removed,mean,beta,centro_temporal,40,-0.09338578197863354,0.5581800512559026,0.7143528766566654,FALSE
average,ica,2,rel_1_30,removed,mean,beta,frontal,40,-0.05808848054916511,0.7153189226919752,0.8194342873972892,FALSE
average,ica,2,rel_1_30,removed,mean,beta,parieto_occipital,40,-0.14676514930767862,0.35900073742120686,0.543110843227102,FALSE
average,ica,2,rel_1_30,removed,mean,theta,centro_temporal,40,0.5932324524982688,5.70468638391093e-4,0.014402480948471231,TRUE
average,ica,2,rel_1_30,removed,mean,theta,frontal,40,0.19342093111715133,0.22855611416106814,0.4083759980966144,FALSE
average,ica,2,rel_1_30,removed,mean,theta,parieto_occipital,40,0.23941156614482711,0.13804536059389635,0.30017917337196254,FALSE
average,ica,2,rel_1_30,removed,sd,alpha,centro_temporal,40,0.15928944230981607,0.3199357377121153,0.5097663701934924,FALSE
average,ica,2,rel_1_30,removed,sd,alpha,frontal,40,0.2383356281049761,0.13977503013204814,0.30224218781591206,FALSE
average,ica,2,rel_1_30,removed,sd,alpha,parieto_occipital,40,0.23824164315085206,0.13992693880366297,0.30224218781591206,FALSE
average,ica,2,rel_1_30,removed,sd,beta,centro_temporal,40,0.1663252168691594,0.2993046765093744,0.48690233567717484,FALSE
average,ica,2,rel_1_30,removed,sd,beta,frontal,40,0.2673807522794872,0.09880233579797013,0.2431287858117138,FALSE
average,ica,2,rel_1_30,removed,sd,beta,parieto_occipital,40,0.23066288895295192,0.15261669162723648,0.3193615161715261,FALSE
average,ica,2,rel_1_30,removed,sd,theta,centro_temporal,40,0.5312819683645806,0.0017524840727885546,0.02417855313020463,TRUE
average,ica,2,rel_1_30,removed,sd,theta,frontal,40,0.4675416646199279,0.005252345875223421,0.0430559302478425,TRUE
average,ica,2,rel_1_30,removed,sd,theta,parieto_occipital,40,0.5308438559797688,0.001766128880910009,0.02417855313020463,TRUE
average,ica,2,rel_1_30,retained,cv,alpha,centro_temporal,40,0.21951356254171434,0.1729175008182401,0.34336222838678115,FALSE
average,ica,2,rel_1_30,retained,cv,alpha,frontal,40,0.09021302761529831,0.5715727079513756,0.7219865784648954,FALSE
average,ica,2,rel_1_30,retained,cv,alpha,parieto_occipital,40,0.27362979116178376,0.09143205824415636,0.23387358056136837,FALSE
average,ica,2,rel_1_30,retained,cv,beta,centro_temporal,40,0.28513623763948026,0.0790614178915129,0.21771289757669982,FALSE
average,ica,2,rel_1_30,retained,cv,beta,frontal,40,0.15457595688189427,0.33428581786834266,0.5229443078969882,FALSE
average,ica,2,rel_1_30,retained,cv,beta,parieto_occipital,40,0.2421906102709155,0.13365702488998502,0.29504347678630866,FALSE
average,ica,2,rel_1_30,retained,cv,theta,centro_temporal,40,0.5141599534231768,0.00236806157544921,0.028416738905390516,TRUE
average,ica,2,rel_1_30,retained,cv,theta,frontal,40,0.467075413314974,0.005293398831910678,0.0430559302478425,TRUE
average,ica,2,rel_1_30,retained,cv,theta,parieto_occipital,40,0.42774708164993974,0.010065992093237379,0.05789434505696291,FALSE
average,ica,2,rel_1_30,retained,mean,alpha,centro_temporal,40,-0.27311349132369506,0.09202309149479211,0.23485157632824885,FALSE
average,ica,2,rel_1_30,retained,mean,alpha,frontal,40,-0.25306407806512726,0.11755436321103745,0.27599720058243576,FALSE
average,ica,2,rel_1_30,retained,mean,alpha,parieto_occipital,40,-0.1553615889896611,0.3318644822210094,0.5204379038712005,FALSE
average,ica,2,rel_1_30,retained,mean,beta,centro_temporal,40,-0.05267549837758542,0.7408061693482435,0.8351426117229064,FALSE
average,ica,2,rel_1_30,retained,mean,beta,frontal,40,0.05975005596000417,0.7075594247472984,0.8159574113626248,FALSE
average,ica,2,rel_1_30,retained,mean,beta,parieto_occipital,40,-0.13006943510228997,0.4157192743827316,0.5960404402800531,FALSE
average,ica,2,rel_1_30,retained,mean,theta,centro_temporal,40,0.40054413087400087,0.015433225763455306,0.07481843113256138,FALSE
average,ica,2,rel_1_30,retained,mean,theta,frontal,40,0.12511803767410104,0.4335460449455808,0.611513162047298,FALSE
average,ica,2,rel_1_30,retained,mean,theta,parieto_occipital,40,0.09544257093972038,0.5495835166690592,0.7075432823871862,FALSE
average,ica,2,rel_1_30,retained,sd,alpha,centro_temporal,40,-0.08658164503894174,0.5870936043683532,0.733961393499729,FALSE
average,ica,2,rel_1_30,retained,sd,alpha,frontal,40,-0.14914478070907572,0.3513476360528277,0.5372742062656282,FALSE
average,ica,2,rel_1_30,retained,sd,alpha,parieto_occipital,40,0.0115139963387317,0.9423208314662194,0.9597616497322642,FALSE
average,ica,2,rel_1_30,retained,sd,beta,centro_temporal,40,0.15102646205941303,0.3453725678307933,0.5311742657144479,FALSE
average,ica,2,rel_1_30,retained,sd,beta,frontal,40,0.2333901398788602,0.14794918980639157,0.3133041666488292,FALSE
average,ica,2,rel_1_30,retained,sd,beta,parieto_occipital,40,0.08125479026581643,0.610221247248254,0.7527094572656128,FALSE
average,ica,2,rel_1_30,retained,sd,theta,centro_temporal,40,0.6373058690656173,2.4982800693866563e-4,0.009713312909775321,TRUE
average,ica,2,rel_1_30,retained,sd,theta,frontal,40,0.5272501653194955,0.0018819435229588382,0.02488774291586382,TRUE
average,ica,2,rel_1_30,retained,sd,theta,parieto_occipital,40,0.43368719725917465,0.0091515265713684,0.05576980456031402,FALSE
average,ica,2,rel_4_30,removed,cv,alpha,centro_temporal,40,0.15609788859585091,0.329605904972763,0.5186527279966734,FALSE
average,ica,2,rel_4_30,removed,cv,alpha,frontal,40,0.17934139922200446,0.2636116519416958,0.44561830554317966,FALSE
average,ica,2,rel_4_30,removed,cv,alpha,parieto_occipital,40,0.18688407133540888,0.24437890313580646,0.42653483872081993,FALSE
average,ica,2,rel_4_30,removed,cv,beta,centro_temporal,40,0.0919551548406041,0.5641992881720974,0.7184504620745619,FALSE
average,ica,2,rel_4_30,removed,cv,beta,frontal,40,0.2047636154635552,0.2029211225635116,0.3784471218488515,FALSE
average,ica,2,rel_4_30,removed,cv,beta,parieto_occipital,40,0.16492948792649484,0.303322380673101,0.4917920834266125,FALSE
average,ica,2,rel_4_30,removed,cv,theta,centro_temporal,40,-0.1926095915576391,0.23047780698138728,0.41105399703836415,FALSE
average,ica,2,rel_4_30,removed,cv,theta,frontal,40,0.07936065914941474,0.6185451921454808,0.7581663641430104,FALSE
average,ica,2,rel_4_30,removed,cv,theta,parieto_occipital,40,-0.057234958497367754,0.7193168151638227,0.822076360187226,FALSE
average,ica,2,rel_4_30,removed,mean,alpha,centro_temporal,40,-0.13033303134809554,0.4147830032504466,0.5960404402800531,FALSE
average,ica,2,rel_4_30,removed,mean,alpha,frontal,40,-0.09171065295402207,0.5652312482188182,0.7184504620745619,FALSE
average,ica,2,rel_4_30,removed,mean,alpha,parieto_occipital,40,-0.03470541210655259,0.827408261881321,0.8852403198113858,FALSE
average,ica,2,rel_4_30,removed,mean,beta,centro_temporal,40,-0.07996710946901725,0.6158744763435404,0.7569803234483272,FALSE
average,ica,2,rel_4_30,removed,mean,beta,frontal,40,-0.02136250710957625,0.8932211212704789,0.9305583385583125,FALSE
average,ica,2,rel_4_30,removed,mean,beta,parieto_occipital,40,-0.12347759899951509,0.4395520734760594,0.6149395948999502,FALSE
average,ica,2,rel_4_30,removed,mean,theta,centro_temporal,40,0.5960646884254404,5.413264322513905e-4,0.01431048740239465,TRUE
average,ica,2,rel_4_30,removed,mean,theta,frontal,40,0.19075089976096885,0.2349251200598335,0.4166920012740112,FALSE
average,ica,2,rel_4_30,removed,mean,theta,parieto_occipital,40,0.24297680674180594,0.13243610771121375,0.29354720805080714,FALSE
average,ica,2,rel_4_30,removed,sd,alpha,centro_temporal,40,0.18416424304646814,0.25119273138032533,0.4332907451671273,FALSE
average,ica,2,rel_4_30,removed,sd,alpha,frontal,40,0.23851258368148218,0.13948937313694773,0.30224218781591206,FALSE
average,ica,2,rel_4_30,removed,sd,alpha,parieto_occipital,40,0.2543113312272397,0.11581281137775835,0.2728970973555906,FALSE
average,ica,2,rel_4_30,removed,sd,beta,centro_temporal,40,0.18168006211323723,0.2575356003673049,0.43916597115266726,FALSE
average,ica,2,rel_4_30,removed,sd,beta,frontal,40,0.3094500965681512,0.057516885538984416,0.17378527539748848,FALSE
average,ica,2,rel_4_30,removed,sd,beta,parieto_occipital,40,0.19056507409725124,0.23537319519761898,0.41672631280889916,FALSE
average,ica,2,rel_4_30,removed,sd,theta,centro_temporal,40,0.5106490820916254,0.0025174911996130164,0.028690999180433902,TRUE
average,ica,2,rel_4_30,removed,sd,theta,frontal,40,0.4681680962759915,0.005197659276839451,0.04288280567740662,TRUE
average,ica,2,rel_4_30,removed,sd,theta,parieto_occipital,40,0.5212228783311124,0.002092610824509158,0.026908051757904606,TRUE
average,ica,2,rel_4_30,retained,cv,alpha,centro_temporal,40,0.2484631715127281,0.12416406766403247,0.2813227826793463,FALSE
average,ica,2,rel_4_30,retained,cv,alpha,frontal,40,0.265179366440176,0.10151337461550024,0.2469862331070494,FALSE
average,ica,2,rel_4_30,retained,cv,alpha,parieto_occipital,40,0.18821610345025977,0.24109143621891793,0.42338008311614855,FALSE
average,ica,2,rel_4_30,retained,cv,beta,centro_temporal,40,0.15454796342853522,0.3343723120966854,0.5229443078969882,FALSE
average,ica,2,rel_4_30,retained,cv,beta,frontal,40,0.09070023479402178,0.5695058512332176,0.7203118899137118,FALSE
average,ica,2,rel_4_30,retained,cv,beta,parieto_occipital,40,0.14436627199408855,0.366825086369443,0.5527968743427885,FALSE
average,ica,2,rel_4_30,retained,cv,theta,centro_temporal,40,0.23918555154790996,0.13840727120802768,0.3002943473531315,FALSE
average,ica,2,rel_4_30,retained,cv,theta,frontal,40,0.19788492158144233,0.218194668521409,0.395681376497779,FALSE
average,ica,2,rel_4_30,retained,cv,theta,parieto_occipital,40,0.3613696087722578,0.02780160544633735,0.11075065776163895,FALSE
average,ica,2,rel_4_30,retained,mean,alpha,centro_temporal,40,-0.2045260420921967,0.2034347954382972,0.3784471218488515,FALSE
average,ica,2,rel_4_30,retained,mean,alpha,frontal,40,-0.19995883251141913,0.213501877552415,0.39044934145051247,FALSE
average,ica,2,rel_4_30,retained,mean,alpha,parieto_occipital,40,-0.08899934272675242,0.5767375256560628,0.7245049751760352,FALSE
average,ica,2,rel_4_30,retained,mean,beta,centro_temporal,40,-0.06514758597273136,0.6825737788932859,0.8032224129349563,FALSE
average,ica,2,rel_4_30,retained,mean,beta,frontal,40,0.07613138904297245,0.6328540099181343,0.767766575054584,FALSE
average,ica,2,rel_4_30,retained,mean,beta,parieto_occipital,40,-0.12361084355508757,0.4390623898027717,0.6149395948999502,FALSE
average,ica,2,rel_4_30,retained,mean,theta,centro_temporal,40,0.3855072732349437,0.01942012172605019,0.08723371218688489,FALSE
average,ica,2,rel_4_30,retained,mean,theta,frontal,40,0.1097229816082707,0.4918271920317083,0.6621425983782622,FALSE
average,ica,2,rel_4_30,retained,mean,theta,parieto_occipital,40,0.23685880631499037,0.14217731599129937,0.30406237875367,FALSE
average,ica,2,rel_4_30,retained,sd,alpha,centro_temporal,40,7.21026313371601e-4,0.996384769490018,0.9979247768617182,FALSE
average,ica,2,rel_4_30,retained,sd,alpha,frontal,40,0.015287721180946857,0.9234693068935526,0.9453524658246794,FALSE
average,ica,2,rel_4_30,retained,sd,alpha,parieto_occipital,40,0.05783489981758088,0.716505852693673,0.8198277678849324,FALSE
average,ica,2,rel_4_30,retained,sd,beta,centro_temporal,40,0.16441522307483247,0.3048120749406856,0.4933844077308016,FALSE
average,ica,2,rel_4_30,retained,sd,beta,frontal,40,0.22693180786451164,0.15918980456435705,0.32950376202089715,FALSE
average,ica,2,rel_4_30,retained,sd,beta,parieto_occipital,40,0.10001403364607375,0.53072263284796,0.6917651851395669,FALSE
average,ica,2,rel_4_30,retained,sd,theta,centro_temporal,40,0.49858194660632293,0.0031022883534231704,0.03225052705376815,TRUE
average,ica,2,rel_4_30,retained,sd,theta,frontal,40,0.352799269494648,0.03148134872883936,0.11934152283725652,FALSE
average,ica,2,rel_4_30,retained,sd,theta,parieto_occipital,40,0.5106356476156846,0.0025180798366026005,0.028690999180433902,TRUE
average,ica,4,absolute,removed,cv,alpha,centro_temporal,40,0.16464715204419889,0.30413961240023357,0.4927061720883784,FALSE
average,ica,4,absolute,removed,cv,alpha,frontal,40,0.27507960967547834,0.08978930651656197,0.23111712240458046,FALSE
average,ica,4,absolute,removed,cv,alpha,parieto_occipital,40,0.16424408475537783,0.3053089358839449,0.49351196024683497,FALSE
average,ica,4,absolute,removed,cv,beta,centro_temporal,40,0.22898991944492436,0.15553698359094575,0.32373008147837107,FALSE
average,ica,4,absolute,removed,cv,beta,frontal,40,0.4168151558735246,0.01197312398874048,0.0646548695391986,FALSE
average,ica,4,absolute,removed,cv,beta,parieto_occipital,40,0.3143694563389789,0.053835539210563485,0.1666501404862029,FALSE
average,ica,4,absolute,removed,cv,theta,centro_temporal,40,0.07770194017413273,0.6258766431337377,0.7640115605242953,FALSE
average,ica,4,absolute,removed,cv,theta,frontal,40,0.27221058437026946,0.09306435420356816,0.2355691465777819,FALSE
average,ica,4,absolute,removed,cv,theta,parieto_occipital,40,0.14771730416811385,0.3559255500496513,0.5403375399782447,FALSE
average,ica,4,absolute,removed,mean,alpha,centro_temporal,40,-0.14492211056110477,0.3650023604417455,0.550476794956364,FALSE
average,ica,4,absolute,removed,mean,alpha,frontal,40,-0.15156294812404503,0.3436814144415553,0.5298308244840473,FALSE
average,ica,4,absolute,removed,mean,alpha,parieto_occipital,40,-0.10370952945417315,0.5157289674849841,0.6815615994499042,FALSE
average,ica,4,absolute,removed,mean,beta,centro_temporal,40,-0.05713148771493106,0.7198020170214453,0.8221475447060456,FALSE
average,ica,4,absolute,removed,mean,beta,frontal,40,-0.07679356163773507,0.6299080375219777,0.7648602279467361,FALSE
average,ica,4,absolute,removed,mean,beta,parieto_occipital,40,-0.3119124681804765,0.05564786134371019,0.1695602546272298,FALSE
average,ica,4,absolute,removed,mean,theta,centro_temporal,40,0.6535962054904245,1.8322827638953972e-4,0.007915461540028116,TRUE
average,ica,4,absolute,removed,mean,theta,frontal,40,0.22029755809506457,0.17142457881324502,0.34239431564049017,FALSE
average,ica,4,absolute,removed,mean,theta,parieto_occipital,40,0.1964829121610309,0.22141045035194357,0.4011387842350217,FALSE
average,ica,4,absolute,removed,sd,alpha,centro_temporal,40,0.05870116066520505,0.7124541179419503,0.8180808064259607,FALSE
average,ica,4,absolute,removed,sd,alpha,frontal,40,0.059665888399278735,0.7079517348863925,0.8159574113626248,FALSE
average,ica,4,absolute,removed,sd,alpha,parieto_occipital,40,0.07321492844931395,0.645900814764679,0.7746028278238963,FALSE
average,ica,4,absolute,removed,sd,beta,centro_temporal,40,0.21716720421419394,0.17744590366635243,0.34874446452410807,FALSE
average,ica,4,absolute,removed,sd,beta,frontal,40,0.27404037809160414,0.09096430502321493,0.23329104085109476,FALSE
average,ica,4,absolute,removed,sd,beta,parieto_occipital,40,0.05434616747731172,0.7329065992989932,0.8288367824533117,FALSE
average,ica,4,absolute,removed,sd,theta,centro_temporal,40,0.6696805782944858,1.3460176414527135e-4,0.0070204999889909945,TRUE
average,ica,4,absolute,removed,sd,theta,frontal,40,0.6282952238956389,2.962477907970239e-4,0.010471012823807536,TRUE
average,ica,4,absolute,removed,sd,theta,parieto_occipital,40,0.5869028573499655,6.411813429468671e-4,0.015017548562514573,TRUE
average,ica,4,absolute,retained,cv,alpha,centro_temporal,40,-0.06834621799153427,0.6679336187240251,0.7936463552195088,FALSE
average,ica,4,absolute,retained,cv,alpha,frontal,40,0.04750528403835366,0.7654299033778207,0.8483442030595686,FALSE
average,ica,4,absolute,retained,cv,alpha,parieto_occipital,40,-0.10999392636074141,0.4907649823408472,0.6621425983782622,FALSE
average,ica,4,absolute,retained,cv,beta,centro_temporal,40,0.1801353921028656,0.2615373688509835,0.44326821712843234,FALSE
average,ica,4,absolute,retained,cv,beta,frontal,40,0.20336074016190714,0.20596861914484013,0.3816997098356236,FALSE
average,ica,4,absolute,retained,cv,beta,parieto_occipital,40,0.5052358481292782,0.0027655581377580597,0.029887827886372998,TRUE
average,ica,4,absolute,retained,cv,theta,centro_temporal,40,0.4381099651532034,0.008521340198451795,0.054544435242077215,FALSE
average,ica,4,absolute,retained,cv,theta,frontal,40,0.23927723649408708,0.13826036732585464,0.3002943473531315,FALSE
average,ica,4,absolute,retained,cv,theta,parieto_occipital,40,0.557643302831708,0.001093610538258665,0.019207296976613105,TRUE
average,ica,4,absolute,retained,mean,alpha,centro_temporal,40,-0.13604360495040788,0.3948189028636033,0.5805808980082033,FALSE
average,ica,4,absolute,retained,mean,alpha,frontal,40,-0.024247341346511037,0.8789101392752556,0.917616171187485,FALSE
average,ica,4,absolute,retained,mean,alpha,parieto_occipital,40,-0.1624521736978722,0.3105448530543552,0.500165032591273,FALSE
average,ica,4,absolute,retained,mean,beta,centro_temporal,40,0.2681446018176524,0.09787578558328362,0.24176687061487087,FALSE
average,ica,4,absolute,retained,mean,beta,frontal,40,0.3654286527529236,0.026197137984390505,0.10719434190360234,FALSE
average,ica,4,absolute,retained,mean,beta,parieto_occipital,40,0.04523158386922732,0.7763388658251781,0.8560424022485231,FALSE
average,ica,4,absolute,retained,mean,theta,centro_temporal,40,0.70296965454049265,7.063295684249113e-5,0.005610243361753921,TRUE
average,ica,4,absolute,retained,mean,theta,frontal,40,0.312842542917551,0.05495570098720492,0.1683557724491972,FALSE
average,ica,4,absolute,retained,mean,theta,parieto_occipital,40,0.060973792460379934,0.7018646723181854,0.8132862200963591,FALSE
average,ica,4,absolute,retained,sd,alpha,centro_temporal,40,-0.15628100597130865,0.3290458075174658,0.5186527279966734,FALSE
average,ica,4,absolute,retained,sd,alpha,frontal,40,-0.03715497057483941,0.8154470049238534,0.8792174029794625,FALSE
average,ica,4,absolute,retained,sd,alpha,parieto_occipital,40,-0.18961379184748078,0.23767683321834696,0.4192774625920749,FALSE
average,ica,4,absolute,retained,sd,beta,centro_temporal,40,0.3068155239364014,0.05957640508790921,0.1774016027644914,FALSE
average,ica,4,absolute,retained,sd,beta,frontal,40,0.36600685939668276,0.025975474507259375,0.10675755273173833,FALSE
average,ica,4,absolute,retained,sd,beta,parieto_occipital,40,0.2707077645359084,0.09481922631357752,0.2375368246824674,FALSE
average,ica,4,absolute,retained,sd,theta,centro_temporal,40,0.5234833100199183,0.0020110977011003183,0.02623875121435583,TRUE
average,ica,4,absolute,retained,sd,theta,frontal,40,0.3416917655776136,0.03689278860505232,0.13016257903488512,FALSE
average,ica,4,absolute,retained,sd,theta,parieto_occipital,40,0.19498866273092616,0.22487650005064255,0.40440325263501303,FALSE
average,ica,4,rel_1_30,removed,cv,alpha,centro_temporal,40,0.20126010422245297,0.21059626609736576,0.3870108181216412,FALSE
average,ica,4,rel_1_30,removed,cv,alpha,frontal,40,0.29681765905173696,0.06797985707468981,0.1972430479898463,FALSE
average,ica,4,rel_1_30,removed,cv,alpha,parieto_occipital,40,0.2125496649287185,0.18662482718489165,0.35843468563543673,FALSE
average,ica,4,rel_1_30,removed,cv,beta,centro_temporal,40,0.09504058361470649,0.5512583157823849,0.7087606917202093,FALSE
average,ica,4,rel_1_30,removed,cv,beta,frontal,40,0.28534295081815203,0.07885277930159182,0.21771289757669982,FALSE
average,ica,4,rel_1_30,removed,cv,beta,parieto_occipital,40,0.13353851285373716,0.4035013371816565,0.5884520626265117,FALSE
average,ica,4,rel_1_30,removed,cv,theta,centro_temporal,40,-0.019923722478628114,0.9003724252307157,0.9336998479732028,FALSE
average,ica,4,rel_1_30,removed,cv,theta,frontal,40,0.1487379770651922,0.35264828947646176,0.538529673795948,FALSE
average,ica,4,rel_1_30,removed,cv,theta,parieto_occipital,40,0.042749765167665904,0.7882988231279205,0.8609286023374594,FALSE
average,ica,4,rel_1_30,removed,mean,alpha,centro_temporal,40,-0.12297795335756027,0.44139120661773457,0.6154049804364742,FALSE
average,ica,4,rel_1_30,removed,mean,alpha,frontal,40,-0.08902419620264221,0.576631533169216,0.7245049751760352,FALSE
average,ica,4,rel_1_30,removed,mean,alpha,parieto_occipital,40,-0.03846861944001005,0.8090505855349773,0.8747465730144581,FALSE
average,ica,4,rel_1_30,removed,mean,beta,centro_temporal,40,-0.08383291701383269,0.5989752065662053,0.7445062669851044,FALSE
average,ica,4,rel_1_30,removed,mean,beta,frontal,40,-0.034280472056518844,0.8294875817023459,0.8857943332847311,FALSE
average,ica,4,rel_1_30,removed,mean,beta,parieto_occipital,40,-0.171859263521069,0.2837385530038563,0.4725474639905072,FALSE
average,ica,4,rel_1_30,removed,mean,theta,centro_temporal,40,0.5810320625693833,7.142828652551685e-4,0.015761889586080168,TRUE
average,ica,4,rel_1_30,removed,mean,theta,frontal,40,0.22099593688703903,0.17010315101267576,0.34055666896873493,FALSE
average,ica,4,rel_1_30,removed,mean,theta,parieto_occipital,40,0.3502332571420328,0.03266452343758537,0.12165535259834692,FALSE
average,ica,4,rel_1_30,removed,sd,alpha,centro_temporal,40,0.18658512576988373,0.2451211751643983,0.4266030121034828,FALSE
average,ica,4,rel_1_30,removed,sd,alpha,frontal,40,0.2726648548249513,0.09253925281246843,0.23485157632824885,FALSE
average,ica,4,rel_1_30,removed,sd,alpha,parieto_occipital,40,0.23795652176243687,0.14038859036873594,0.30242105880671283,FALSE
average,ica,4,rel_1_30,removed,sd,beta,centro_temporal,40,0.16815625234608444,0.2940900681221514,0.4812304915041633,FALSE
average,ica,4,rel_1_30,removed,sd,beta,frontal,40,0.3651113184115798,0.026319512803464364,0.10719434190360234,FALSE
average,ica,4,rel_1_30,removed,sd,beta,parieto_occipital,40,0.13156029503909103,0.4104409454487262,0.5936735103811933,FALSE
average,ica,4,rel_1_30,removed,sd,theta,centro_temporal,40,0.5606414112024622,0.0010358964066860428,0.018997949194317614,TRUE
average,ica,4,rel_1_30,removed,sd,theta,frontal,40,0.46446795147797126,0.005528585383673513,0.04352146590270245,TRUE
average,ica,4,rel_1_30,removed,sd,theta,parieto_occipital,40,0.5645824737517138,9.644684534153801e-4,0.018123937961333554,TRUE
average,ica,4,rel_1_30,retained,cv,alpha,centro_temporal,40,0.12410564152990006,0.4372468214863474,0.6137240584617035,FALSE
average,ica,4,rel_1_30,retained,cv,alpha,frontal,40,0.09125794322562251,0.5671444680425226,0.718728061196,FALSE
average,ica,4,rel_1_30,retained,cv,alpha,parieto_occipital,40,0.08878172553591757,0.5776660038697812,0.7245049751760352,FALSE
average,ica,4,rel_1_30,retained,cv,beta,centro_temporal,40,0.22522834124053076,0.1622639016291776,0.33169403235238826,FALSE
average,ica,4,rel_1_30,retained,cv,beta,frontal,40,0.16559161874931586,0.3014117699179188,0.48910223766313365,FALSE
average,ica,4,rel_1_30,retained,cv,beta,parieto_occipital,40,0.15288061665736177,0.33955111232814705,0.5271718924256457,FALSE
average,ica,4,rel_1_30,retained,cv,theta,centro_temporal,40,0.4831383796240628,0.004039409690744669,0.03662714039171111,TRUE
average,ica,4,rel_1_30,retained,cv,theta,frontal,40,0.44687873836380376,0.007389356154900325,0.05058066325748673,FALSE
average,ica,4,rel_1_30,retained,cv,theta,parieto_occipital,40,0.4387429495038438,0.008434517065905369,0.05449931211107841,FALSE
average,ica,4,rel_1_30,retained,mean,alpha,centro_temporal,40,-0.2807464184199457,0.0836034033269087,0.2231464212424277,FALSE
average,ica,4,rel_1_30,retained,mean,alpha,frontal,40,-0.2523663166892351,0.11853793065353681,0.27696843412316774,FALSE
average,ica,4,rel_1_30,retained,mean,alpha,parieto_occipital,40,-0.15367618067945518,0.33707344868005673,0.5250567181362422,FALSE
average,ica,4,rel_1_30,retained,mean,beta,centro_temporal,40,-0.046498164696306084,0.7702561375510779,0.8517508142203046,FALSE
average,ica,4,rel_1_30,retained,mean,beta,frontal,40,0.07373525418663876,0.6435646668312391,0.7733595609503638,FALSE
average,ica,4,rel_1_30,retained,mean,beta,parieto_occipital,40,-0.12528239333129312,0.43294702884957226,0.611513162047298,FALSE
average,ica,4,rel_1_30,retained,mean,theta,centro_temporal,40,0.41802483447314964,0.011746793453071624,0.06431946096817918,FALSE
average,ica,4,rel_1_30,retained,mean,theta,frontal,40,0.15371037176985305,0.33696723697613185,0.5250567181362422,FALSE
average,ica,4,rel_1_30,retained,mean,theta,parieto_occipital,40,0.1263767435827548,0.4289712260239473,0.6080536052800682,FALSE
average,ica,4,rel_1_30,retained,sd,alpha,centro_temporal,40,-0.10724727065672116,0.5015920579517255,0.6692484287290008,FALSE
average,ica,4,rel_1_30,retained,sd,alpha,frontal,40,-0.1281693603640993,0.42250645196083336,0.6012829740936018,FALSE
average,ica,4,rel_1_30,retained,sd,alpha,parieto_occipital,40,-0.07726331809890907,0.6278218127082913,0.7642364457764047,FALSE
average,ica,4,rel_1_30,retained,sd,beta,centro_temporal,40,0.070203203277939,0.6594935600265903,0.784611677289897,FALSE
average,ica,4,rel_1_30,retained,sd,beta,frontal,40,0.21723545103123448,0.17731290600505892,0.34874446452410807,FALSE
average,ica,4,rel_1_30,retained,sd,beta,parieto_occipital,40,-0.016131634624235815,0.9192592739586124,0.9444610327925691,FALSE
average,ica,4,rel_1_30,retained,sd,theta,centro_temporal,40,0.6257346371766821,3.1090316055845695e-4,0.010581627367668742,TRUE
average,ica,4,rel_1_30,retained,sd,theta,frontal,40,0.5497658659792632,0.0012603378883716237,0.020763532669444376,TRUE
average,ica,4,rel_1_30,retained,sd,theta,parieto_occipital,40,0.4418445229531754,0.008020844227652936,0.053243156856364555,FALSE
average,ica,4,rel_4_30,removed,cv,alpha,centro_temporal,40,0.20374670249150417,0.20512676074428302,0.38050231191496775,FALSE
average,ica,4,rel_4_30,removed,cv,alpha,frontal,40,0.3040809153060738,0.06178102704761399,0.18224934230737722,FALSE
average,ica,4,rel_4_30,removed,cv,alpha,parieto_occipital,40,0.22601912546585934,0.16083110275308904,0.329805552481018,FALSE
average,ica,4,rel_4_30,removed,cv,beta,centro_temporal,40,0.12501576866335037,0.43391902913282987,0.611513162047298,FALSE
average,ica,4,rel_4_30,removed,cv,beta,frontal,40,0.32824909777937233,0.04453000031476702,0.14781622543156278,FALSE
average,ica,4,rel_4_30,removed,cv,beta,parieto_occipital,40,0.12029981297358791,0.4513268519045761,0.6249141026371053,FALSE
average,ica,4,rel_4_30,removed,cv,theta,centro_temporal,40,-0.07033893532309249,0.6588783988305306,0.784611677289897,FALSE
average,ica,4,rel_4_30,removed,cv,theta,frontal,40,0.12978453566812542,0.4167326692356019,0.5960404402800531,FALSE
average,ica,4,rel_4_30,removed,cv,theta,parieto_occipital,40,0.019789587389588477,0.901039565225169,0.9336998479732028,FALSE
average,ica,4,rel_4_30,removed,mean,alpha,centro_temporal,40,-0.12472714035454673,0.4349727209255868,0.6116062038361716,FALSE
average,ica,4,rel_4_30,removed,mean,alpha,frontal,40,-0.09196216610240181,0.5641697099037678,0.7184504620745619,FALSE
average,ica,4,rel_4_30,removed,mean,alpha,parieto_occipital,40,-0.05073789601774927,0.7500035322686187,0.8403386138246577,FALSE
average,ica,4,rel_4_30,removed,mean,beta,centro_temporal,40,-0.07337094749706964,0.6451999412450335,0.7742399294940402,FALSE
average,ica,4,rel_4_30,removed,mean,beta,frontal,40,-0.016602587940511445,0.9169108419579615,0.9441073499821382,FALSE
average,ica,4,rel_4_30,removed,mean,beta,parieto_occipital,40,-0.14917192829434336,0.35126095092524967,0.5372742062656282,FALSE
average,ica,4,rel_4_30,removed,mean,theta,centro_temporal,40,0.5789146424218516,7.425714427963784e-4,0.015761889586080168,TRUE
average,ica,4,rel_4_30,removed,mean,theta,frontal,40,0.2076539098320207,0.19675022008622892,0.3702637249251007,FALSE
average,ica,4,rel_4_30,removed,mean,theta,parieto_occipital,40,0.35338235055154,0.031217875604743834,0.11922897873403146,FALSE
average,ica,4,rel_4_30,removed,sd,alpha,centro_temporal,40,0.2009819706200406,0.21121480093384815,0.3870108181216412,FALSE
average,ica,4,rel_4_30,removed,sd,alpha,frontal,40,0.26788324934271374,0.09819199157165773,0.24224014164378507,FALSE
average,ica,4,rel_4_30,removed,sd,alpha,parieto_occipital,40,0.24998761234018796,0.1219414348303348,0.278887234482554,FALSE
average,ica,4,rel_4_30,removed,sd,beta,centro_temporal,40,0.22334705202904861,0.16571276264848717,0.3359053887809891,FALSE
average,ica,4,rel_4_30,removed,sd,beta,frontal,40,0.3956066242995191,0.016651394909562016,0.07885939401387991,FALSE
average,ica,4,rel_4_30,removed,sd,beta,parieto_occipital,40,0.1068257986653363,0.5032650188768539,0.6705126419269298,FALSE
average,ica,4,rel_4_30,removed,sd,theta,centro_temporal,40,0.5222642155031338,0.0020546758770756068,0.026628599366899864,TRUE
average,ica,4,rel_4_30,removed,sd,theta,frontal,40,0.4471181992149992,0.007360503997119631,0.05056120060212213,FALSE
average,ica,4,rel_4_30,removed,sd,theta,parieto_occipital,40,0.5545536928343047,0.0011563109093093754,0.019718143927170403,TRUE
average,ica,4,rel_4_30,retained,cv,alpha,centro_temporal,40,0.19579134325614012,0.22300963419503889,0.40219082517385046,FALSE
average,ica,4,rel_4_30,retained,cv,alpha,frontal,40,0.27272616672981514,0.0924685706350604,0.23485157632824885,FALSE
average,ica,4,rel_4_30,retained,cv,alpha,parieto_occipital,40,0.09564668122110268,0.5487341308860452,0.7069179260718832,FALSE
average,ica,4,rel_4_30,retained,cv,beta,centro_temporal,40,0.09088412116210422,0.5687267228032227,0.7197947585478287,FALSE
average,ica,4,rel_4_30,retained,cv,beta,frontal,40,0.11656826555109087,0.4653874549703011,0.6402782819973569,FALSE
average,ica,4,rel_4_30,retained,cv,beta,parieto_occipital,40,0.06676231755039361,0.6751671862247907,0.797402800741794,FALSE
average,ica,4,rel_4_30,retained,cv,theta,centro_temporal,40,0.21238374928549347,0.1869613020752741,0.35843468563543673,FALSE
average,ica,4,rel_4_30,retained,cv,theta,frontal,40,0.21982800784531564,0.1723175104834789,0.3432207318442273,FALSE
average,ica,4,rel_4_30,retained,cv,theta,parieto_occipital,40,0.41972474744218086,0.011435396542226285,0.06315457635820425,FALSE
average,ica,4,rel_4_30,retained,mean,alpha,centro_temporal,40,-0.2124003923142906,0.18692752922863484,0.35843468563543673,FALSE
average,ica,4,rel_4_30,retained,mean,alpha,frontal,40,-0.2055550010527375,0.201217095069556,0.37629931438348146,FALSE
average,ica,4,rel_4_30,retained,mean,alpha,parieto_occipital,40,-0.10046612873206633,0.5288760877672025,0.6909510178894097,FALSE
average,ica,4,rel_4_30,retained,mean,beta,centro_temporal,40,-0.06040778272700258,0.7044965048256032,0.8143299400144312,FALSE
average,ica,4,rel_4_30,retained,mean,beta,frontal,40,0.07529684566127681,0.636575482199403,0.7691129505255683,FALSE
average,ica,4,rel_4_30,retained,mean,beta,parieto_occipital,40,-0.12307983040071091,0.44101583875010564,0.6154049804364742,FALSE
average,ica,4,rel_4_30,retained,mean,theta,centro_temporal,40,0.4126280907986002,0.012787873199784701,0.06700707682043519,FALSE
average,ica,4,rel_4_30,retained,mean,theta,frontal,40,0.12334182622739129,0.4400513834042752,0.6149963259079159,FALSE
average,ica,4,rel_4_30,retained,mean,theta,parieto_occipital,40,0.26073193649904647,0.10717825052344628,0.2581840384356624,FALSE
average,ica,4,rel_4_30,retained,sd,alpha,centro_temporal,40,0.003967514479911392,0.9801089274374747,0.9867072785802439,FALSE
average,ica,4,rel_4_30,retained,sd,alpha,frontal,40,0.04967279504496462,0.7550751978468024,0.8422830640485993,FALSE
average,ica,4,rel_4_30,retained,sd,alpha,parieto_occipital,40,-0.006122695478750713,0.9693085239709502,0.9793844961536003,FALSE
average,ica,4,rel_4_30,retained,sd,beta,centro_temporal,40,0.12167987724845641,0.44619060961955226,0.6200103967837095,FALSE
average,ica,4,rel_4_30,retained,sd,beta,frontal,40,0.22693808530764614,0.1591785614420546,0.32950376202089715,FALSE
average,ica,4,rel_4_30,retained,sd,beta,parieto_occipital,40,0.01726899644162452,0.913589054612155,0.9426842474341981,FALSE
average,ica,4,rel_4_30,retained,sd,theta,centro_temporal,40,0.4621934277269739,0.00574170372100953,0.043772047190755003,TRUE
average,ica,4,rel_4_30,retained,sd,theta,frontal,40,0.39028866246843474,0.01806098828816283,0.08339800767740747,FALSE
average,ica,4,rel_4_30,retained,sd,theta,parieto_occipital,40,0.5208570293749014,0.0021060959983092657,0.026908051757904606,TRUE
average,threshold,2,absolute,removed,cv,alpha,centro_temporal,40,0.3274693767024714,0.04501275662916383,0.14856502357741,FALSE
average,threshold,2,absolute,removed,cv,alpha,frontal,40,0.37477423542074156,0.02281476686183208,0.09838327275916595,FALSE
average,threshold,2,absolute,removed,cv,alpha,parieto_occipital,40,0.32215516685563517,0.04842670116582757,0.15638124097403452,FALSE
average,threshold,2,absolute,removed,cv,beta,centro_temporal,40,0.22656617760514283,0.1598457387614504,0.3295490029506818,FALSE
average,threshold,2,absolute,removed,cv,beta,frontal,40,0.463525109690718,0.005616012295216845,0.04353436744136796,TRUE
average,threshold,2,absolute,removed,cv,beta,parieto_occipital,40,0.32831907121699144,0.044486899633084886,0.14781622543156278,FALSE
average,threshold,2,absolute,removed,cv,theta,centro_temporal,40,0.007780094885139167,0.9610065551694025,0.97301913710902,FALSE
average,threshold,2,absolute,removed,cv,theta,frontal,40,0.09651888542506776,0.5451121360646684,0.7039625616768904,FALSE
average,threshold,2,absolute,removed,cv,theta,parieto_occipital,40,0.03925706062700579,0.8052178323020276,0.8715746958462406,FALSE
average,threshold,2,absolute,removed,mean,alpha,centro_temporal,40,-0.25895729209181834,0.10951016385193196,0.26177300509267365,FALSE
average,threshold,2,absolute,removed,mean,alpha,frontal,40,-0.24506390935312544,0.1292384550677935,0.29002764052731955,FALSE
average,threshold,2,absolute,removed,mean,alpha,parieto_occipital,40,-0.168604950808456,0.29282192959266284,0.479971189821363,FALSE
average,threshold,2,absolute,removed,mean,beta,centro_temporal,40,-0.019857882127131438,0.90069988250262,0.9336998479732028,FALSE
average,threshold,2,absolute,removed,mean,beta,frontal,40,0.14105289327872855,0.3778124231370402,0.5626886347590212,FALSE
average,threshold,2,absolute,removed,mean,beta,parieto_occipital,40,-0.2147723227139453,0.1821620116609677,0.35306375939074897,FALSE
average,threshold,2,absolute,removed,mean,theta,centro_temporal,40,0.648888049252547,2.0045440758197322e-4,0.008471377572594694,TRUE
average,threshold,2,absolute,removed,mean,theta,frontal,40,0.23946560566479017,0.1379589410006066,0.30017917337196254,FALSE
average,threshold,2,absolute,removed,mean,theta,parieto_occipital,40,0.11321628691275545,0.4782307751266057,0.6509810520538981,FALSE
average,threshold,2,absolute,removed,sd,alpha,centro_temporal,40,-0.04964763099406349,0.7551951546485127,0.8422830640485993,FALSE
average,threshold,2,absolute,removed,sd,alpha,frontal,40,-0.05253120590356431,0.7414897879803172,0.8351426117229064,FALSE
average,threshold,2,absolute,removed,sd,alpha,parieto_occipital,40,2.740447616684533e-6,0.999986259329419,0.999986259329419,FALSE
average,threshold,2,absolute,removed,sd,beta,centro_temporal,40,0.28409506594058215,0.0801193905821731,0.21934950017691587,FALSE
average,threshold,2,absolute,removed,sd,beta,frontal,40,0.5133669768478716,0.002401056420797339,0.02851016273396727,TRUE
average,threshold,2,absolute,removed,sd,beta,parieto_occipital,40,0.10461321108288586,0.512097512580385,0.6776838423800331,FALSE
average,threshold,2,absolute,removed,sd,theta,centro_temporal,40,0.6560313547539828,1.7489429061309593e-4,0.007808227290445177,TRUE
average,threshold,2,absolute,removed,sd,theta,frontal,40,0.5436140731970888,0.0014072200744348609,0.021885086597610955,TRUE
average,threshold,2,absolute,removed,sd,theta,parieto_occipital,40,0.573122845569343,8.255765994270369e-4,0.0165455763843934,TRUE
average,threshold,2,absolute,retained,cv,alpha,centro_temporal,40,0.0970061125267453,0.5430942129644443,0.7028679246160932,FALSE
average,threshold,2,absolute,retained,cv,alpha,frontal,40,0.11888643261932433,0.4566229369476178,0.6308990685331691,FALSE
average,threshold,2,absolute,retained,cv,alpha,parieto_occipital,40,0.0760780737793167,0.6330914710969641,0.767766575054584,FALSE
average,threshold,2,absolute,retained,cv,beta,centro_temporal,40,0.3494674155951978,0.03302523287253265,0.12184101848949484,FALSE
average,threshold,2,absolute,retained,cv,beta,frontal,40,0.4177519573187151,0.011797501750014943,0.06431946096817918,FALSE
average,threshold,2,absolute,retained,cv,beta,parieto_occipital,40,0.6443230039238853,2.1866028847823373e-4,0.009044161719184816,TRUE
average,threshold,2,absolute,retained,cv,theta,centro_temporal,40,0.4532988492108343,0.006651161126121892,0.047536239813165286,TRUE
average,threshold,2,absolute,retained,cv,theta,frontal,40,0.0469679672363346,0.7680036251852728,0.850227247927204,FALSE
average,threshold,2,absolute,retained,cv,theta,parieto_occipital,40,0.6100657262106632,4.171736269994662e-4,0.012476700475184035,TRUE
average,threshold,2,absolute,retained,mean,alpha,centro_temporal,40,-0.18367773264006695,0.2524259429875428,0.4338780134109489,FALSE
average,threshold,2,absolute,retained,mean,alpha,frontal,40,-0.0931705816776094,0.5590834114063872,0.7150382577460636,FALSE
average,threshold,2,absolute,retained,mean,alpha,parieto_occipital,40,-0.1848668746707155,0.24941941041678867,0.4312696969199619,FALSE
average,threshold,2,absolute,retained,mean,beta,centro_temporal,40,0.24917218952580353,0.12312626857998461,0.2806066425785347,FALSE
average,threshold,2,absolute,retained,mean,beta,frontal,40,0.3508224150184415,0.03238942078198468,0.12155411969146375,FALSE
average,threshold,2,absolute,retained,mean,beta,parieto_occipital,40,0.03328670139240249,0.8343551290091563,0.8886579654652215,FALSE
average,threshold,2,absolute,retained,mean,theta,centro_temporal,40,0.7980586079822853,1.07841805757411e-5,0.00261655774227746,TRUE
average,threshold,2,absolute,retained,mean,theta,frontal,40,0.4376318250577717,0.00858747355773341,0.05456026398643714,FALSE
average,threshold,2,absolute,retained,mean,theta,parieto_occipital,40,0.1603766183418284,0.3166861199570335,0.5062810996681522,FALSE
average,threshold,2,absolute,retained,sd,alpha,centro_temporal,40,-0.13217782353970572,0.4082667784134526,0.5922915053998149,FALSE
average,threshold,2,absolute,retained,sd,alpha,frontal,40,-0.06404208571312683,0.687663016773406,0.8072565849079115,FALSE
average,threshold,2,absolute,retained,sd,alpha,parieto_occipital,40,-0.18034137801971944,0.26100115632831483,0.44274541701766496,FALSE
average,threshold,2,absolute,retained,sd,beta,centro_temporal,40,0.3244917749505949,0.04689872486060661,0.15348673590743983,FALSE
average,threshold,2,absolute,retained,sd,beta,frontal,40,0.42817935631100507,0.009996693555751505,0.05789434505696291,FALSE
average,threshold,2,absolute,retained,sd,beta,parieto_occipital,40,0.29422020319914705,0.07032213002408233,0.20170936566246195,FALSE
average,threshold,2,absolute,retained,sd,theta,centro_temporal,40,0.6992797967980627,7.589658821068175e-5,0.005610243361753921,TRUE
average,threshold,2,absolute,retained,sd,theta,frontal,40,0.4254664352555759,0.01043901702271988,0.05913430973834124,FALSE
average,threshold,2,absolute,retained,sd,theta,parieto_occipital,40,0.42784922383656815,0.010049577569650898,0.05789434505696291,FALSE
average,threshold,2,rel_1_30,removed,cv,alpha,centro_temporal,40,0.3046067113523699,0.06135176689448284,0.1812581076639432,FALSE
average,threshold,2,rel_1_30,removed,cv,alpha,frontal,40,0.3469382971418855,0.0342417240830317,0.12349890838110134,FALSE
average,threshold,2,rel_1_30,removed,cv,alpha,parieto_occipital,40,0.27842833398168537,0.08608913148508321,0.2262996660418299,FALSE
average,threshold,2,rel_1_30,removed,cv,beta,centro_temporal,40,6.126197691123166e-5,0.9996928309750586,0.999986259329419,FALSE
average,threshold,2,rel_1_30,removed,cv,beta,frontal,40,0.1171088377233517,0.46333501737401883,0.6379060012571478,FALSE
average,threshold,2,rel_1_30,removed,cv,beta,parieto_occipital,40,0.07686522011574413,0.6295895978081663,0.7648602279467361,FALSE
average,threshold,2,rel_1_30,removed,cv,theta,centro_temporal,40,-0.14393084417285057,0.36825706756756116,0.5538814059588969,FALSE
average,threshold,2,rel_1_30,removed,cv,theta,frontal,40,0.06784473969827043,0.6702204134653829,0.7954264247721027,FALSE
average,threshold,2,rel_1_30,removed,cv,theta,parieto_occipital,40,-0.10209167709105968,0.5222648422191927,0.6846141964087057,FALSE
average,threshold,2,rel_1_30,removed,mean,alpha,centro_temporal,40,-0.2502422019125624,0.12157341076784346,0.278887234482554,FALSE
average,threshold,2,rel_1_30,removed,mean,alpha,frontal,40,-0.22463015296227457,0.16335437367999497,0.3328730633479143,FALSE
average,threshold,2,rel_1_30,removed,mean,alpha,parieto_occipital,40,-0.16119498021818138,0.31425488850977007,0.5040523954315124,FALSE
average,threshold,2,rel_1_30,removed,mean,beta,centro_temporal,40,-0.002347896878530615,0.9882280320298309,0.9923116189390452,FALSE
average,threshold,2,rel_1_30,removed,mean,beta,frontal,40,0.051572437364838006,0.7460375336302234,0.8383219453047135,FALSE
average,threshold,2,rel_1_30,removed,mean,beta,parieto_occipital,40,-0.01804202625320429,0.9097377691735167,0.9407075655709131,FALSE
average,threshold,2,rel_1_30,removed,mean,theta,centro_temporal,40,0.5593640341129356,0.0010601191438370317,0.01908214458906657,TRUE
average,threshold,2,rel_1_30,removed,mean,theta,frontal,40,0.2247647329526745,0.16310854099769878,0.3327208853090519,FALSE
average,threshold,2,rel_1_30,removed,mean,theta,parieto_occipital,40,0.24671463557937712,0.12675373681321608,0.28618962179429974,FALSE
average,threshold,2,rel_1_30,removed,sd,alpha,centro_temporal,40,0.12519812114620155,0.4332541078884894,0.611513162047298,FALSE
average,threshold,2,rel_1_30,removed,sd,alpha,frontal,40,0.18381395427131603,0.2520802059296649,0.4338780134109489,FALSE
average,threshold,2,rel_1_30,removed,sd,alpha,parieto_occipital,40,0.1999836887638155,0.21344609583116814,0.39044934145051247,FALSE
average,threshold,2,rel_1_30,removed,sd,beta,centro_temporal,40,0.12954209325688348,0.41759623439374094,0.5960404402800531,FALSE
average,threshold,2,rel_1_30,removed,sd,beta,frontal,40,0.3098754654831444,0.05719019305527495,0.17344420483534245,FALSE
average,threshold,2,rel_1_30,removed,sd,beta,parieto_occipital,40,0.23209937884347617,0.15014392739007054,0.3165724456033591,FALSE
average,threshold,2,rel_1_30,removed,sd,theta,centro_temporal,40,0.5105064969456482,0.002523745298278908,0.028690999180433902,TRUE
average,threshold,2,rel_1_30,removed,sd,theta,frontal,40,0.49196431296156967,0.003475430886099594,0.03412241233625056,TRUE
average,threshold,2,rel_1_30,removed,sd,theta,parieto_occipital,40,0.5132686421442137,0.0024051783376392143,0.02851016273396727,TRUE
average,threshold,2,rel_1_30,retained,cv,alpha,centro_temporal,40,0.2793222992697703,0.08512326157763656,0.22544907426011643,FALSE
average,threshold,2,rel_1_30,retained,cv,alpha,frontal,40,0.36998105232518685,0.024496951386539696,0.10219329076273212,FALSE
average,threshold,2,rel_1_30,retained,cv,alpha,parieto_occipital,40,0.3549821929105567,0.03050503105862262,0.11766226265468725,FALSE
average,threshold,2,rel_1_30,retained,cv,beta,centro_temporal,40,0.3314941523882816,0.04256926981133806,0.14442349129710505,FALSE
average,threshold,2,rel_1_30,retained,cv,beta,frontal,40,0.39588312810127635,0.016580923365111883,0.07885939401387991,FALSE
average,threshold,2,rel_1_30,retained,cv,beta,parieto_occipital,40,0.25808725976228497,0.11066853153208704,0.26365150159114853,FALSE
average,threshold,2,rel_1_30,retained,cv,theta,centro_temporal,40,0.469147824451869,0.00511320043165203,0.04284509327211873,TRUE
average,threshold,2,rel_1_30,retained,cv,theta,frontal,40,0.5579786619507219,0.0010870045756141626,0.019207296976613105,TRUE
average,threshold,2,rel_1_30,retained,cv,theta,parieto_occipital,40,0.45369044134149616,0.006608440710810955,0.04740519830928597,TRUE
average,threshold,2,rel_1_30,retained,mean,alpha,centro_temporal,40,-0.40034887271309055,0.01547980969581612,0.07485758718573765,FALSE
average,threshold,2,rel_1_30,retained,mean,alpha,frontal,40,-0.38702207145960077,0.01897980458246116,0.08613189829726958,FALSE
average,threshold,2,rel_1_30,retained,mean,alpha,parieto_occipital,40,-0.250046519712136,0.12185620044358726,0.278887234482554,FALSE
average,threshold,2,rel_1_30,retained,mean,beta,centro_temporal,40,-0.12974141684564766,0.41688617581617116,0.5960404402800531,FALSE
average,threshold,2,rel_1_30,retained,mean,beta,frontal,40,-0.15407755829318082,0.3358280126233105,0.5239563856659034,FALSE
average,threshold,2,rel_1_30,retained,mean,beta,parieto_occipital,40,-0.24499123259907624,0.12934874708702984,0.29002764052731955,FALSE
average,threshold,2,rel_1_30,retained,mean,theta,centro_temporal,40,0.3324635315789841,0.041998449887521716,0.14298596599184277,FALSE
average,threshold,2,rel_1_30,retained,mean,theta,frontal,40,0.06440627045889774,0.6859848316074173,0.8064967698407793,FALSE
average,threshold,2,rel_1_30,retained,mean,theta,parieto_occipital,40,0.0659059744887607,0.6790911243024752,0.800578014338394,FALSE
average,threshold,2,rel_1_30,retained,sd,alpha,centro_temporal,40,-0.16581551301788158,0.30076759940311726,0.488464672714837,FALSE
average,threshold,2,rel_1_30,retained,sd,alpha,frontal,40,-0.21430952129868616,0.1830844177259425,0.35403239271600784,FALSE
average,threshold,2,rel_1_30,retained,sd,alpha,parieto_occipital,40,-0.06701153580598826,0.6740269323919773,0.7970245477919733,FALSE
average,threshold,2,rel_1_30,retained,sd,beta,centro_temporal,40,0.08458031450088307,0.5957333213406434,0.7423159510925167,FALSE
average,threshold,2,rel_1_30,retained,sd,beta,frontal,40,0.13447498941783087,0.40024177266701055,0.5858960889041178,FALSE
average,threshold,2,rel_1_30,retained,sd,beta,parieto_occipital,40,-0.09846231426969841,0.5370862618162697,0.6965281474121603,FALSE
average,threshold,2,rel_1_30,retained,sd,theta,centro_temporal,40,0.5846714692020888,6.680723296909466e-4,0.015279207163755295,TRUE
average,threshold,2,rel_1_30,retained,sd,theta,frontal,40,0.578995243714454,7.4147510861774e-4,0.015761889586080168,TRUE
average,threshold,2,rel_1_30,retained,sd,theta,parieto_occipital,40,0.43536264624547777,0.008907877832183317,0.05522891704924796,FALSE
average,threshold,2,rel_4_30,removed,cv,alpha,centro_temporal,40,0.2988902064006602,0.06615902960600438,0.19299201104081878,FALSE
average,threshold,2,rel_4_30,removed,cv,alpha,frontal,40,0.3339074225030535,0.04116068776166983,0.14112235804001086,FALSE
average,threshold,2,rel_4_30,removed,cv,alpha,parieto_occipital,40,0.2826493727555598,0.08160820573716067,0.22166403391607575,FALSE
average,threshold,2,rel_4_30,removed,cv,beta,centro_temporal,40,0.035993091611511395,0.8211151094878377,0.8810222418003213,FALSE
average,threshold,2,rel_4_30,removed,cv,beta,frontal,40,0.22624545102621196,0.16042286281572832,0.329805552481018,FALSE
average,threshold,2,rel_4_30,removed,cv,beta,parieto_occipital,40,0.11493516242519033,0.4716197831013502,0.6461091320289111,FALSE
average,threshold,2,rel_4_30,removed,cv,theta,centro_temporal,40,-0.19955981073062276,0.2143988476319709,0.39154629040250133,FALSE
average,threshold,2,rel_4_30,removed,cv,theta,frontal,40,0.029012214405425438,0.8553647306018031,0.9037250392049969,FALSE
average,threshold,2,rel_4_30,removed,cv,theta,parieto_occipital,40,-0.1328942717305423,0.4057532878629141,0.5895249563568796,FALSE
average,threshold,2,rel_4_30,removed,mean,alpha,centro_temporal,40,-0.2485399742489483,0.1240513091989559,0.2813227826793463,FALSE
average,threshold,2,rel_4_30,removed,mean,alpha,frontal,40,-0.2234053234385628,0.1656050837777903,0.3359053887809891,FALSE
average,threshold,2,rel_4_30,removed,mean,alpha,parieto_occipital,40,-0.16862680352617687,0.2927602656634172,0.479971189821363,FALSE
average,threshold,2,rel_4_30,removed,mean,beta,centro_temporal,40,0.04848048670562143,0.7607656135705924,0.8459702321653706,FALSE
average,threshold,2,rel_4_30,removed,mean,beta,frontal,40,0.1308448964133775,0.41296860550381964,0.5951156183094332,FALSE
average,threshold,2,rel_4_30,removed,mean,beta,parieto_occipital,40,0.029746687866892413,0.8517466680898245,0.9023408843414817,FALSE
average,threshold,2,rel_4_30,removed,mean,theta,centro_temporal,40,0.579618524631708,7.330498195763733e-4,0.015761889586080168,TRUE
average,threshold,2,rel_4_30,removed,mean,theta,frontal,40,0.2363806103843219,0.14296219938883553,0.30540496221087504,FALSE
average,threshold,2,rel_4_30,removed,mean,theta,parieto_occipital,40,0.2624091617761491,0.10501205587666987,0.254225948473532,FALSE
average,threshold,2,rel_4_30,removed,sd,alpha,centro_temporal,40,0.15467351622122036,0.3339844959485584,0.5229443078969882,FALSE
average,threshold,2,rel_4_30,removed,sd,alpha,frontal,40,0.20918554934573486,0.19353849748908677,0.3664574505148233,FALSE
average,threshold,2,rel_4_30,removed,sd,alpha,parieto_occipital,40,0.2185585172787932,0.17474976351528065,0.3459404687104945,FALSE
average,threshold,2,rel_4_30,removed,sd,beta,centro_temporal,40,0.22169976909250816,0.16877944180445098,0.3389537550287735,FALSE
average,threshold,2,rel_4_30,removed,sd,beta,frontal,40,0.4586406225717741,0.006090044290360052,0.04519861527262791,TRUE
average,threshold,2,rel_4_30,removed,sd,beta,parieto_occipital,40,0.25995792649115335,0.10819024111612884,0.26029929298236937,FALSE
average,threshold,2,rel_4_30,removed,sd,theta,centro_temporal,40,0.4933644020326274,0.0033931105242281027,0.03382670184153555,TRUE
average,threshold,2,rel_4_30,removed,sd,theta,frontal,40,0.48297180010733687,0.004050841144145004,0.03662714039171111,TRUE
average,threshold,2,rel_4_30,removed,sd,theta,parieto_occipital,40,0.4955690515450015,0.0032672114530709587,0.03308051596234346,TRUE
average,threshold,2,rel_4_30,retained,cv,alpha,centro_temporal,40,0.2185815148935029,0.17470546617043733,0.3459404687104945,FALSE
average,threshold,2,rel_4_30,retained,cv,alpha,frontal,40,0.35115778745979886,0.03223374371252313,0.1214387553820639,FALSE
average,threshold,2,rel_4_30,retained,cv,alpha,parieto_occipital,40,0.18316385775115385,0.25373327233874915,0.43497132400928423,FALSE
average,threshold,2,rel_4_30,retained,cv,beta,centro_temporal,40,0.14511863025367644,0.36435933448335833,0.5503609527860517,FALSE
average,threshold,2,rel_4_30,retained,cv,beta,frontal,40,0.12962190798571438,0.4173118182887522,0.5960404402800531,FALSE
average,threshold,2,rel_4_30,retained,cv,beta,parieto_occipital,40,0.13574146539755727,0.3958598275390769,0.5812322543323002,FALSE
average,threshold,2,rel_4_30,retained,cv,theta,centro_temporal,40,0.1373550260111594,0.3903207826100519,0.5761454832148374,FALSE
average,threshold,2,rel_4_30,retained,cv,theta,frontal,40,0.10128549496734633,0.5255381312449877,0.6879771899934385,FALSE
average,threshold,2,rel_4_30,retained,cv,theta,parieto_occipital,40,0.17433978555547097,0.27694936798487546,0.4642913559314229,FALSE
average,threshold,2,rel_4_30,retained,mean,alpha,centro_temporal,40,-0.28532962704571485,0.07886621313567428,0.21771289757669982,FALSE
average,threshold,2,rel_4_30,retained,mean,alpha,frontal,40,-0.274255592028737,0.0907199261892176,0.2329716466470793,FALSE
average,threshold,2,rel_4_30,retained,mean,alpha,parieto_occipital,40,-0.15014356638941292,0.3481676780276164,0.5346271454073351,FALSE
average,threshold,2,rel_4_30,retained,mean,beta,centro_temporal,40,-0.07549267316643697,0.6357013696886724,0.7685344917131711,FALSE
average,threshold,2,rel_4_30,retained,mean,beta,frontal,40,-0.025491786084711865,0.8727491175819773,0.9141612085127454,FALSE
average,threshold,2,rel_4_30,retained,mean,beta,parieto_occipital,40,-0.15947456629656886,0.3193807990338993,0.5097506349112482,FALSE
average,threshold,2,rel_4_30,retained,mean,theta,centro_temporal,40,0.4775010237377585,0.004443662141435231,0.038912068481757156,TRUE
average,threshold,2,rel_4_30,retained,mean,theta,frontal,40,0.2796542933619973,0.08476688927970681,0.22481150444713513,FALSE
average,threshold,2,rel_4_30,retained,mean,theta,parieto_occipital,40,0.3325597749029948,0.04194214569651356,0.14298596599184277,FALSE
average,threshold,2,rel_4_30,retained,sd,alpha,centro_temporal,40,-0.0858705357883514,0.5901565467726704,0.7368428560861087,FALSE
average,threshold,2,rel_4_30,retained,sd,alpha,frontal,40,-0.0444850336515136,0.7799308717694022,0.8585422506906669,FALSE
average,threshold,2,rel_4_30,retained,sd,alpha,parieto_occipital,40,-0.020798525284234003,0.8960232838147996,0.9314808896983798,FALSE
average,threshold,2,rel_4_30,retained,sd,beta,centro_temporal,40,0.1569780492135855,0.3269196404481999,0.5179558117614511,FALSE
average,threshold,2,rel_4_30,retained,sd,beta,frontal,40,0.20163368309416435,0.20976761627880755,0.38660243079688367,FALSE
average,threshold,2,rel_4_30,retained,sd,beta,parieto_occipital,40,0.0641880931023352,0.6869900134186344,0.8069538284506498,FALSE
average,threshold,2,rel_4_30,retained,sd,theta,centro_temporal,40,0.4925708995942106,0.003439536604743846,0.03394141705391897,TRUE
average,threshold,2,rel_4_30,retained,sd,theta,frontal,40,0.46345610001050547,0.005622461967175063,0.04353436744136796,TRUE
average,threshold,2,rel_4_30,retained,sd,theta,parieto_occipital,40,0.4682767337985426,0.005188229902372466,0.04288280567740662,TRUE
average,threshold,4,absolute,removed,cv,alpha,centro_temporal,40,0.41897558380754846,0.011571681671288355,0.06372620161185429,FALSE
average,threshold,4,absolute,removed,cv,alpha,frontal,40,0.43650435760238565,0.008745308791751718,0.054841549326339806,FALSE
average,threshold,4,absolute,removed,cv,alpha,parieto_occipital,40,0.28147083732807926,0.08283908323927791,0.22261021611053583,FALSE
average,threshold,4,absolute,removed,cv,beta,centro_temporal,40,0.0978090603535084,0.5397771390750123,0.699551172241216,FALSE
average,threshold,4,absolute,removed,cv,beta,frontal,40,0.43805018650457717,0.008529582465839236,0.054544435242077215,FALSE
average,threshold,4,absolute,removed,cv,beta,parieto_occipital,40,0.2515623433539935,0.11967951490401747,0.27829781934618414,FALSE
average,threshold,4,absolute,removed,cv,theta,centro_temporal,40,-0.04738974846636415,0.7659830873714212,0.8484735737037281,FALSE
average,threshold,4,absolute,removed,cv,theta,frontal,40,0.15117687411606362,0.3448978721001863,0.5309114945491336,FALSE
average,threshold,4,absolute,removed,cv,theta,parieto_occipital,40,0.10353975931142861,0.5164127365880063,0.6818010013180961,FALSE
average,threshold,4,absolute,removed,mean,alpha,centro_temporal,40,-0.2910652275897597,0.07325932601822259,0.20730149895112768,FALSE
average,threshold,4,absolute,removed,mean,alpha,frontal,40,-0.2908496737432355,0.07346375130064596,0.2075778089076392,FALSE
average,threshold,4,absolute,removed,mean,alpha,parieto_occipital,40,-0.21011402008780758,0.19161113174361527,0.3641173412605944,FALSE
average,threshold,4,absolute,removed,mean,beta,centro_temporal,40,-0.018790810354543948,0.9060093762859169,0.937474885723364,FALSE
average,threshold,4,absolute,removed,mean,beta,frontal,40,0.15920891537890106,0.32017733436535706,0.5097663701934924,FALSE
average,threshold,4,absolute,removed,mean,beta,parieto_occipital,40,-0.22155757880002372,0.16904621239305792,0.3391391505594475,FALSE
average,threshold,4,absolute,removed,mean,theta,centro_temporal,40,0.6673237172958416,1.4084336397667118e-4,0.0070204999889909945,TRUE
average,threshold,4,absolute,removed,mean,theta,frontal,40,0.29238357094863987,0.07201953698210242,0.20468710510702792,FALSE
average,threshold,4,absolute,removed,mean,theta,parieto_occipital,40,0.22016079041661302,0.1716842942353119,0.34239431564049017,FALSE
average,threshold,4,absolute,removed,sd,alpha,centro_temporal,40,-0.004980160157501439,0.975033590609103,0.983635339981368,FALSE
average,threshold,4,absolute,removed,sd,alpha,frontal,40,-0.09892654193881469,0.5351782859556405,0.6947599209546007,FALSE
average,threshold,4,absolute,removed,sd,alpha,parieto_occipital,40,-0.0523850949816242,0.7421822379650561,0.8354384890585229,FALSE
average,threshold,4,absolute,removed,sd,beta,centro_temporal,40,0.13174531201958375,0.40978879715995087,0.5933184273468477,FALSE
average,threshold,4,absolute,removed,sd,beta,frontal,40,0.43244344255442974,0.009336376511823305,0.056018259070939824,FALSE
average,threshold,4,absolute,removed,sd,beta,parieto_occipital,40,0.11778596080173873,0.46077153274759175,0.6355673245880392,FALSE
average,threshold,4,absolute,removed,sd,theta,centro_temporal,40,0.5463249991783012,0.0013405782276630527,0.02136134487358176,TRUE
average,threshold,4,absolute,removed,sd,theta,frontal,40,0.64258617028375975,2.2600202434406783e-4,0.009153081985934747,TRUE
average,threshold,4,absolute,removed,sd,theta,parieto_occipital,40,0.5965323463177535,5.366550959995502e-4,0.01431048740239465,TRUE
average,threshold,4,absolute,retained,cv,alpha,centro_temporal,40,-3.6421317660702003e-4,0.9981738279864889,0.9992018133912123,FALSE
average,threshold,4,absolute,retained,cv,alpha,frontal,40,-0.046617936307916816,0.7696816892021257,0.8516000021678614,FALSE
average,threshold,4,absolute,retained,cv,alpha,parieto_occipital,40,-0.051975120422970554,0.7441263487096278,0.8366579652351165,FALSE
average,threshold,4,absolute,retained,cv,beta,centro_temporal,40,0.31415239583983595,0.05399356055947865,0.16687357985314227,FALSE
average,threshold,4,absolute,retained,cv,beta,frontal,40,0.430738563752076,0.009595384147972412,0.057219100563369235,FALSE
average,threshold,4,absolute,retained,cv,beta,parieto_occipital,40,0.3687553814114157,0.024944656314077492,0.10353343218753949,FALSE
average,threshold,4,absolute,retained,cv,theta,centro_temporal,40,0.405533476873146,0.014285522877521564,0.0713908906784111,FALSE
average,threshold,4,absolute,retained,cv,theta,frontal,40,0.14765816107868376,0.3561160612440305,0.5403375399782447,FALSE
average,threshold,4,absolute,retained,cv,theta,parieto_occipital,40,0.48379512566109373,0.003994636357352445,0.03645808957132936,TRUE
average,threshold,4,absolute,retained,mean,alpha,centro_temporal,40,-0.2159493873925333,0.17983214840955022,0.34959369650816563,FALSE
average,threshold,4,absolute,retained,mean,alpha,frontal,40,-0.08945914476179641,0.5747781568013658,0.7241534263265424,FALSE
average,threshold,4,absolute,retained,mean,alpha,parieto_occipital,40,-0.18770950500438688,0.24233789397573818,0.42457322796381214,FALSE
average,threshold,4,absolute,retained,mean,beta,centro_temporal,40,0.2760496079546642,0.08870406388322422,0.2296607714260814,FALSE
average,threshold,4,absolute,retained,mean,beta,frontal,40,0.3741524193544495,0.02302694912830273,0.09838327275916595,FALSE
average,threshold,4,absolute,retained,mean,beta,parieto_occipital,40,0.035987356066992715,0.8211431140930219,0.8810222418003213,FALSE
average,threshold,4,absolute,retained,mean,theta,centro_temporal,40,0.853727611680552,3.52763532206132e-6,0.00261655774227746,TRUE
average,threshold,4,absolute,retained,mean,theta,frontal,40,0.5058276661226432,0.002737348599813548,0.029887827886372998,TRUE
average,threshold,4,absolute,retained,mean,theta,parieto_occipital,40,0.12888653042781958,0.41993678896719167,0.5989413923347179,FALSE
average,threshold,4,absolute,retained,sd,alpha,centro_temporal,40,-0.22918804807253967,0.1551888518998372,0.3233516914183103,FALSE
average,threshold,4,absolute,retained,sd,alpha,frontal,40,-0.14147399414297995,0.3764044546807168,0.5624367870094646,FALSE
average,threshold,4,absolute,retained,sd,alpha,parieto_occipital,40,-0.21072310421722917,0.19035475318939413,0.36243843310497764,FALSE
average,threshold,4,absolute,retained,sd,beta,centro_temporal,40,0.2941861213975767,0.07035331512695894,0.20170936566246195,FALSE
average,threshold,4,absolute,retained,sd,beta,frontal,40,0.4374247989211136,0.0086162556809857,0.05456026398643714,FALSE
average,threshold,4,absolute,retained,sd,beta,parieto_occipital,40,0.18131764414605434,0.25847053033553513,0.44037397981794946,FALSE
average,threshold,4,absolute,retained,sd,theta,centro_temporal,40,0.5941935770609359,5.604131144257103e-4,0.014402480948471231,TRUE
average,threshold,4,absolute,retained,sd,theta,frontal,40,0.5302774389845125,0.0017839200313837546,0.02425133245461552,TRUE
average,threshold,4,absolute,retained,sd,theta,parieto_occipital,40,0.21551687346567755,0.18068557222133386,0.35055164910007286,FALSE
average,threshold,4,rel_1_30,removed,cv,alpha,centro_temporal,40,0.41651745666393647,0.012029435700074602,0.06477901108295021,FALSE
average,threshold,4,rel_1_30,removed,cv,alpha,frontal,40,0.4793726805544868,0.004305401604459934,0.038044094177591414,TRUE
average,threshold,4,rel_1_30,removed,cv,alpha,parieto_occipital,40,0.30942604735494467,0.05753540389252818,0.17378527539748848,FALSE
average,threshold,4,rel_1_30,removed,cv,beta,centro_temporal,40,-0.04910902448733146,0.757764152901657,0.8441796637483215,FALSE
average,threshold,4,rel_1_30,removed,cv,beta,frontal,40,0.09668858695522885,0.5444088533943459,0.7036774009299258,FALSE
average,threshold,4,rel_1_30,removed,cv,beta,parieto_occipital,40,-0.04849415473434906,0.7607003045446568,0.8459702321653706,FALSE
average,threshold,4,rel_1_30,removed,cv,theta,centro_temporal,40,-0.18259436899934253,0.25518779877332876,0.4363105372166676,FALSE
average,threshold,4,rel_1_30,removed,cv,theta,frontal,40,0.04838129579933998,0.7612396238717928,0.8459702321653706,FALSE
average,threshold,4,rel_1_30,removed,cv,theta,parieto_occipital,40,-0.0014036041823593506,0.9929623895094031,0.9950097346424122,FALSE
average,threshold,4,rel_1_30,removed,mean,alpha,centro_temporal,40,-0.2900868158231705,0.07419112092105923,0.20902541894281035,FALSE
average,threshold,4,rel_1_30,removed,mean,alpha,frontal,40,-0.27603364786629175,0.088721830936721785,0.2296607714260814,FALSE
average,threshold,4,rel_1_30,removed,mean,alpha,parieto_occipital,40,-0.22325703877443948,0.16587920433629091,0.3359053887809891,FALSE
average,threshold,4,rel_1_30,removed,mean,beta,centro_temporal,40,0.012058009725236856,0.9396008973393095,0.9583337588812266,FALSE
average,threshold,4,rel_1_30,removed,mean,beta,frontal,40,0.10957855386314927,0.4923939287394109,0.6621425983782622,FALSE
average,threshold,4,rel_1_30,removed,mean,beta,parieto_occipital,40,-0.01565699243461352,0.9216268411561233,0.9444610327925691,FALSE
average,threshold,4,rel_1_30,removed,mean,theta,centro_temporal,40,0.626022996417813,3.0921818030049046e-4,0.010581627367668742,TRUE
average,threshold,4,rel_1_30,removed,mean,theta,frontal,40,0.277227486909181,0.08740102548227743,0.22775816828089454,FALSE
average,threshold,4,rel_1_30,removed,mean,theta,parieto_occipital,40,0.38946451713565566,0.01828890559907609,0.08425031394455905,FALSE
average,threshold,4,rel_1_30,removed,sd,alpha,centro_temporal,40,0.1707525803197058,0.2868050151041117,0.4749852872043643,FALSE
average,threshold,4,rel_1_30,removed,sd,alpha,frontal,40,0.16205300263274594,0.31171955797632656,0.5016414078691878,FALSE
average,threshold,4,rel_1_30,removed,sd,alpha,parieto_occipital,40,0.20104146554902236,0.21108237694766738,0.3870108181216412,FALSE
average,threshold,4,rel_1_30,removed,sd,beta,centro_temporal,40,0.08352094814671128,0.6003308454234597,0.7452382908705018,FALSE
average,threshold,4,rel_1_30,removed,sd,beta,frontal,40,0.25631253482753663,0.11306257737819225,0.2680410371014704,FALSE
average,threshold,4,rel_1_30,removed,sd,beta,parieto_occipital,40,0.062486796220840655,0.694847796490913,0.811269633558262,FALSE
average,threshold,4,rel_1_30,removed,sd,theta,centro_temporal,40,0.4629850133043653,0.00566667562361744,0.04354157079965337,TRUE
average,threshold,4,rel_1_30,removed,sd,theta,frontal,40,0.4680728758310518,0.005205937314746894,0.04288280567740662,TRUE
average,threshold,4,rel_1_30,removed,sd,theta,parieto_occipital,40,0.5885819088772298,6.216389625262708e-4,0.0149193351006305,TRUE
average,threshold,4,rel_1_30,retained,cv,alpha,centro_temporal,40,0.3059940783049454,0.0602314152846208,0.17903650047905634,FALSE
average,threshold,4,rel_1_30,retained,cv,alpha,frontal,40,0.3531733787276378,0.031312075584943186,0.11934152283725652,FALSE
average,threshold,4,rel_1_30,retained,cv,alpha,parieto_occipital,40,0.2701472532598194,0.0954807598674582,0.2376627364690637,FALSE
average,threshold,4,rel_1_30,retained,cv,beta,centro_temporal,40,0.3081456562905815,0.058528791353491885,0.17585775949179014,FALSE
average,threshold,4,rel_1_30,retained,cv,beta,frontal,40,0.39458931153496146,0.01691303114817449,0.07961000617930074,FALSE
average,threshold,4,rel_1_30,retained,cv,beta,parieto_occipital,40,0.16820064624063574,0.29396442916115456,0.4812304915041633,FALSE
average,threshold,4,rel_1_30,retained,cv,theta,centro_temporal,40,0.4334042509071615,0.009193278200237721,0.055793420168388286,FALSE
average,threshold,4,rel_1_30,retained,cv,theta,frontal,40,0.6019300387693326,4.8548394831733805e-4,0.013677982543897177,TRUE
average,threshold,4,rel_1_30,retained,cv,theta,parieto_occipital,40,0.3942083123410855,0.01701197857451746,0.07978363085045274,FALSE
average,threshold,4,rel_1_30,retained,mean,alpha,centro_temporal,40,-0.5051975844012347,0.0027673914709604626,0.029887827886372998,TRUE
average,threshold,4,rel_1_30,retained,mean,alpha,frontal,40,-0.4639709704043999,0.005574508749883184,0.04352146590270245,TRUE
average,threshold,4,rel_1_30,retained,mean,alpha,parieto_occipital,40,-0.3127456407442202,0.0550274658663827,0.1683557724491972,FALSE
average,threshold,4,rel_1_30,retained,mean,beta,centro_temporal,40,-0.15811765207401013,0.32346355560327533,0.5139262461702496,FALSE
average,threshold,4,rel_1_30,retained,mean,beta,frontal,40,-0.2060879604693682,0.2000756403905861,0.37506947436769467,FALSE
average,threshold,4,rel_1_30,retained,mean,beta,parieto_occipital,40,-0.2552335064233291,0.11453876124295351,0.27055085280231056,FALSE
average,threshold,4,rel_1_30,retained,mean,theta,centro_temporal,40,0.331350111421631,0.042654667470854855,0.14446110376888824,FALSE
average,threshold,4,rel_1_30,retained,mean,theta,frontal,40,0.05766177887149728,0.7173165853530146,0.8202726128978002,FALSE
average,threshold,4,rel_1_30,retained,mean,theta,parieto_occipital,40,0.08177542360098766,0.6079423542655713,0.7508512939595112,FALSE
average,threshold,4,rel_1_30,retained,sd,alpha,centro_temporal,40,-0.17035929911640355,0.287900319731384,0.4758455761230846,FALSE
average,threshold,4,rel_1_30,retained,sd,alpha,frontal,40,-0.2163472674845987,0.179049814219754,0.3494707217301223,FALSE
average,threshold,4,rel_1_30,retained,sd,alpha,parieto_occipital,40,-0.14388758947971222,0.3683995153831552,0.5538814059588969,FALSE
average,threshold,4,rel_1_30,retained,sd,beta,centro_temporal,40,0.03439910134405286,0.8289069784430096,0.8857943332847311,FALSE
average,threshold,4,rel_1_30,retained,sd,beta,frontal,40,0.07774014299764247,0.6257073517197652,0.7640115605242953,FALSE
average,threshold,4,rel_1_30,retained,sd,beta,parieto_occipital,40,-0.14741823007939964,0.3568896097387172,0.5403375399782447,FALSE
average,threshold,4,rel_1_30,retained,sd,theta,centro_temporal,40,0.5408101540874476,0.0014794791092141762,0.022295406110948518,TRUE
average,threshold,4,rel_1_30,retained,sd,theta,frontal,40,0.613935463570882,3.880463321454756e-4,0.01214533834623094,TRUE
average,threshold,4,rel_1_30,retained,sd,theta,parieto_occipital,40,0.3955778430407822,0.01665874596062586,0.07885939401387991,FALSE
average,threshold,4,rel_4_30,removed,cv,alpha,centro_temporal,40,0.40081853705216514,0.015367975569440109,0.07468836126747894,FALSE
average,threshold,4,rel_4_30,removed,cv,alpha,frontal,40,0.4746666105205245,0.0046610191515449985,0.0395677782995785,TRUE
average,threshold,4,rel_4_30,removed,cv,alpha,parieto_occipital,40,0.31773822467272755,0.05143399064415684,0.16258158993860308,FALSE
average,threshold,4,rel_4_30,removed,cv,beta,centro_temporal,40,0.02029246919175016,0.898538789078184,0.9330979732734989,FALSE
average,threshold,4,rel_4_30,removed,cv,beta,frontal,40,0.20670451608082474,0.19876128052047662,0.3733255355862865,FALSE
average,threshold,4,rel_4_30,removed,cv,beta,parieto_occipital,40,-0.010020848267140612,0.9497897010317261,0.9657926919992258,FALSE
average,threshold,4,rel_4_30,removed,cv,theta,centro_temporal,40,-0.2501514674444576,0.12170446912095306,0.278887234482554,FALSE
average,threshold,4,rel_4_30,removed,cv,theta,frontal,40,0.004253299195226764,0.9786764926931424,0.9862867298058418,FALSE
average,threshold,4,rel_4_30,removed,cv,theta,parieto_occipital,40,-0.0424960964425558,0.7895242403388107,0.8613771372142279,FALSE
average,threshold,4,rel_4_30,removed,mean,alpha,centro_temporal,40,-0.28399172432531994,0.08022504867581645,0.21934950017691587,FALSE
average,threshold,4,rel_4_30,removed,mean,alpha,frontal,40,-0.28057436625707577,0.08378580138086039,0.2231464212424277,FALSE
average,threshold,4,rel_4_30,removed,mean,alpha,parieto_occipital,40,-0.23141676827639876,0.15131498339563274,0.3176634208651296,FALSE
average,threshold,4,rel_4_30,removed,mean,beta,centro_temporal,40,0.06212857553751973,0.6965066967123144,0.811269633558262,FALSE
average,threshold,4,rel_4_30,removed,mean,beta,frontal,40,0.17028700624166043,0.2881019769016824,0.4758455761230846,FALSE
average,threshold,4,rel_4_30,removed,mean,beta,parieto_occipital,40,0.04070905879109217,0.798172183347924,0.8663577467495054,FALSE
average,threshold,4,rel_4_30,removed,mean,theta,centro_temporal,40,0.6554855566414265,1.7672942426933528e-4,0.007808227290445177,TRUE
average,threshold,4,rel_4_30,removed,mean,theta,frontal,40,0.2952064456443093,0.0694248004213697,0.19994342521354472,FALSE
average,threshold,4,rel_4_30,removed,mean,theta,parieto_occipital,40,0.41571230179006047,0.01218295949285448,0.0651541949392357,FALSE
average,threshold,4,rel_4_30,removed,sd,alpha,centro_temporal,40,0.1939706622237849,0.22726080454870176,0.4073096031033163,FALSE
average,threshold,4,rel_4_30,removed,sd,alpha,frontal,40,0.18036013107028734,0.2609523785501809,0.44274541701766496,FALSE
average,threshold,4,rel_4_30,removed,sd,alpha,parieto_occipital,40,0.22833267914576677,0.15669623054540813,0.3257940878933405,FALSE
average,threshold,4,rel_4_30,removed,sd,beta,centro_temporal,40,0.21182399536794755,0.1880999104456063,0.3599077026636404,FALSE
average,threshold,4,rel_4_30,removed,sd,beta,frontal,40,0.3764072839561856,0.022265897613771936,0.09705135641518531,FALSE
average,threshold,4,rel_4_30,removed,sd,beta,parieto_occipital,40,0.12734177905258043,0.42548358934792474,0.6050768819988045,FALSE
average,threshold,4,rel_4_30,removed,sd,theta,centro_temporal,40,0.4368401438393684,0.008698022489286191,0.054841549326339806,FALSE
average,threshold,4,rel_4_30,removed,sd,theta,frontal,40,0.44761111182866137,0.00730144400786004,0.050333358692481976,FALSE
average,threshold,4,rel_4_30,removed,sd,theta,parieto_occipital,40,0.5701773585431024,8.711492586671645e-4,0.016935141588489678,TRUE
average,threshold,4,rel_4_30,retained,cv,alpha,centro_temporal,40,0.24535004661916082,0.12880495914078618,0.2894761162655357,FALSE
average,threshold,4,rel_4_30,retained,cv,alpha,frontal,40,0.321449932126454,0.048896327415124154,0.1573749345943731,FALSE
average,threshold,4,rel_4_30,retained,cv,alpha,parieto_occipital,40,0.12486113819730635,0.4344833459556674,0.6116062038361716,FALSE
average,threshold,4,rel_4_30,retained,cv,beta,centro_temporal,40,0.023685685442137342,0.8816933172772183,0.91953423218182,FALSE
average,threshold,4,rel_4_30,retained,cv,beta,frontal,40,0.08409094926848615,0.5978550359321138,0.7435893729059688,FALSE
average,threshold,4,rel_4_30,retained,cv,beta,parieto_occipital,40,-0.015801757974478935,0.9209046573020181,0.9444610327925691,FALSE
average,threshold,4,rel_4_30,retained,cv,theta,centro_temporal,40,0.1095175522156954,0.4926334093837049,0.6621425983782622,FALSE
average,threshold,4,rel_4_30,retained,cv,theta,frontal,40,0.11339736843808536,0.4775318438817193,0.6509810520538981,FALSE
average,threshold,4,rel_4_30,retained,cv,theta,parieto_occipital,40,0.24215627769924586,0.13371054683577052,0.29504347678630866,FALSE
average,threshold,4,rel_4_30,retained,mean,alpha,centro_temporal,40,-0.33736195810946595,0.039215746106692144,0.1356651399804758,FALSE
average,threshold,4,rel_4_30,retained,mean,alpha,frontal,40,-0.3278375622723666,0.044784229997063475,0.1480621481535568,FALSE
average,threshold,4,rel_4_30,retained,mean,alpha,parieto_occipital,40,-0.19612831033975783,0.22222936207317703,0.4014998883552567,FALSE
average,threshold,4,rel_4_30,retained,mean,beta,centro_temporal,40,-0.0714045696446035,0.6540571156576678,0.7827770302962441,FALSE
average,threshold,4,rel_4_30,retained,mean,beta,frontal,40,-0.054244120260503126,0.7333882863476497,0.828899318988274,FALSE
average,threshold,4,rel_4_30,retained,mean,beta,parieto_occipital,40,-0.14908148856250894,0.3515497892849172,0.5372742062656282,FALSE
average,threshold,4,rel_4_30,retained,mean,theta,centro_temporal,40,0.5505464673543237,0.0012427859575901894,0.02064936667996007,TRUE
average,threshold,4,rel_4_30,retained,mean,theta,frontal,40,0.36434515603354006,0.02661708797857204,0.10779920631321675,FALSE
average,threshold,4,rel_4_30,retained,mean,theta,parieto_occipital,40,0.370957339611482,0.024145527898992568,0.10137992707481976,FALSE
average,threshold,4,rel_4_30,retained,sd,alpha,centro_temporal,40,-0.06226851681128599,0.6958584563439398,0.811269633558262,FALSE
average,threshold,4,rel_4_30,retained,sd,alpha,frontal,40,-0.070968270843053,0.6560292787813391,0.7833666572180118,FALSE
average,threshold,4,rel_4_30,retained,sd,alpha,parieto_occipital,40,-0.0872546519290366,0.5842018413282111,0.7312867865692481,FALSE
average,threshold,4,rel_4_30,retained,sd,beta,centro_temporal,40,0.06756259714816058,0.6715084124143673,0.7954980827139123,FALSE
average,threshold,4,rel_4_30,retained,sd,beta,frontal,40,0.12694026089584218,0.4269325818668961,0.6062505033960891,FALSE
average,threshold,4,rel_4_30,retained,sd,beta,parieto_occipital,40,-0.07765943392566757,0.6260650287629642,0.7640115605242953,FALSE
average,threshold,4,rel_4_30,retained,sd,theta,centro_temporal,40,0.45276393089643596,0.0067099343562496494,0.04767308242595365,TRUE
average,threshold,4,rel_4_30,retained,sd,theta,frontal,40,0.5514508097875092,0.0012227446895294888,0.02064936667996007,TRUE
average,threshold,4,rel_4_30,retained,sd,theta,parieto_occipital,40,0.4815229150421679,0.004151564256172915,0.037021288596330956,TRUE
cz,ica,2,absolute,removed,cv,alpha,centro_temporal,40,0.2730688937739062,0.0920742937091536,0.23485157632824885,FALSE
cz,ica,2,absolute,removed,cv,alpha,frontal,40,0.27833801611315856,0.08618722346725509,0.2262996660418299,FALSE
cz,ica,2,absolute,removed,cv,alpha,parieto_occipital,40,0.37667201991155785,0.02217805142952946,0.09705135641518531,FALSE
cz,ica,2,absolute,removed,cv,beta,centro_temporal,40,0.28939574322694495,0.07485531347280565,0.21006972957889175,FALSE
cz,ica,2,absolute,removed,cv,beta,frontal,40,0.13742867909583178,0.39006911863433424,0.5761454832148374,FALSE
cz,ica,2,absolute,removed,cv,beta,parieto_occipital,40,0.2265188838781259,0.15993073771663965,0.3295490029506818,FALSE
cz,ica,2,absolute,removed,cv,theta,centro_temporal,40,-0.0065581463492307545,0.96712696318412394,0.9776884120800504,FALSE
cz,ica,2,absolute,removed,cv,theta,frontal,40,0.10921295272888737,0.4938301779162778,0.662987476429036,FALSE
cz,ica,2,absolute,removed,cv,theta,parieto_occipital,40,0.14754538815339557,0.3564795094387224,0.5403375399782447,FALSE
cz,ica,2,absolute,removed,mean,alpha,centro_temporal,40,-0.22050431017682165,0.17103254645114485,0.3420650929022897,FALSE
cz,ica,2,absolute,removed,mean,alpha,frontal,40,-0.2717324608864169,0.09361970846835456,0.23605280578791343,FALSE
cz,ica,2,absolute,removed,mean,alpha,parieto_occipital,40,-0.18320500011526097,0.25362842364470006,0.43497132400928423,FALSE
cz,ica,2,absolute,removed,mean,beta,centro_temporal,40,0.14742633525004106,0.3568634603654133,0.5403375399782447,FALSE
cz,ica,2,absolute,removed,mean,beta,frontal,40,0.1586428876111959,0.32187902520683404,0.5120563216056345,FALSE
cz,ica,2,absolute,removed,mean,beta,parieto_occipital,40,0.016395948790227835,0.9179411668325854,0.9444610327925691,FALSE
cz,ica,2,absolute,removed,mean,theta,centro_temporal,40,0.5287528792052846,0.0018326601635299128,0.024570285226911383,TRUE
cz,ica,2,absolute,removed,mean,theta,frontal,40,0.27187970803699835,0.09344838312695185,0.2360245692570716,FALSE
cz,ica,2,absolute,removed,mean,theta,parieto_occipital,40,0.09134212442211213,0.5667884617032224,0.718728061196,FALSE
cz,ica,2,absolute,removed,sd,alpha,centro_temporal,40,-0.024672670124225658,0.8768035360293991,0.9173875533052486,FALSE
cz,ica,2,absolute,removed,sd,alpha,frontal,40,-0.07491993108215997,0.6382593898291985,0.7701901016933346,FALSE
cz,ica,2,absolute,removed,sd,alpha,parieto_occipital,40,0.06772810249098908,0.6707527480180554,0.7954980827139123,FALSE
cz,ica,2,absolute,removed,sd,beta,centro_temporal,40,0.48524404657017234,0.0038975063286738067,0.03590877868692834,TRUE
cz,ica,2,absolute,removed,sd,beta,frontal,40,0.2506090544732129,0.12104469126851208,0.278887234482554,FALSE
cz,ica,2,absolute,removed,sd,beta,parieto_occipital,40,0.20879287998854631,0.1943580563615414,0.3671837333011045,FALSE
cz,ica,2,absolute,removed,sd,theta,centro_temporal,40,0.5238413553098921,0.0019984671245946812,0.02623875121435583,TRUE
cz,ica,2,absolute,removed,sd,theta,frontal,40,0.519435837820561,0.0021592702568021677,0.02708142825305428,TRUE
cz,ica,2,absolute,removed,sd,theta,parieto_occipital,40,0.42943853663841197,0.009797339736484561,0.057787189961617864,FALSE
cz,ica,2,absolute,retained,cv,alpha,centro_temporal,40,0.09350594173180904,0.5576759698931599,0.7143528766566654,FALSE
cz,ica,2,absolute,retained,cv,alpha,frontal,40,0.05834943764571633,0.7140982123904531,0.8190011356265728,FALSE
cz,ica,2,absolute,retained,cv,alpha,parieto_occipital,40,0.27807183239171873,0.08647686458574302,0.2262996660418299,FALSE
cz,ica,2,absolute,retained,cv,beta,centro_temporal,40,0.46449865412606,0.005525759975799226,0.04352146590270245,TRUE
cz,ica,2,absolute,retained,cv,beta,frontal,40,0.5755831414173449,7.892790079187457e-4,0.016151140962042544,TRUE
cz,ica,2,absolute,retained,cv,beta,parieto_occipital,40,0.7083742930116325,6.356425787522827e-5,0.005610243361753921,TRUE
cz,ica,2,absolute,retained,cv,theta,centro_temporal,40,0.43461988707307236,0.009015140112921878,0.05546022904911434,FALSE
cz,ica,2,absolute,retained,cv,theta,frontal,40,0.4100247958285693,0.013319816970094834,0.06814804525137194,FALSE
cz,ica,2,absolute,retained,cv,theta,parieto_occipital,40,0.512149723237643,0.0024525564152787973,0.02854951898983223,TRUE
cz,ica,2,absolute,retained,mean,alpha,centro_temporal,40,-0.0176898757184342,0.9114919388230358,0.9420203769654342,FALSE
cz,ica,2,absolute,retained,mean,alpha,frontal,40,0.24159821230796003,0.134582947192984,0.29596068930221825,FALSE
cz,ica,2,absolute,retained,mean,alpha,parieto_occipital,40,-0.09091553897353663,0.5685936581594826,0.7197947585478287,FALSE
cz,ica,2,absolute,retained,mean,beta,centro_temporal,40,0.2693572530309375,0.09641965793572628,0.23908139671817843,FALSE
cz,ica,2,absolute,retained,mean,beta,frontal,40,0.43554370767528716,0.008881910706499374,0.05522891704924796,FALSE
cz,ica,2,absolute,retained,mean,beta,parieto_occipital,40,0.23417477995918057,0.1466275243917455,0.31186423131023333,FALSE
cz,ica,2,absolute,retained,mean,theta,centro_temporal,40,0.6866621826369846,9.697158634442487e-5,0.006081056898501998,TRUE
cz,ica,2,absolute,retained,mean,theta,frontal,40,0.5062811903421677,0.002715915922037682,0.029887827886372998,TRUE
cz,ica,2,absolute,retained,mean,theta,parieto_occipital,40,0.22013908279493827,0.17172554410981375,0.34239431564049017,FALSE
cz,ica,2,absolute,retained,sd,alpha,centro_temporal,40,0.015686626999184355,0.9214789993549779,0.9444610327925691,FALSE
cz,ica,2,absolute,retained,sd,alpha,frontal,40,0.12596099514353062,0.4304790472726766,0.6095056576096747,FALSE
cz,ica,2,absolute,retained,sd,alpha,parieto_occipital,40,-0.029356742070332745,0.8536671672468722,0.9033908400260858,FALSE
cz,ica,2,absolute,retained,sd,beta,centro_temporal,40,0.3748818680801176,0.022778219001086168,0.09838327275916595,FALSE
cz,ica,2,absolute,retained,sd,beta,frontal,40,0.5359149112723132,0.0016142199086781749,0.02324476668496572,TRUE
cz,ica,2,absolute,retained,sd,beta,parieto_occipital,40,0.4246069771166159,0.010582874671084836,0.059459850753147164,FALSE
cz,ica,2,absolute,retained,sd,theta,centro_temporal,40,0.4957761033293407,0.003255617250367958,0.03308051596234346,TRUE
cz,ica,2,absolute,retained,sd,theta,frontal,40,0.6400106765042528,2.3733286444728278e-4,0.009415818132357505,TRUE
cz,ica,2,absolute,retained,sd,theta,parieto_occipital,40,0.4405814246453736,0.008186979954908576,0.053243156856364555,FALSE
cz,ica,2,rel_1_30,removed,cv,alpha,centro_temporal,40,0.27905489841210057,0.08541121178557987,0.22590393974308473,FALSE
cz,ica,2,rel_1_30,removed,cv,alpha,frontal,40,0.26639519914174714,0.10000854701572882,0.2445730657822278,FALSE
cz,ica,2,rel_1_30,removed,cv,alpha,parieto_occipital,40,0.34278181785435163,0.03632749545418474,0.1286350658705558,FALSE
cz,ica,2,rel_1_30,removed,cv,beta,centro_temporal,40,0.034227125768090685,0.82974870417258,0.8857943332847311,FALSE
cz,ica,2,rel_1_30,removed,cv,beta,frontal,40,-0.09994791763257738,0.5309929629035117,0.6917651851395669,FALSE
cz,ica,2,rel_1_30,removed,cv,beta,parieto_occipital,40,0.06092954948041825,0.7020702600878055,0.8132862200963591,FALSE
cz,ica,2,rel_1_30,removed,cv,theta,centro_temporal,40,-0.07343252469922332,0.6449234123038347,0.7742399294940402,FALSE
cz,ica,2,rel_1_30,removed,cv,theta,frontal,40,0.05900338191360715,0.7110425223798646,0.8169424725215467,FALSE
cz,ica,2,rel_1_30,removed,cv,theta,parieto_occipital,40,0.09168079517697982,0.5653573323800825,0.7184504620745619,FALSE
cz,ica,2,rel_1_30,removed,mean,alpha,centro_temporal,40,-0.22394941454429124,0.16460230347924407,0.3347307488041491,FALSE
cz,ica,2,rel_1_30,removed,mean,alpha,frontal,40,-0.23949507011470053,0.13791183992436945,0.30017917337196254,FALSE
cz,ica,2,rel_1_30,removed,mean,alpha,parieto_occipital,40,-0.2168552173843265,0.17805487861512637,0.3489301250280299,FALSE
cz,ica,2,rel_1_30,removed,mean,beta,centro_temporal,40,0.08195197235612225,0.6071704688622439,0.7508512939595112,FALSE
cz,ica,2,rel_1_30,removed,mean,beta,frontal,40,0.16139967248998963,0.31364877687349596,0.5034956418183948,FALSE
cz,ica,2,rel_1_30,removed,mean,beta,parieto_occipital,40,0.1560473219664037,0.32976068508430467,0.5186527279966734,FALSE
cz,ica,2,rel_1_30,removed,mean,theta,centro_temporal,40,0.4034187661199096,0.014762078193028313,0.0730215776265828,FALSE
cz,ica,2,rel_1_30,removed,mean,theta,frontal,40,0.2526884723839187,0.11808298870694311,0.27657027716421373,FALSE
cz,ica,2,rel_1_30,removed,mean,theta,parieto_occipital,40,0.13004720269158956,0.4157983012344001,0.5960404402800531,FALSE
cz,ica,2,rel_1_30,removed,sd,alpha,centro_temporal,40,0.10214994497329719,0.5220286833895105,0.6846141964087057,FALSE
cz,ica,2,rel_1_30,removed,sd,alpha,frontal,40,0.04426584723337423,0.7809864126977552,0.8587316664504729,FALSE
cz,ica,2,rel_1_30,removed,sd,alpha,parieto_occipital,40,0.15422963654262611,0.3353569332871962,0.5236416693255497,FALSE
cz,ica,2,rel_1_30,removed,sd,beta,centro_temporal,40,0.20113474735740203,0.21087487559903104,0.3870108181216412,FALSE
cz,ica,2,rel_1_30,removed,sd,beta,frontal,40,0.05797309988268587,0.7158588941133517,0.8195698999742965,FALSE
cz,ica,2,rel_1_30,removed,sd,beta,parieto_occipital,40,0.21713330888738192,0.17751198669296697,0.34874446452410807,FALSE
cz,ica,2,rel_1_30,removed,sd,theta,centro_temporal,40,0.4302384150952058,0.009672620300463342,0.057503283988075644,FALSE
cz,ica,2,rel_1_30,removed,sd,theta,frontal,40,0.46262888738659697,0.005700315613653984,0.04362761241316277,TRUE
cz,ica,2,rel_1_30,removed,sd,theta,parieto_occipital,40,0.4210564173370828,0.011196790707769242,0.06219017467400974,FALSE
cz,ica,2,rel_1_30,retained,cv,alpha,centro_temporal,40,0.21618321674267643,0.17937206089103963,0.3495762654843559,FALSE
cz,ica,2,rel_1_30,retained,cv,alpha,frontal,40,0.0943237190277788,0.554251443015932,0.7107472843001328,FALSE
cz,ica,2,rel_1_30,retained,cv,alpha,parieto_occipital,40,0.3564245135819662,0.02987485832393703,0.11638622160668054,FALSE
cz,ica,2,rel_1_30,retained,cv,beta,centro_temporal,40,0.37650627125377933,0.02223301437099569,0.09705135641518531,FALSE
cz,ica,2,rel_1_30,retained,cv,beta,frontal,40,0.16769558414274865,0.29539601106505053,0.482157720831619,FALSE
cz,ica,2,rel_1_30,retained,cv,beta,parieto_occipital,40,0.43439471406791236,0.009047893302998513,0.05548613432501296,FALSE
cz,ica,2,rel_1_30,retained,cv,theta,centro_temporal,40,0.43327234594057423,0.009212802404348066,0.055793420168388286,FALSE
cz,ica,2,rel_1_30,retained,cv,theta,frontal,40,0.5939141690222949,5.633185457962356e-4,0.014402480948471231,TRUE
cz,ica,2,rel_1_30,retained,cv,theta,parieto_occipital,40,0.4060765998903565,0.014165424632376999,0.07097315846737341,FALSE
cz,ica,2,rel_1_30,retained,mean,alpha,centro_temporal,40,-0.2765603359359989,0.08813708310989474,0.22875632785799116,FALSE
cz,ica,2,rel_1_30,retained,mean,alpha,frontal,40,-0.32021258648474643,0.049729893340790976,0.15900479055016062,FALSE
cz,ica,2,rel_1_30,retained,mean,alpha,parieto_occipital,40,-0.19799403677625732,0.21794586139398653,0.395681376497779,FALSE
cz,ica,2,rel_1_30,retained,mean,beta,centro_temporal,40,0.10817731184008868,0.4979112656306227,0.6657080470329646,FALSE
cz,ica,2,rel_1_30,retained,mean,beta,frontal,40,0.21368743824851164,0.18432994629187555,0.35549346784861713,FALSE
cz,ica,2,rel_1_30,retained,mean,beta,parieto_occipital,40,0.08931555607655316,0.5753896844272012,0.7244543695119683,FALSE
cz,ica,2,rel_1_30,retained,mean,theta,centro_temporal,40,0.2754119963614178,0.08941618543290744,0.23111712240458046,FALSE
cz,ica,2,rel_1_30,retained,mean,theta,frontal,40,0.15651854972518026,0.3283201925013405,0.5186247333122302,FALSE
cz,ica,2,rel_1_30,retained,mean,theta,parieto_occipital,40,0.028511752331244568,0.8578318540542165,0.9043520196753778,FALSE
cz,ica,2,rel_1_30,retained,sd,alpha,centro_temporal,40,-0.10553486849099301,0.5084081411043184,0.6750127591977059,FALSE
cz,ica,2,rel_1_30,retained,sd,alpha,frontal,40,-0.24474059599369213,0.1297296881045901,0.2905466747411557,FALSE
cz,ica,2,rel_1_30,retained,sd,alpha,parieto_occipital,40,0.04537087333537188,0.7756692254256441,0.8560424022485231,FALSE
cz,ica,2,rel_1_30,retained,sd,beta,centro_temporal,40,0.382277088233862,0.02039016408974586,0.09049881048051586,FALSE
cz,ica,2,rel_1_30,retained,sd,beta,frontal,40,0.3990550776846251,0.015791739098297508,0.07617652805729618,FALSE
cz,ica,2,rel_1_30,retained,sd,beta,parieto_occipital,40,0.3986714856360337,0.015885319237486942,0.07643826880612528,FALSE
cz,ica,2,rel_1_30,retained,sd,theta,centro_temporal,40,0.4713516991249231,0.004927897317479418,0.04147113586658004,TRUE
cz,ica,2,rel_1_30,retained,sd,theta,frontal,40,0.5914529486493995,5.895485822086176e-4,0.014693364664276317,TRUE
cz,ica,2,rel_1_30,retained,sd,theta,parieto_occipital,40,0.35650991471383975,0.02983791230551276,0.11638622160668054,FALSE
cz,ica,2,rel_4_30,removed,cv,alpha,centro_temporal,40,0.2836925129603051,0.08053163037749998,0.21957011143598876,FALSE
cz,ica,2,rel_4_30,removed,cv,alpha,frontal,40,0.26741765017062225,0.0987574120204103,0.2431287858117138,FALSE
cz,ica,2,rel_4_30,removed,cv,alpha,parieto_occipital,40,0.35285257905046413,0.03145717805916285,0.11934152283725652,FALSE
cz,ica,2,rel_4_30,removed,cv,beta,centro_temporal,40,0.06292183012573216,0.6928352184884359,0.8108799908136782,FALSE
cz,ica,2,rel_4_30,removed,cv,beta,frontal,40,-0.07479380194280881,0.638823319484184,0.7703263684398715,FALSE
cz,ica,2,rel_4_30,removed,cv,beta,parieto_occipital,40,0.05529783681139954,0.7284197786211215,0.8268683428610691,FALSE
cz,ica,2,rel_4_30,removed,cv,theta,centro_temporal,40,-0.10602642468591308,0.5064463898703856,0.6729540546192957,FALSE
cz,ica,2,rel_4_30,removed,cv,theta,frontal,40,0.03173714833567406,0.8419580356022758,0.8939193998966816,FALSE
cz,ica,2,rel_4_30,removed,cv,theta,parieto_occipital,40,0.07891353383613373,0.6205176251010129,0.7596261103251695,FALSE
cz,ica,2,rel_4_30,removed,mean,alpha,centro_temporal,40,-0.23291269618001517,0.14875802278739483,0.3146742070714859,FALSE
cz,ica,2,rel_4_30,removed,mean,alpha,frontal,40,-0.2457254067515568,0.1282380715946784,0.2888700013673868,FALSE
cz,ica,2,rel_4_30,removed,mean,alpha,parieto_occipital,40,-0.23009140004729367,0.15360935598100814,0.3206347495787312,FALSE
cz,ica,2,rel_4_30,removed,mean,beta,centro_temporal,40,0.0709932376797026,0.6559163559968217,0.7833666572180118,FALSE
cz,ica,2,rel_4_30,removed,mean,beta,frontal,40,0.14800027445164188,0.35501497277330085,0.5403375399782447,FALSE
cz,ica,2,rel_4_30,removed,mean,beta,parieto_occipital,40,0.15269354516700856,0.3401354757691014,0.527291359565497,FALSE
cz,ica,2,rel_4_30,removed,mean,theta,centro_temporal,40,0.39777290132029564,0.016106521503506378,0.077311303216830607,FALSE
cz,ica,2,rel_4_30,removed,mean,theta,frontal,40,0.24372568822929588,0.1312814980857094,0.2921228509829951,FALSE
cz,ica,2,rel_4_30,removed,mean,theta,parieto_occipital,40,0.1312379227236614,0.41157877352271743,0.5941236782370305,FALSE
cz,ica,2,rel_4_30,removed,sd,alpha,centro_temporal,40,0.12386787718792593,0.438118692208356,0.614504139720811,FALSE
cz,ica,2,rel_4_30,removed,sd,alpha,frontal,40,0.05067424329473491,0.7503063132500433,0.8403386138246577,FALSE
cz,ica,2,rel_4_30,removed,sd,alpha,parieto_occipital,40,0.17893189170209858,0.26468607550295775,0.4466577524112412,FALSE
cz,ica,2,rel_4_30,removed,sd,beta,centro_temporal,40,0.2684822299782583,0.09746854641352654,0.24137433659604532,FALSE
cz,ica,2,rel_4_30,removed,sd,beta,frontal,40,0.12859097397116992,0.420994627735952,0.5995703709294438,FALSE
cz,ica,2,rel_4_30,removed,sd,beta,parieto_occipital,40,0.21186378530740663,0.18801879772683433,0.3599077026636404,FALSE
cz,ica,2,rel_4_30,removed,sd,theta,centro_temporal,40,0.41299192486869,0.01271510406880363,0.06698688972833132,FALSE
cz,ica,2,rel_4_30,removed,sd,theta,frontal,40,0.44945500553843615,0.0070844050545239845,0.049362306186360665,TRUE
cz,ica,2,rel_4_30,removed,sd,theta,parieto_occipital,40,0.415836919137745,0.01215908059216618,0.0651541949392357,FALSE
cz,ica,2,rel_4_30,retained,cv,alpha,centro_temporal,40,0.2705637925348888,0.09498878161857323,0.23765533007272374,FALSE
cz,ica,2,rel_4_30,retained,cv,alpha,frontal,40,0.3073826936078798,0.059127741447734965,0.17683742980676426,FALSE
cz,ica,2,rel_4_30,retained,cv,alpha,parieto_occipital,40,0.28936397346587966,0.07488596841469752,0.21006972957889175,FALSE
cz,ica,2,rel_4_30,retained,cv,beta,centro_temporal,40,0.2313038252704607,0.15150943843169312,0.3177285310800555,FALSE
cz,ica,2,rel_4_30,retained,cv,beta,frontal,40,0.015928399836249416,0.9202729415813045,0.9444610327925691,FALSE
cz,ica,2,rel_4_30,retained,cv,beta,parieto_occipital,40,0.2314581745071859,0.15124374339335397,0.3176634208651296,FALSE
cz,ica,2,rel_4_30,retained,cv,theta,centro_temporal,40,0.28185183755671617,0.08243946316826327,0.2222778313441107,FALSE
cz,ica,2,rel_4_30,retained,cv,theta,frontal,40,0.3501744641323185,0.032692090102155145,0.12165535259834692,FALSE
cz,ica,2,rel_4_30,retained,cv,theta,parieto_occipital,40,0.42876570430105726,0.009903400449121661,0.05789434505696291,FALSE
cz,ica,2,rel_4_30,retained,mean,alpha,centro_temporal,40,-0.3055667593226252,0.06057459941136686,0.17970237640347467,FALSE
cz,ica,2,rel_4_30,retained,mean,alpha,frontal,40,-0.3483986141329226,0.03353455439247237,0.12192325428283608,FALSE
cz,ica,2,rel_4_30,retained,mean,alpha,parieto_occipital,40,-0.2218861430592632,0.16843027299037008,0.33860232750080604,FALSE
cz,ica,2,rel_4_30,retained,mean,beta,centro_temporal,40,0.06212861151763289,0.6965065300144793,0.811269633558262,FALSE
cz,ica,2,rel_4_30,retained,mean,beta,frontal,40,0.1948875518223956,0.2251124828909876,0.40445348127548975,FALSE
cz,ica,2,rel_4_30,retained,mean,beta,parieto_occipital,40,0.08427366144604274,0.5970624434106786,0.743078994872189,FALSE
cz,ica,2,rel_4_30,retained,mean,theta,centro_temporal,40,0.242884202479046,0.1325794489036053,0.29354720805080714,FALSE
cz,ica,2,rel_4_30,retained,mean,theta,frontal,40,0.10871163264324932,0.49580337439714617,0.6639089281062109,FALSE
cz,ica,2,rel_4_30,retained,mean,theta,parieto_occipital,40,0.10745982874643172,0.5007495066637944,0.6685831325236374,FALSE
cz,ica,2,rel_4_30,retained,sd,alpha,centro_temporal,40,-0.05630741521268986,0.7236704827475764,0.8246280295787154,FALSE
cz,ica,2,rel_4_30,retained,sd,alpha,frontal,40,-0.1624818473976218,0.31045764884081906,0.500165032591273,FALSE
cz,ica,2,rel_4_30,retained,sd,alpha,parieto_occipital,40,0.042481305438627076,0.7895957091130423,0.8613771372142279,FALSE
cz,ica,2,rel_4_30,retained,sd,beta,centro_temporal,40,0.3209795198609933,0.04921178520226506,0.1581284469970302,FALSE
cz,ica,2,rel_4_30,retained,sd,beta,frontal,40,0.2805659849476325,0.08379469521963591,0.2231464212424277,FALSE
cz,ica,2,rel_4_30,retained,sd,beta,parieto_occipital,40,0.2736346023961763,0.09142656553189354,0.23387358056136837,FALSE
cz,ica,2,rel_4_30,retained,sd,theta,centro_temporal,40,0.4285314343290353,0.009940577813810136,0.05789434505696291,FALSE
cz,ica,2,rel_4_30,retained,sd,theta,frontal,40,0.4640027595909701,0.005571560613159151,0.04352146590270245,TRUE
cz,ica,2,rel_4_30,retained,sd,theta,parieto_occipital,40,0.49637727155078043,0.00322217403203926,0.03308051596234346,TRUE
cz,ica,4,absolute,removed,cv,alpha,centro_temporal,40,0.2266361179765237,0.15972010302523373,0.3295490029506818,FALSE
cz,ica,4,absolute,removed,cv,alpha,frontal,40,0.21415647834610724,0.18339023635031887,0.35403239271600784,FALSE
cz,ica,4,absolute,removed,cv,alpha,parieto_occipital,40,0.27020954001838926,0.09540705792424847,0.2376627364690637,FALSE
cz,ica,4,absolute,removed,cv,beta,centro_temporal,40,0.2871712016928643,0.07702767612740337,0.2145298028533985,FALSE
cz,ica,4,absolute,removed,cv,beta,frontal,40,0.3159638291685656,0.052687069909502636,0.16466826994223974,FALSE
cz,ica,4,absolute,removed,cv,beta,parieto_occipital,40,0.17663816995493145,0.2707620688392669,0.45594993305468023,FALSE
cz,ica,4,absolute,removed,cv,theta,centro_temporal,40,0.19344453669661313,0.22850038128015182,0.4083759980966144,FALSE
cz,ica,4,absolute,removed,cv,theta,frontal,40,0.23226943762098462,0.14985330208072933,0.31630273533652314,FALSE
cz,ica,4,absolute,removed,cv,theta,parieto_occipital,40,0.20291734719542787,0.2069389598119606,0.38276816163125726,FALSE
cz,ica,4,absolute,removed,mean,alpha,centro_temporal,40,-0.2012841024486868,0.21054296086240964,0.3870108181216412,FALSE
cz,ica,4,absolute,removed,mean,alpha,frontal,40,-0.2504123018189956,0.1213280245992039,0.278887234482554,FALSE
cz,ica,4,absolute,removed,mean,alpha,parieto_occipital,40,-0.17154819045354527,0.2845981532308866,0.4732752864677875,FALSE
cz,ica,4,absolute,removed,mean,beta,centro_temporal,40,0.16165970358570037,0.3128799552345023,0.502676556178407,FALSE
cz,ica,4,absolute,removed,mean,beta,frontal,40,0.1299830086519122,0.4160265357080909,0.5960404402800531,FALSE
cz,ica,4,absolute,removed,mean,beta,parieto_occipital,40,-0.010693442370002894,0.9464247126709155,0.9632720635770994,FALSE
cz,ica,4,absolute,removed,mean,theta,centro_temporal,40,0.48593429747236555,0.0038520219612291832,0.03590877868692834,TRUE
cz,ica,4,absolute,removed,mean,theta,frontal,40,0.27293889143987343,0.0922236843721701,0.23485157632824885,FALSE
cz,ica,4,absolute,removed,mean,theta,parieto_occipital,40,0.11868288197107582,0.457388641384453,0.6315081810023981,FALSE
cz,ica,4,absolute,removed,sd,alpha,centro_temporal,40,0.021040110084733738,0.8948227945038767,0.9312288610896876,FALSE
cz,ica,4,absolute,removed,sd,alpha,frontal,40,-0.028539821814886162,0.8576934417321216,0.9043520196753778,FALSE
cz,ica,4,absolute,removed,sd,alpha,parieto_occipital,40,0.06265147770269916,0.6940856740749548,0.811269633558262,FALSE
cz,ica,4,absolute,removed,sd,beta,centro_temporal,40,0.4127265628754524,0.01276814047242292,0.06700707682043519,FALSE
cz,ica,4,absolute,removed,sd,beta,frontal,40,0.37430008235256146,0.02297640155009032,0.09838327275916595,FALSE
cz,ica,4,absolute,removed,sd,beta,parieto_occipital,40,0.1701498805251503,0.28848475367274146,0.4760733116636752,FALSE
cz,ica,4,absolute,removed,sd,theta,centro_temporal,40,0.6346928521039077,2.625062102840021e-4,0.010006119074354903,TRUE
cz,ica,4,absolute,removed,sd,theta,frontal,40,0.6872776997394228,9.582188602927896e-5,0.006081056898501998,TRUE
cz,ica,4,absolute,removed,sd,theta,parieto_occipital,40,0.4279133503030479,0.010039284927741272,0.05789434505696291,FALSE
cz,ica,4,absolute,retained,cv,alpha,centro_temporal,40,-0.029009601196398324,0.8553776091240712,0.9037250392049969,FALSE
cz,ica,4,absolute,retained,cv,alpha,frontal,40,-0.024026033730079017,0.8800066031461818,0.9182677598047114,FALSE
cz,ica,4,absolute,retained,cv,alpha,parieto_occipital,40,-0.05064911779440173,0.7504258403290154,0.8403386138246577,FALSE
cz,ica,4,absolute,retained,cv,beta,centro_temporal,40,0.17658795849814826,0.2708961793611912,0.45594993305468023,FALSE
cz,ica,4,absolute,retained,cv,beta,frontal,40,0.2662890697582734,0.10013916243797058,0.2445730657822278,FALSE
cz,ica,4,absolute,retained,cv,beta,parieto_occipital,40,0.5106295181756989,0.002518348443916926,0.028690999180433902,TRUE
cz,ica,4,absolute,retained,cv,theta,centro_temporal,40,0.5326066329060893,0.001711837510660013,0.02417855313020463,TRUE
cz,ica,4,absolute,retained,cv,theta,frontal,40,0.4327952530464867,0.009283741680633934,0.05587490348963582,FALSE
cz,ica,4,absolute,retained,cv,theta,parieto_occipital,40,0.546994508155403,0.0013245914481246294,0.021281039464084956,TRUE
cz,ica,4,absolute,retained,mean,alpha,centro_temporal,40,-0.009412193052663024,0.9528356068368046,0.9672649711178841,FALSE
cz,ica,4,absolute,retained,mean,alpha,frontal,40,0.2931753490525821,0.07128355084447002,0.20348784558245187,FALSE
cz,ica,4,absolute,retained,mean,alpha,parieto_occipital,40,-0.0610276209388996,0.7016145733288754,0.8132862200963591,FALSE
cz,ica,4,absolute,retained,mean,beta,centro_temporal,40,0.27114971726271064,0.09430031297896432,0.2365416882982021,FALSE
cz,ica,4,absolute,retained,mean,beta,frontal,40,0.4383436633841635,0.008489188854537479,0.054544435242077215,FALSE
cz,ica,4,absolute,retained,mean,beta,parieto_occipital,40,0.2406998685927501,0.13599688529993934,0.29805856259648483,FALSE
cz,ica,4,absolute,retained,mean,theta,centro_temporal,40,0.6734952900040202,1.2506818898593377e-4,0.006946644553961579,TRUE
cz,ica,4,absolute,retained,mean,theta,frontal,40,0.5205411603105662,0.002117805444803292,0.026908051757904606,TRUE
cz,ica,4,absolute,retained,mean,theta,parieto_occipital,40,0.2054641344816366,0.20141219808046404,0.37629931438348146,FALSE
cz,ica,4,absolute,retained,sd,alpha,centro_temporal,40,-0.02548566040647274,0.8727794254113455,0.9141612085127454,FALSE
cz,ica,4,absolute,retained,sd,alpha,frontal,40,0.1876799143880225,0.24241084535496732,0.42457322796381214,FALSE
cz,ica,4,absolute,retained,sd,alpha,parieto_occipital,40,-0.05821333447514562,0.714734783912781,0.8192478891075744,FALSE
cz,ica,4,absolute,retained,sd,beta,centro_temporal,40,0.3225106851649636,0.04819145147632117,0.15623844100836012,FALSE
cz,ica,4,absolute,retained,sd,beta,frontal,40,0.48783850576103355,0.003729125854623619,0.035351316900002865,TRUE
cz,ica,4,absolute,retained,sd,beta,parieto_occipital,40,0.4110978265819373,0.013098144844351062,0.06754056651835137,FALSE
cz,ica,4,absolute,retained,sd,theta,centro_temporal,40,0.457436962134305,0.006212475155159957,0.04592034867540288,TRUE
cz,ica,4,absolute,retained,sd,theta,frontal,40,0.5660478528532275,9.391373660166399e-4,0.017898853328787726,TRUE
cz,ica,4,absolute,retained,sd,theta,parieto_occipital,40,0.33882515166284716,0.03841668964891294,0.13383878974459992,FALSE
cz,ica,4,rel_1_30,removed,cv,alpha,centro_temporal,40,0.28497202089127704,0.07922749647284053,0.21784759991966332,FALSE
cz,ica,4,rel_1_30,removed,cv,alpha,frontal,40,0.23386194195321897,0.14715334696439553,0.3121984834933385,FALSE
cz,ica,4,rel_1_30,removed,cv,alpha,parieto_occipital,40,0.31060125232084784,0.05663647379185603,0.1723025118174775,FALSE
cz,ica,4,rel_1_30,removed,cv,beta,centro_temporal,40,0.09977510560048984,0.531699885995548,0.6917651851395669,FALSE
cz,ica,4,rel_1_30,removed,cv,beta,frontal,40,0.09933053986079277,0.5335207477022799,0.6932916668002889,FALSE
cz,ica,4,rel_1_30,removed,cv,beta,parieto_occipital,40,0.036193355585746,0.8201374411581283,0.8810222418003213,FALSE
cz,ica,4,rel_1_30,removed,cv,theta,centro_temporal,40,0.062329905377446836,0.6955741630967751,0.811269633558262,FALSE
cz,ica,4,rel_1_30,removed,cv,theta,frontal,40,0.14767734320813244,0.3560542646224144,0.5403375399782447,FALSE
cz,ica,4,rel_1_30,removed,cv,theta,parieto_occipital,40,0.15935589399241978,0.31973646287018437,0.5097663701934924,FALSE
cz,ica,4,rel_1_30,removed,mean,alpha,centro_temporal,40,-0.20901369374126277,0.1938968605139748,0.3666687712443259,FALSE
cz,ica,4,rel_1_30,removed,mean,alpha,frontal,40,-0.20467938818672127,0.20310312345216383,0.3784471218488515,FALSE
cz,ica,4,rel_1_30,removed,mean,alpha,parieto_occipital,40,-0.20833014494568575,0.1953272453063608,0.36794202022826106,FALSE
cz,ica,4,rel_1_30,removed,mean,beta,centro_temporal,40,0.09214877972588317,0.5633827319785077,0.7184504620745619,FALSE
cz,ica,4,rel_1_30,removed,mean,beta,frontal,40,0.15532838973917043,0.33196656419767934,0.5204379038712005,FALSE
cz,ica,4,rel_1_30,removed,mean,beta,parieto_occipital,40,0.12320610812405136,0.44055082996871553,0.6152520211632062,FALSE
cz,ica,4,rel_1_30,removed,mean,theta,centro_temporal,40,0.3596926407999032,0.028489784192432543,0.11256939119936761,FALSE
cz,ica,4,rel_1_30,removed,mean,theta,frontal,40,0.2507014643535138,0.12091180228213211,0.278887234482554,FALSE
cz,ica,4,rel_1_30,removed,mean,theta,parieto_occipital,40,0.1518146019473329,0.342890027468996,0.5298308244840473,FALSE
cz,ica,4,rel_1_30,removed,sd,alpha,centro_temporal,40,0.14185316697424072,0.3751395559603449,0.5619061504134064,FALSE
cz,ica,4,rel_1_30,removed,sd,alpha,frontal,40,0.1440129277902347,0.3679868449682817,0.5538814059588969,FALSE
cz,ica,4,rel_1_30,removed,sd,alpha,parieto_occipital,40,0.16947659366243842,0.2903693527836166,0.478153569395337,FALSE
cz,ica,4,rel_1_30,removed,sd,beta,centro_temporal,40,0.23198759792559706,0.15033520067253703,0.3166323186429166,FALSE
cz,ica,4,rel_1_30,removed,sd,beta,frontal,40,0.3054851793625339,0.06064030808676923,0.17970237640347467,FALSE
cz,ica,4,rel_1_30,removed,sd,beta,parieto_occipital,40,0.14939859446136122,0.3505377312884066,0.5369939713354314,FALSE
cz,ica,4,rel_1_30,removed,sd,theta,centro_temporal,40,0.4553446602107699,0.00643078707135298,0.046821910362210464,TRUE
cz,ica,4,rel_1_30,removed,sd,theta,frontal,40,0.5561160199111013,0.0011241858340879179,0.01951265412024029,TRUE
cz,ica,4,rel_1_30,removed,sd,theta,parieto_occipital,40,0.4100319013534511,0.013318337814815536,0.06814804525137194,FALSE
cz,ica,4,rel_1_30,retained,cv,alpha,centro_temporal,40,0.13588878433657042,0.39535207253924276,0.5809254943433771,FALSE
cz,ica,4,rel_1_30,retained,cv,alpha,frontal,40,0.08018609069086502,0.614911410478774,0.756574545551099,FALSE
cz,ica,4,rel_1_30,retained,cv,alpha,parieto_occipital,40,0.19816111865270933,0.2175652878763512,0.3956472587760774,FALSE
cz,ica,4,rel_1_30,retained,cv,beta,centro_temporal,40,0.29384748800230037,0.07066380796431557,0.2020153568862198,FALSE
cz,ica,4,rel_1_30,retained,cv,beta,frontal,40,0.24854298943534794,0.12404688412601152,0.2813227826793463,FALSE
cz,ica,4,rel_1_30,retained,cv,beta,parieto_occipital,40,0.3633076545714761,0.027024860473070376,0.10863480205871429,FALSE
cz,ica,4,rel_1_30,retained,cv,theta,centro_temporal,40,0.5179039939230953,0.002218014813895274,0.027463826740206452,TRUE
cz,ica,4,rel_1_30,retained,cv,theta,frontal,40,0.6296768377489071,2.886214955094417e-4,0.010471012823807536,TRUE
cz,ica,4,rel_1_30,retained,cv,theta,parieto_occipital,40,0.42277158538486315,0.010896236139983974,0.060868629471634614,FALSE
cz,ica,4,rel_1_30,retained,mean,alpha,centro_temporal,40,-0.27505464890497194,0.08981737874166243,0.23111712240458046,FALSE
cz,ica,4,rel_1_30,retained,mean,alpha,frontal,40,-0.29283248248923077,0.07160146791591092,0.20379685743562345,FALSE
cz,ica,4,rel_1_30,retained,mean,alpha,parieto_occipital,40,-0.20201529929740158,0.2089236729294953,0.38570524233137593,FALSE
cz,ica,4,rel_1_30,retained,mean,beta,centro_temporal,40,0.10546428533204628,0.5086901708974481,0.6750127591977059,FALSE
cz,ica,4,rel_1_30,retained,mean,beta,frontal,40,0.21971175148375294,0.17253914948057772,0.3432207318442273,FALSE
cz,ica,4,rel_1_30,retained,mean,beta,parieto_occipital,40,0.07501156703213178,0.6378498172278644,0.7701739408018438,FALSE
cz,ica,4,rel_1_30,retained,mean,theta,centro_temporal,40,0.3224912109787202,0.04820431186008907,0.15623844100836012,FALSE
cz,ica,4,rel_1_30,retained,mean,theta,frontal,40,0.20161572703058814,0.2098073891413129,0.38660243079688367,FALSE
cz,ica,4,rel_1_30,retained,mean,theta,parieto_occipital,40,0.0340636400645124,0.8305490649250263,0.8861621197663289,FALSE
cz,ica,4,rel_1_30,retained,sd,alpha,centro_temporal,40,-0.12110787617486496,0.44831524295715897,0.6218775587123209,FALSE
cz,ica,4,rel_1_30,retained,sd,alpha,frontal,40,-0.2133777662802241,0.1849523927323361,0.3563403879798428,FALSE
cz,ica,4,rel_1_30,retained,sd,alpha,parieto_occipital,40,-0.04911193532592858,0.7577502615355727,0.8441796637483215,FALSE
cz,ica,4,rel_1_30,retained,sd,beta,centro_temporal,40,0.28078897310632495,0.08355834128506931,0.2231464212424277,FALSE
cz,ica,4,rel_1_30,retained,sd,beta,frontal,40,0.4267905460667922,0.010220917652469373,0.05861198795398366,FALSE
cz,ica,4,rel_1_30,retained,sd,beta,parieto_occipital,40,0.2847961807770492,0.07940565682438246,0.2180290916194908,FALSE
cz,ica,4,rel_1_30,retained,sd,theta,centro_temporal,40,0.585078233300249,6.630905050064398e-4,0.015279207163755295,TRUE
cz,ica,4,rel_1_30,retained,sd,theta,frontal,40,0.705578355017075,6.712961505999232e-5,0.005610243361753921,TRUE
cz,ica,4,rel_1_30,retained,sd,theta,parieto_occipital,40,0.3833868439464277,0.02005205486437412,0.08940640976225527,FALSE
cz,ica,4,rel_4_30,removed,cv,alpha,centro_temporal,40,0.2837024125849791,0.08052147111175027,0.21957011143598876,FALSE
cz,ica,4,rel_4_30,removed,cv,alpha,frontal,40,0.2560182003179243,0.11346369417228287,0.2686643379670133,FALSE
cz,ica,4,rel_4_30,removed,cv,alpha,parieto_occipital,40,0.3136428891962276,0.054366064938971115,0.16696308095001558,FALSE
cz,ica,4,rel_4_30,removed,cv,beta,centro_temporal,40,0.12348060948327962,0.439541006128804,0.6149395948999502,FALSE
cz,ica,4,rel_4_30,removed,cv,beta,frontal,40,0.12085103652353203,0.449271183392414,0.6225111764182844,FALSE
cz,ica,4,rel_4_30,removed,cv,beta,parieto_occipital,40,0.07257058039546324,0.6487988299057437,0.7771194857281366,FALSE
cz,ica,4,rel_4_30,removed,cv,theta,centro_temporal,40,0.005591806086144643,0.9719685423450104,0.9810523604977675,FALSE
cz,ica,4,rel_4_30,removed,cv,theta,frontal,40,0.1028986513589799,0.5189992704065168,0.6835475630610575,FALSE
cz,ica,4,rel_4_30,removed,cv,theta,parieto_occipital,40,0.13737759802331634,0.3902436457923707,0.5761454832148374,FALSE
cz,ica,4,rel_4_30,removed,mean,alpha,centro_temporal,40,-0.21642713740021238,0.17889308682776342,0.3494707217301223,FALSE
cz,ica,4,rel_4_30,removed,mean,alpha,frontal,40,-0.21284784766224282,0.18602128466571807,0.35804492810906524,FALSE
cz,ica,4,rel_4_30,removed,mean,alpha,parieto_occipital,40,-0.21760620557570673,0.17659173616269233,0.34816869685626156,FALSE
cz,ica,4,rel_4_30,removed,mean,beta,centro_temporal,40,0.07954076255057246,0.6177514951006224,0.7577097569634749,FALSE
cz,ica,4,rel_4_30,removed,mean,beta,frontal,40,0.13317595758280693,0.4047676943660149,0.5890452187654844,FALSE
cz,ica,4,rel_4_30,removed,mean,beta,parieto_occipital,40,0.13316183158918707,0.4048170845013823,0.5890452187654844,FALSE
cz,ica,4,rel_4_30,removed,mean,theta,centro_temporal,40,0.3490970920066963,0.033200921234861416,0.12190716657817385,FALSE
cz,ica,4,rel_4_30,removed,mean,theta,frontal,40,0.23002790939032478,0.15371995195852753,0.3206347495787312,FALSE
cz,ica,4,rel_4_30,removed,mean,theta,parieto_occipital,40,0.15643845659022276,0.3285647291069168,0.5186247333122302,FALSE
cz,ica,4,rel_4_30,removed,sd,alpha,centro_temporal,40,0.15586135883144098,0.33033032281172736,0.519001500164414,FALSE
cz,ica,4,rel_4_30,removed,sd,alpha,frontal,40,0.17131001600810336,0.2852575459446793,0.47356163050081684,FALSE
cz,ica,4,rel_4_30,removed,sd,alpha,parieto_occipital,40,0.18374725040195097,0.25224946068620313,0.4338780134109489,FALSE
cz,ica,4,rel_4_30,removed,sd,beta,centro_temporal,40,0.27795109197785,0.08660851416415713,0.2262996660418299,FALSE
cz,ica,4,rel_4_30,removed,sd,beta,frontal,40,0.3504162646901183,0.03257884778382284,0.12165535259834692,FALSE
cz,ica,4,rel_4_30,removed,sd,beta,parieto_occipital,40,0.20236349465557102,0.20815587162425528,0.38465305554900403,FALSE
cz,ica,4,rel_4_30,removed,sd,theta,centro_temporal,40,0.402043356337181,0.01507979382867437,0.07384161008297978,FALSE
cz,ica,4,rel_4_30,removed,sd,theta,frontal,40,0.5282459613883078,0.001849145905561189,0.024621504386376378,TRUE
cz,ica,4,rel_4_30,removed,sd,theta,parieto_occipital,40,0.3870332062772682,0.01897660178202567,0.08613189829726958,FALSE
cz,ica,4,rel_4_30,retained,cv,alpha,centro_temporal,40,0.22563975408806514,0.1615172308474234,0.3308635371626881,FALSE
cz,ica,4,rel_4_30,retained,cv,alpha,frontal,40,0.2797491191894486,0.08466533087645614,0.22481150444713513,FALSE
cz,ica,4,rel_4_30,retained,cv,alpha,parieto_occipital,40,0.1887574045307153,0.23976478399088197,0.42219451094046606,FALSE
cz,ica,4,rel_4_30,retained,cv,beta,centro_temporal,40,0.18063142886252445,0.26024744979633574,0.4423380779364633,FALSE
cz,ica,4,rel_4_30,retained,cv,beta,frontal,40,0.14349647326242407,0.36968916955697484,0.5553908389634923,FALSE
cz,ica,4,rel_4_30,retained,cv,beta,parieto_occipital,40,0.2108055737745793,0.19018512590068515,0.36243843310497764,FALSE
cz,ica,4,rel_4_30,retained,cv,theta,centro_temporal,40,0.29174606504969175,0.07261681035889264,0.20608332750027342,FALSE
cz,ica,4,rel_4_30,retained,cv,theta,frontal,40,0.35618595858625096,0.029978277874038617,0.11655554437426215,FALSE
cz,ica,4,rel_4_30,retained,cv,theta,parieto_occipital,40,0.4594694140883501,0.006007059304624407,0.04519861527262791,TRUE
cz,ica,4,rel_4_30,retained,mean,alpha,centro_temporal,40,-0.30842522718947796,0.05831063327900018,0.17574553658042844,FALSE
cz,ica,4,rel_4_30,retained,mean,alpha,frontal,40,-0.3307763034156452,0.04299635666846209,0.1453650736756353,FALSE
cz,ica,4,rel_4_30,retained,mean,alpha,parieto_occipital,40,-0.21438981170217494,0.18292413422552978,0.35403239271600784,FALSE
cz,ica,4,rel_4_30,retained,mean,beta,centro_temporal,40,0.05936348135171839,0.7093619364538032,0.8159690985557231,FALSE
cz,ica,4,rel_4_30,retained,mean,beta,frontal,40,0.19034236420889092,0.23591103542671213,0.41729850124615864,FALSE
cz,ica,4,rel_4_30,retained,mean,beta,parieto_occipital,40,0.08182152483304328,0.6077407521135623,0.7508512939595112,FALSE
cz,ica,4,rel_4_30,retained,mean,theta,centro_temporal,40,0.2718464146012035,0.09348709790532157,0.2360245692570716,FALSE
cz,ica,4,rel_4_30,retained,mean,theta,frontal,40,0.11983780515007858,0.45305406080873223,0.6264132960257294,FALSE
cz,ica,4,rel_4_30,retained,mean,theta,parieto_occipital,40,0.1066641440175136,0.503907490839616,0.6705126419269298,FALSE
cz,ica,4,rel_4_30,retained,sd,alpha,centro_temporal,40,-0.03255698749625011,0.8379335254565097,0.8906193403430589,FALSE
cz,ica,4,rel_4_30,retained,sd,alpha,frontal,40,-0.0804979335291623,0.6135411344889042,0.7557435631429544,FALSE
cz,ica,4,rel_4_30,retained,sd,alpha,parieto_occipital,40,-0.0033137204215613497,0.9833861731242317,0.9884708999759599,FALSE
cz,ica,4,rel_4_30,retained,sd,beta,centro_temporal,40,0.2370477820203669,0.1418680912453351,0.30373520856930775,FALSE
cz,ica,4,rel_4_30,retained,sd,beta,frontal,40,0.40468841900793445,0.014474242464048106,0.07214853166694749,FALSE
cz,ica,4,rel_4_30,retained,sd,beta,parieto_occipital,40,0.219643333748366,0.17266968916854644,0.3432207318442273,FALSE
cz,ica,4,rel_4_30,retained,sd,theta,centro_temporal,40,0.42936070976700885,0.009809553851509206,0.057787189961617864,FALSE
cz,ica,4,rel_4_30,retained,sd,theta,frontal,40,0.4930302897868266,0.0034125860276834506,0.033847281825595044,TRUE
cz,ica,4,rel_4_30,retained,sd,theta,parieto_occipital,40,0.49088335148367007,0.0035402749876100063,0.034240271521959464,TRUE
cz,threshold,2,absolute,removed,cv,alpha,centro_temporal,40,0.34862909491854616,0.033424135692472566,0.12190716657817385,FALSE
cz,threshold,2,absolute,removed,cv,alpha,frontal,40,0.3439574741858395,0.035726415466377094,0.12743514067272857,FALSE
cz,threshold,2,absolute,removed,cv,alpha,parieto_occipital,40,0.3282743109928725,0.04451446582503364,0.14781622543156278,FALSE
cz,threshold,2,absolute,removed,cv,beta,centro_temporal,40,0.18830006248748615,0.24088531339681396,0.42338008311614855,FALSE
cz,threshold,2,absolute,removed,cv,beta,frontal,40,0.2339910131669636,0.14693622102279466,0.3121792499107244,FALSE
cz,threshold,2,absolute,removed,cv,beta,parieto_occipital,40,0.14148476373851104,0.37636849024722174,0.5624367870094646,FALSE
cz,threshold,2,absolute,removed,cv,theta,centro_temporal,40,0.060880828110951114,0.7022966841925478,0.8132862200963591,FALSE
cz,threshold,2,absolute,removed,cv,theta,frontal,40,0.10440507899481287,0.5129326639289841,0.6783272780122076,FALSE
cz,threshold,2,absolute,removed,cv,theta,parieto_occipital,40,0.15156303006792693,0.3436811565519201,0.5298308244840473,FALSE
cz,threshold,2,absolute,removed,mean,alpha,centro_temporal,40,-0.2821716978371727,0.08210522567318872,0.22168410931760954,FALSE
cz,threshold,2,absolute,removed,mean,alpha,frontal,40,-0.33329119528723644,0.04151641475252658,0.1420913913361121,FALSE
cz,threshold,2,absolute,removed,mean,alpha,parieto_occipital,40,-0.20724178070115487,0.1976213066167693,0.3715433462891678,FALSE
cz,threshold,2,absolute,removed,mean,beta,centro_temporal,40,0.19951288139990034,0.21450452637791353,0.39154629040250133,FALSE
cz,threshold,2,absolute,removed,mean,beta,frontal,40,0.28854101957333284,0.07568376290318059,0.21169674112774542,FALSE
cz,threshold,2,absolute,removed,mean,beta,parieto_occipital,40,0.14315172292236403,0.37082835247208135,0.5566720596183213,FALSE
cz,threshold,2,absolute,removed,mean,theta,centro_temporal,40,0.501529112622021,0.002948612129771298,0.030817752582125824,TRUE
cz,threshold,2,absolute,removed,mean,theta,frontal,40,0.26292956339993157,0.10434732213372601,0.25324743349308787,FALSE
cz,threshold,2,absolute,removed,mean,theta,parieto_occipital,40,0.07068377852224697,0.6573165884398162,0.7844220060939243,FALSE
cz,threshold,2,absolute,removed,sd,alpha,centro_temporal,40,-0.08241614531665803,0.6051432392964331,0.7502541181073126,FALSE
cz,threshold,2,absolute,removed,sd,alpha,frontal,40,-0.1979623245275639,0.21801815058923027,0.395681376497779,FALSE
cz,threshold,2,absolute,removed,sd,alpha,parieto_occipital,40,0.001713227743829416,0.9914100070829961,0.9939665052962064,FALSE
cz,threshold,2,absolute,removed,sd,beta,centro_temporal,40,0.4752178287631954,0.004617981057297471,0.03954782015588671,TRUE
cz,threshold,2,absolute,removed,sd,beta,frontal,40,0.487288137809145,0.0037642605958336382,0.035351316900002865,TRUE
cz,threshold,2,absolute,removed,sd,beta,parieto_occipital,40,0.2725252551324573,0.09270035558553548,0.2349537043784628,FALSE
cz,threshold,2,absolute,removed,sd,theta,centro_temporal,40,0.5201710391358155,0.0021316049232084923,0.026908051757904606,TRUE
cz,threshold,2,absolute,removed,sd,theta,frontal,40,0.4571580897255811,0.0062411672808798035,0.045957686341024005,TRUE
cz,threshold,2,absolute,removed,sd,theta,parieto_occipital,40,0.37991624918184064,0.02112667795847938,0.0929191446861627,FALSE
cz,threshold,2,absolute,retained,cv,alpha,centro_temporal,40,0.03776268706065972,0.8124862944672948,0.8769979769263859,FALSE
cz,threshold,2,absolute,retained,cv,alpha,frontal,40,-0.04864798685967155,0.7599653810902689,0.8459702321653706,FALSE
cz,threshold,2,absolute,retained,cv,alpha,parieto_occipital,40,0.08160886023631281,0.608670999148518,0.7512739189490278,FALSE
cz,threshold,2,absolute,retained,cv,beta,centro_temporal,40,0.392432345541527,0.017480202747914602,0.08129548837786121,FALSE
cz,threshold,2,absolute,retained,cv,beta,frontal,40,0.48435237535786807,0.003957013474014913,0.036285066950400895,TRUE
cz,threshold,2,absolute,retained,cv,beta,parieto_occipital,40,0.7006612335214759,7.388233400295729e-5,0.005610243361753921,TRUE
cz,threshold,2,absolute,retained,cv,theta,centro_temporal,40,0.4961487598270533,0.0032348477496758365,0.03308051596234346,TRUE
cz,threshold,2,absolute,retained,cv,theta,frontal,40,0.4365605478095283,0.008737379354864539,0.054841549326339806,FALSE
cz,threshold,2,absolute,retained,cv,theta,parieto_occipital,40,0.5485119634983411,0.001289030475821583,0.021043922110222095,TRUE
cz,threshold,2,absolute,retained,mean,alpha,centro_temporal,40,-0.10969663799285245,0.49193053766319483,0.6621425983782622,FALSE
cz,threshold,2,absolute,retained,mean,alpha,frontal,40,-0.0018075840064901562,0.9909369325829644,0.9939665052962064,FALSE
cz,threshold,2,absolute,retained,mean,alpha,parieto_occipital,40,-0.12291858030105184,0.4416100554058032,0.6154049804364742,FALSE
cz,threshold,2,absolute,retained,mean,beta,centro_temporal,40,0.29407724803003443,0.07045301403539694,0.20170936566246195,FALSE
cz,threshold,2,absolute,retained,mean,beta,frontal,40,0.4111588302955512,0.013085644749324568,0.06754056651835137,FALSE
cz,threshold,2,absolute,retained,mean,beta,parieto_occipital,40,0.25273620145763886,0.11801570780905558,0.27657027716421373,FALSE
cz,threshold,2,absolute,retained,mean,theta,centro_temporal,40,0.8030356003777621,9.76262824904036e-6,0.00261655774227746,TRUE
cz,threshold,2,absolute,retained,mean,theta,frontal,40,0.675132467453198,1.2118223428245163e-4,0.006946644553961579,TRUE
cz,threshold,2,absolute,retained,mean,theta,parieto_occipital,40,0.25878002326694904,0.1097453699333997,0.26177300509267365,FALSE
cz,threshold,2,absolute,retained,sd,alpha,centro_temporal,40,-0.10524450990023561,0.5095688750038088,0.6750203387286696,FALSE
cz,threshold,2,absolute,retained,sd,alpha,frontal,40,-0.12962175499913062,0.4173123633359017,0.5960404402800531,FALSE
cz,threshold,2,absolute,retained,sd,alpha,parieto_occipital,40,-0.09974340475181485,0.5318296185890588,0.6917651851395669,FALSE
cz,threshold,2,absolute,retained,sd,beta,centro_temporal,40,0.3853566070734679,0.019464419948237728,0.08723371218688489,FALSE
cz,threshold,2,absolute,retained,sd,beta,frontal,40,0.5399341029467633,0.0015027742713621184,0.0224576989159973,TRUE
cz,threshold,2,absolute,retained,sd,beta,parieto_occipital,40,0.4341114675316518,0.009089250436180966,0.05556447436457799,FALSE
cz,threshold,2,absolute,retained,sd,theta,centro_temporal,40,0.5554028809335476,0.0011387419062633688,0.019590391732530875,TRUE
cz,threshold,2,absolute,retained,sd,theta,frontal,40,0.7909923024716428,1.2418907603176702e-5,0.00261655774227746,TRUE
cz,threshold,2,absolute,retained,sd,theta,parieto_occipital,40,0.4671499878841731,0.005286812459341768,0.0430559302478425,TRUE
cz,threshold,2,rel_1_30,removed,cv,alpha,centro_temporal,40,0.35009518506132137,0.03272929496344416,0.12165535259834692,FALSE
cz,threshold,2,rel_1_30,removed,cv,alpha,frontal,40,0.3508877330287547,0.03235904835231049,0.12155411969146375,FALSE
cz,threshold,2,rel_1_30,removed,cv,alpha,parieto_occipital,40,0.3138134376852875,0.05424112835233149,0.16696308095001558,FALSE
cz,threshold,2,rel_1_30,removed,cv,beta,centro_temporal,40,-0.034375849238961,0.8290207727856549,0.8857943332847311,FALSE
cz,threshold,2,rel_1_30,removed,cv,beta,frontal,40,-0.08984285544958037,0.5731455462132636,0.7230337065792242,FALSE
cz,threshold,2,rel_1_30,removed,cv,beta,parieto_occipital,40,-0.038055138564659786,0.8110625002650862,0.8764344082908991,FALSE
cz,threshold,2,rel_1_30,removed,cv,theta,centro_temporal,40,-0.033265750735425835,0.8344578182879864,0.8886579654652215,FALSE
cz,threshold,2,rel_1_30,removed,cv,theta,frontal,40,0.04145891489059238,0.7945402306363009,0.8643459475976324,FALSE
cz,threshold,2,rel_1_30,removed,cv,theta,parieto_occipital,40,0.0878116469188069,0.5818137761828075,0.7287667402702176,FALSE
cz,threshold,2,rel_1_30,removed,mean,alpha,centro_temporal,40,-0.2824038768534207,0.08186332620791292,0.22166403391607575,FALSE
cz,threshold,2,rel_1_30,removed,mean,alpha,frontal,40,-0.31537647310129174,0.05310766001174499,0.1657163580462797,FALSE
cz,threshold,2,rel_1_30,removed,mean,alpha,parieto_occipital,40,-0.25639464189615147,0.11295088977729627,0.2680410371014704,FALSE
cz,threshold,2,rel_1_30,removed,mean,beta,centro_temporal,40,0.1530726008058989,0.3389520988014043,0.5267169305115348,FALSE
cz,threshold,2,rel_1_30,removed,mean,beta,frontal,40,0.2431412542298901,0.1321818684488752,0.2933351053249011,FALSE
cz,threshold,2,rel_1_30,removed,mean,beta,parieto_occipital,40,0.21420962213574188,0.18328399705761977,0.35403239271600784,FALSE
cz,threshold,2,rel_1_30,removed,mean,theta,centro_temporal,40,0.34711084284778904,0.03415748344343686,0.12342406656884991,FALSE
cz,threshold,2,rel_1_30,removed,mean,theta,frontal,40,0.19559036429805116,0.22347598434433905,0.40262957698368407,FALSE
cz,threshold,2,rel_1_30,removed,mean,theta,parieto_occipital,40,0.07426153496071096,0.6412054989885001,0.7718287863985412,FALSE
cz,threshold,2,rel_1_30,removed,sd,alpha,centro_temporal,40,0.05954487979107094,0.7085159045094815,0.8159574113626248,FALSE
cz,threshold,2,rel_1_30,removed,sd,alpha,frontal,40,-0.04973519232672596,0.7547777770484518,0.8422830640485993,FALSE
cz,threshold,2,rel_1_30,removed,sd,alpha,parieto_occipital,40,0.06016038710516727,0.7056480028311212,0.8150800460509207,FALSE
cz,threshold,2,rel_1_30,removed,sd,beta,centro_temporal,40,0.16421321964974955,0.3053986050292914,0.49351196024683497,FALSE
cz,threshold,2,rel_1_30,removed,sd,beta,frontal,40,0.1269557664727482,0.42687657017500635,0.6062505033960891,FALSE
cz,threshold,2,rel_1_30,removed,sd,beta,parieto_occipital,40,0.13389457455476622,0.4022600629870323,0.588349250058188,FALSE
cz,threshold,2,rel_1_30,removed,sd,theta,centro_temporal,40,0.3886306800945567,0.018522161572129072,0.08478732049079195,FALSE
cz,threshold,2,rel_1_30,removed,sd,theta,frontal,40,0.32877601193906014,0.04420634130151302,0.14781622543156278,FALSE
cz,threshold,2,rel_1_30,removed,sd,theta,parieto_occipital,40,0.32429844398387253,0.04702353157946086,0.1536365468747427,FALSE
cz,threshold,2,rel_1_30,retained,cv,alpha,centro_temporal,40,0.25156538205421664,0.11967518338516138,0.27829781934618414,FALSE
cz,threshold,2,rel_1_30,retained,cv,alpha,frontal,40,0.23069034665366986,0.15256912612793722,0.3193615161715261,FALSE
cz,threshold,2,rel_1_30,retained,cv,alpha,parieto_occipital,40,0.34373486424947247,0.03583954893060886,0.12760454784084913,FALSE
cz,threshold,2,rel_1_30,retained,cv,beta,centro_temporal,40,0.3713289911233874,0.02401294594015692,0.10104148681312781,FALSE
cz,threshold,2,rel_1_30,retained,cv,beta,frontal,40,0.3566266282955274,0.029787485955908265,0.11638622160668054,FALSE
cz,threshold,2,rel_1_30,retained,cv,beta,parieto_occipital,40,0.3642014298080051,0.026673245852063862,0.10780205807985893,FALSE
cz,threshold,2,rel_1_30,retained,cv,theta,centro_temporal,40,0.4347297501771145,0.008999199596930763,0.05546022904911434,FALSE
cz,threshold,2,rel_1_30,retained,cv,theta,frontal,40,0.5724148810768316,8.363159200448077e-4,0.016589777026194963,TRUE
cz,threshold,2,rel_1_30,retained,cv,theta,parieto_occipital,40,0.4022855514501492,0.015023397592502551,0.07382896156296409,FALSE
cz,threshold,2,rel_1_30,retained,mean,alpha,centro_temporal,40,-0.3686649638944344,0.024977973094627584,0.10353343218753949,FALSE
cz,threshold,2,rel_1_30,retained,mean,alpha,frontal,40,-0.4298385522941185,0.009734783233040084,0.05769639818606684,FALSE
cz,threshold,2,rel_1_30,retained,mean,alpha,parieto_occipital,40,-0.24380401348999922,0.13116120754456972,0.2921228509829951,FALSE
cz,threshold,2,rel_1_30,retained,mean,beta,centro_temporal,40,0.07579112656988474,0.634370181202816,0.7678124669158186,FALSE
cz,threshold,2,rel_1_30,retained,mean,beta,frontal,40,0.09432026459106514,0.5542658863163586,0.7107472843001328,FALSE
cz,threshold,2,rel_1_30,retained,mean,beta,parieto_occipital,40,0.056064703451600646,0.7248112559261937,0.825444101652326,FALSE
cz,threshold,2,rel_1_30,retained,mean,theta,centro_temporal,40,0.24237527067722878,0.13336944823134164,0.29496041793143135,FALSE
cz,threshold,2,rel_1_30,retained,mean,theta,frontal,40,0.08658416090979232,0.5870827814105435,0.733961393499729,FALSE
cz,threshold,2,rel_1_30,retained,mean,theta,parieto_occipital,40,0.011481767428988144,0.9424819904006647,0.9597616497322642,FALSE
cz,threshold,2,rel_1_30,retained,sd,alpha,centro_temporal,40,-0.18480414021542313,0.24957737090275575,0.4312696969199619,FALSE
cz,threshold,2,rel_1_30,retained,sd,alpha,frontal,40,-0.35842824584048205,0.029018690708993843,0.11419500959166808,FALSE
cz,threshold,2,rel_1_30,retained,sd,alpha,parieto_occipital,40,-0.04414925534370672,0.7815480578651265,0.858863439508087,FALSE
cz,threshold,2,rel_1_30,retained,sd,beta,centro_temporal,40,0.3293781140336261,0.043839024131974116,0.14702728017842667,FALSE
cz,threshold,2,rel_1_30,retained,sd,beta,frontal,40,0.3628766221285604,0.027195911008020688,0.10863480205871429,FALSE
cz,threshold,2,rel_1_30,retained,sd,beta,parieto_occipital,40,0.3253307987835279,0.04636043310953137,0.15249523175114887,FALSE
cz,threshold,2,rel_1_30,retained,sd,theta,centro_temporal,40,0.4764408402308372,0.0045238213842111385,0.03926030701297524,TRUE
cz,threshold,2,rel_1_30,retained,sd,theta,frontal,40,0.5574864764080211,0.0010967129446522916,0.019207296976613105,TRUE
cz,threshold,2,rel_1_30,retained,sd,theta,parieto_occipital,40,0.34048097650406434,0.03752980387166004,0.131455745453166,FALSE
cz,threshold,2,rel_4_30,removed,cv,alpha,centro_temporal,40,0.34945745635444375,0.03302994688475503,0.12184101848949484,FALSE
cz,threshold,2,rel_4_30,removed,cv,alpha,frontal,40,0.3481318142654829,0.03366277743757775,0.12209037190046855,FALSE
cz,threshold,2,rel_4_30,removed,cv,alpha,parieto_occipital,40,0.31686179898920913,0.052049648098395296,0.1634644844964143,FALSE
cz,threshold,2,rel_4_30,removed,cv,beta,centro_temporal,40,0.007370577427364092,0.9630574694432246,0.9740810200820127,FALSE
cz,threshold,2,rel_4_30,removed,cv,beta,frontal,40,0.009283659206984608,0.9534789245066716,0.9674128545099007,FALSE
cz,threshold,2,rel_4_30,removed,cv,beta,parieto_occipital,40,-0.024305958021545376,0.8786197645248922,0.917616171187485,FALSE
cz,threshold,2,rel_4_30,removed,cv,theta,centro_temporal,40,-0.07577607344151817,0.6344372931433548,0.7678124669158186,FALSE
cz,threshold,2,rel_4_30,removed,cv,theta,frontal,40,-0.002798460245421642,0.9859692040175534,0.9905551072920538,FALSE
cz,threshold,2,rel_4_30,removed,cv,theta,parieto_occipital,40,0.06735645133634009,0.6724501156577878,0.7956439591227872,FALSE
cz,threshold,2,rel_4_30,removed,mean,alpha,centro_temporal,40,-0.28995122094928744,0.07432104576680398,0.20908844134684074,FALSE
cz,threshold,2,rel_4_30,removed,mean,alpha,frontal,40,-0.3251156214954103,0.0464979666256352,0.15268926878418046,FALSE
cz,threshold,2,rel_4_30,removed,mean,alpha,parieto_occipital,40,-0.2670343482355245,0.0992249151412966,0.243408779093694,FALSE
cz,threshold,2,rel_4_30,removed,mean,beta,centro_temporal,40,0.15663437814820552,0.32796676753431553,0.5186247333122302,FALSE
cz,threshold,2,rel_4_30,removed,mean,beta,frontal,40,0.26104168953267926,0.10677544767378062,0.25763026973057773,FALSE
cz,threshold,2,rel_4_30,removed,mean,beta,parieto_occipital,40,0.22303247698144077,0.16629500645264428,0.3363969745514469,FALSE
cz,threshold,2,rel_4_30,removed,mean,theta,centro_temporal,40,0.3449456133511613,0.03522803972685421,0.12612027482321286,FALSE
cz,threshold,2,rel_4_30,removed,mean,theta,frontal,40,0.19225086901266256,0.23133125078669092,0.4121979390736271,FALSE
cz,threshold,2,rel_4_30,removed,mean,theta,parieto_occipital,40,0.07706941925490851,0.6286825593675089,0.764327014015283,FALSE
cz,threshold,2,rel_4_30,removed,sd,alpha,centro_temporal,40,0.08068879221515668,0.6127031687761462,0.7552916677874624,FALSE
cz,threshold,2,rel_4_30,removed,sd,alpha,frontal,40,-0.049773339058039226,0.7545959667137654,0.8422830640485993,FALSE
cz,threshold,2,rel_4_30,removed,sd,alpha,parieto_occipital,40,0.08042823737483994,0.6138472665651878,0.7557435631429544,FALSE
cz,threshold,2,rel_4_30,removed,sd,beta,centro_temporal,40,0.29809139974993,0.06685581508037466,0.19456243191055142,FALSE
cz,threshold,2,rel_4_30,removed,sd,beta,frontal,40,0.31518875881055197,0.05324269019644224,0.16587145791968544,FALSE
cz,threshold,2,rel_4_30,removed,sd,beta,parieto_occipital,40,0.1819226702769233,0.2569111071589576,0.4388709950061631,FALSE
cz,threshold,2,rel_4_30,removed,sd,theta,centro_temporal,40,0.36709865831739447,0.025561506019695847,0.10527874513196764,FALSE
cz,threshold,2,rel_4_30,removed,sd,theta,frontal,40,0.3077920855154438,0.05880570191412507,0.1764171057423752,FALSE
cz,threshold,2,rel_4_30,removed,sd,theta,parieto_occipital,40,0.31722134715289324,0.05179630811893754,0.16346107627145223,FALSE
cz,threshold,2,rel_4_30,retained,cv,alpha,centro_temporal,40,0.27022132041923264,0.0953931238729377,0.2376627364690637,FALSE
cz,threshold,2,rel_4_30,retained,cv,alpha,frontal,40,0.30938004327115265,0.05757084226130791,0.17378527539748848,FALSE
cz,threshold,2,rel_4_30,retained,cv,alpha,parieto_occipital,40,0.27521821219919823,0.08963356011383836,0.23111712240458046,FALSE
cz,threshold,2,rel_4_30,retained,cv,beta,centro_temporal,40,0.20443232779948306,0.20363769147343436,0.37846240174412654,FALSE
cz,threshold,2,rel_4_30,retained,cv,beta,frontal,40,0.07858657326319274,0.6219617653350057,0.7606903915493748,FALSE
cz,threshold,2,rel_4_30,retained,cv,beta,parieto_occipital,40,0.20862322021876453,0.1947129787434946,0.36745624354259826,FALSE
cz,threshold,2,rel_4_30,retained,cv,theta,centro_temporal,40,0.23711234569238418,0.1417625674798865,0.30373520856930775,FALSE
cz,threshold,2,rel_4_30,retained,cv,theta,frontal,40,0.17257539727498278,0.2817665796627159,0.47098386144825427,FALSE
cz,threshold,2,rel_4_30,retained,cv,theta,parieto_occipital,40,0.395887113296274,0.01657990966405364,0.07885939401387991,FALSE
cz,threshold,2,rel_4_30,retained,mean,alpha,centro_temporal,40,-0.35134704645402814,0.03214618552133573,0.12134404787082848,FALSE
cz,threshold,2,rel_4_30,retained,mean,alpha,frontal,40,-0.4016507692366289,0.015171620996119073,0.07391887522921173,FALSE
cz,threshold,2,rel_4_30,retained,mean,alpha,parieto_occipital,40,-0.2506385743873125,0.1210022275926535,0.278887234482554,FALSE
cz,threshold,2,rel_4_30,retained,mean,beta,centro_temporal,40,0.07439177976022893,0.6406222277651099,0.7716044676427347,FALSE
cz,threshold,2,rel_4_30,retained,mean,beta,frontal,40,0.15580066315826255,0.33051638745038303,0.519001500164414,FALSE
cz,threshold,2,rel_4_30,retained,mean,beta,parieto_occipital,40,0.08781802819376175,0.5817864445291949,0.7287667402702176,FALSE
cz,threshold,2,rel_4_30,retained,mean,theta,centro_temporal,40,0.3032191691954997,0.06249014064143082,0.18378340908765733,FALSE
cz,threshold,2,rel_4_30,retained,mean,theta,frontal,40,0.20915766660195131,0.1935966058018125,0.3664574505148233,FALSE
cz,threshold,2,rel_4_30,retained,mean,theta,parieto_occipital,40,0.1412623795359787,0.37711157613694246,0.5626886347590212,FALSE
cz,threshold,2,rel_4_30,retained,sd,alpha,centro_temporal,40,-0.1221091445645148,0.4446000638255764,0.6182421488389989,FALSE
cz,threshold,2,rel_4_30,retained,sd,alpha,frontal,40,-0.3125589442622661,0.05516596041673797,0.1683557724491972,FALSE
cz,threshold,2,rel_4_30,retained,sd,alpha,parieto_occipital,40,-0.021083195204819456,0.8946087210424076,0.9312288610896876,FALSE
cz,threshold,2,rel_4_30,retained,sd,beta,centro_temporal,40,0.33285581489870275,0.041769372348670314,0.14270590482568557,FALSE
cz,threshold,2,rel_4_30,retained,sd,beta,frontal,40,0.3373541191442239,0.039220066187771296,0.1356651399804758,FALSE
cz,threshold,2,rel_4_30,retained,sd,beta,parieto_occipital,40,0.2515846852381677,0.1196476706174037,0.27829781934618414,FALSE
cz,threshold,2,rel_4_30,retained,sd,theta,centro_temporal,40,0.4265023290611081,0.010268029201749651,0.058637364131908704,FALSE
cz,threshold,2,rel_4_30,retained,sd,theta,frontal,40,0.43755514300481385,0.008598123973322705,0.05456026398643714,FALSE
cz,threshold,2,rel_4_30,retained,sd,theta,parieto_occipital,40,0.46504173929734743,0.00547600575059006,0.04352146590270245,TRUE
cz,threshold,4,absolute,removed,cv,alpha,centro_temporal,40,0.31695850369181794,0.05198140371817283,0.1634644844964143,FALSE
cz,threshold,4,absolute,removed,cv,alpha,frontal,40,0.24393179856227373,0.13096514808335893,0.2921228509829951,FALSE
cz,threshold,4,absolute,removed,cv,alpha,parieto_occipital,40,0.32246482558443973,0.048221741051962995,0.15623844100836012,FALSE
cz,threshold,4,absolute,removed,cv,beta,centro_temporal,40,0.17987911121467662,0.26220561049107866,0.44401368187687884,FALSE
cz,threshold,4,absolute,removed,cv,beta,frontal,40,0.20560968018770237,0.20109976049028863,0.37629931438348146,FALSE
cz,threshold,4,absolute,removed,cv,beta,parieto_occipital,40,0.10335719275584307,0.5171485891873535,0.6820467146405802,FALSE
cz,threshold,4,absolute,removed,cv,theta,centro_temporal,40,0.11455911522630241,0.473061616056048,0.6476280152203925,FALSE
cz,threshold,4,absolute,removed,cv,theta,frontal,40,0.12234518559016587,0.4437269048548391,0.6174696514229114,FALSE
cz,threshold,4,absolute,removed,cv,theta,parieto_occipital,40,0.17919297836326858,0.26400070159131006,0.4458882396989633,FALSE
cz,threshold,4,absolute,removed,mean,alpha,centro_temporal,40,-0.28595295008409394,0.07823980870942916,0.21697316423841698,FALSE
cz,threshold,4,absolute,removed,mean,alpha,frontal,40,-0.3367915065108481,0.0395312221032702,0.1360153907411633,FALSE
cz,threshold,4,absolute,removed,mean,alpha,parieto_occipital,40,-0.222885132230296,0.1665682743440405,0.3364203691588927,FALSE
cz,threshold,4,absolute,removed,mean,beta,centro_temporal,40,0.19119044328593168,0.2338677614389042,0.4155748886994788,FALSE
cz,threshold,4,absolute,removed,mean,beta,frontal,40,0.2482556370442214,0.12446917634362417,0.2816857727729981,FALSE
cz,threshold,4,absolute,removed,mean,beta,parieto_occipital,40,0.11509148148974427,0.47102116890029566,0.6457441130762869,FALSE
cz,threshold,4,absolute,removed,mean,theta,centro_temporal,40,0.4610688603861363,0.005849893217120713,0.04442262661751042,TRUE
cz,threshold,4,absolute,removed,mean,theta,frontal,40,0.28553429741231245,0.07866006527416498,0.21771289757669982,FALSE
cz,threshold,4,absolute,removed,mean,theta,parieto_occipital,40,0.08964719480588311,0.5739777567407985,0.7236139812607733,FALSE
cz,threshold,4,absolute,removed,sd,alpha,centro_temporal,40,-0.017357885502356517,0.9131460943741991,0.9426842474341981,FALSE
cz,threshold,4,absolute,removed,sd,alpha,frontal,40,-0.15246653182130396,0.34084550610648157,0.5275506877953823,FALSE
cz,threshold,4,absolute,removed,sd,alpha,parieto_occipital,40,-0.009588958737100743,0.9519509388798969,0.9672649711178841,FALSE
cz,threshold,4,absolute,removed,sd,beta,centro_temporal,40,0.3183867304364161,0.05098252332786162,0.16168030236437683,FALSE
cz,threshold,4,absolute,removed,sd,beta,frontal,40,0.393865207503224,0.017101535792803525,0.07991679226252417,FALSE
cz,threshold,4,absolute,removed,sd,beta,parieto_occipital,40,0.18177714896735667,0.25728555970527844,0.43912478320198534,FALSE
cz,threshold,4,absolute,removed,sd,theta,centro_temporal,40,0.5015613949158939,0.0029469694432506578,0.030817752582125824,TRUE
cz,threshold,4,absolute,removed,sd,theta,frontal,40,0.5772561160101591,7.654806847976445e-4,0.01599296696226898,TRUE
cz,threshold,4,absolute,removed,sd,theta,parieto_occipital,40,0.3813136986324628,0.020687858764748646,0.09140272145152584,FALSE
cz,threshold,4,absolute,retained,cv,alpha,centro_temporal,40,-0.035539051103773124,0.8233327561729877,0.8827865309702692,FALSE
cz,threshold,4,absolute,retained,cv,alpha,frontal,40,-0.13339766997128158,0.4039929895487473,0.5887274150545463,FALSE
cz,threshold,4,absolute,retained,cv,alpha,parieto_occipital,40,-0.0771008112081703,0.6285431700589664,0.764327014015283,FALSE
cz,threshold,4,absolute,retained,cv,beta,centro_temporal,40,0.27664849575329165,0.08803952098268829,0.22875632785799116,FALSE
cz,threshold,4,absolute,retained,cv,beta,frontal,40,0.5311163328299372,0.0017576308417660248,0.02417855313020463,TRUE
cz,threshold,4,absolute,retained,cv,beta,parieto_occipital,40,0.3475701895656329,0.03393411634926457,0.12284529270571755,FALSE
cz,threshold,4,absolute,retained,cv,theta,centro_temporal,40,0.4802659936960921,0.00424084930930991,0.03764479934839481,TRUE
cz,threshold,4,absolute,retained,cv,theta,frontal,40,0.4352732813214848,0.00892072014067071,0.05522891704924796,FALSE
cz,threshold,4,absolute,retained,cv,theta,parieto_occipital,40,0.5145139158996719,0.0023534731564190652,0.028416738905390516,TRUE
cz,threshold,4,absolute,retained,mean,alpha,centro_temporal,40,-0.10302718985201312,0.5184801285738923,0.6833392338628113,FALSE
cz,threshold,4,absolute,retained,mean,alpha,frontal,40,0.06680276293115014,0.6749820828270787,0.797402800741794,FALSE
cz,threshold,4,absolute,retained,mean,alpha,parieto_occipital,40,-0.10234619624497046,0.5212336997697441,0.6846141964087057,FALSE
cz,threshold,4,absolute,retained,mean,beta,centro_temporal,40,0.28457459018908404,0.07963065308776526,0.21833849027167232,FALSE
cz,threshold,4,absolute,retained,mean,beta,frontal,40,0.4017843655200427,0.015140315222728,0.07391887522921173,FALSE
cz,threshold,4,absolute,retained,mean,beta,parieto_occipital,40,0.24602867382805554,0.12778153546735146,0.2881755277825188,FALSE
cz,threshold,4,absolute,retained,mean,theta,centro_temporal,40,0.7569598274727014,2.44363087941872e-5,0.003654168022761532,TRUE
cz,threshold,4,absolute,retained,mean,theta,frontal,40,0.7272401797543704,4.3925046929186486e-5,0.0047439050683521404,TRUE
cz,threshold,4,absolute,retained,mean,theta,parieto_occipital,40,0.2514197912180595,0.119882859416877,0.27843760896823044,FALSE
cz,threshold,4,absolute,retained,sd,alpha,centro_temporal,40,-0.13760227708075431,0.38947636014788967,0.5761454832148374,FALSE
cz,threshold,4,absolute,retained,sd,alpha,frontal,40,-0.14184037251150328,0.3751821930229432,0.5619061504134064,FALSE
cz,threshold,4,absolute,retained,sd,alpha,parieto_occipital,40,-0.1335678895090299,0.40339883649911124,0.5884520626265117,FALSE
cz,threshold,4,absolute,retained,sd,beta,centro_temporal,40,0.352634087465968,0.03155634771727041,0.11934929953769197,FALSE
cz,threshold,4,absolute,retained,sd,beta,frontal,40,0.560859470861944,0.001031814863239977,0.018997949194317614,TRUE
cz,threshold,4,absolute,retained,sd,beta,parieto_occipital,40,0.34979496536960153,0.032870526542845245,0.12184101848949484,FALSE
cz,threshold,4,absolute,retained,sd,theta,centro_temporal,40,0.42013844344898865,0.011360774077929573,0.06292121027776379,FALSE
cz,threshold,4,absolute,retained,sd,theta,frontal,40,0.6638973958976603,1.5042469152143427e-4,0.0071717870255074605,TRUE
cz,threshold,4,absolute,retained,sd,theta,parieto_occipital,40,0.3495293202514461,0.03299594492309774,0.12184101848949484,FALSE
cz,threshold,4,rel_1_30,removed,cv,alpha,centro_temporal,40,0.35379354807731106,0.031033253804921144,0.11899141103898758,FALSE
cz,threshold,4,rel_1_30,removed,cv,alpha,frontal,40,0.3081851746484614,0.058497911253114994,0.17585775949179014,FALSE
cz,threshold,4,rel_1_30,removed,cv,alpha,parieto_occipital,40,0.35558589182136907,0.030239836267080045,0.11710406713785579,FALSE
cz,threshold,4,rel_1_30,removed,cv,beta,centro_temporal,40,0.029596001026260157,0.8524886994126077,0.9026350934957024,FALSE
cz,threshold,4,rel_1_30,removed,cv,beta,frontal,40,0.0447827440746309,0.7784978561318875,0.8574503299265661,FALSE
cz,threshold,4,rel_1_30,removed,cv,beta,parieto_occipital,40,-0.05582143049928234,0.7259553039471149,0.8262629454761073,FALSE
cz,threshold,4,rel_1_30,removed,cv,theta,centro_temporal,40,0.0018847473765318807,0.9905500606334382,0.9939665052962064,FALSE
cz,threshold,4,rel_1_30,removed,cv,theta,frontal,40,0.06140076317293976,0.6998817966009903,0.8132862200963591,FALSE
cz,threshold,4,rel_1_30,removed,cv,theta,parieto_occipital,40,0.16943601440013645,0.29048321268307253,0.478153569395337,FALSE
cz,threshold,4,rel_1_30,removed,mean,alpha,centro_temporal,40,-0.28071039862613784,0.0836415614070598,0.2231464212424277,FALSE
cz,threshold,4,rel_1_30,removed,mean,alpha,frontal,40,-0.32080472295942364,0.04932945497314664,0.1582449842702922,FALSE
cz,threshold,4,rel_1_30,removed,mean,alpha,parieto_occipital,40,-0.2770067881373166,0.08764394684148737,0.22808545202122013,FALSE
cz,threshold,4,rel_1_30,removed,mean,beta,centro_temporal,40,0.15704224574320474,0.3267242911369671,0.5179558117614511,FALSE
cz,threshold,4,rel_1_30,removed,mean,beta,frontal,40,0.24081564517255624,0.13581399391794613,0.2979936841721076,FALSE
cz,threshold,4,rel_1_30,removed,mean,beta,parieto_occipital,40,0.19078812780874077,0.2348354288118934,0.4166920012740112,FALSE
cz,threshold,4,rel_1_30,removed,mean,theta,centro_temporal,40,0.3293334758784921,0.04386616383924253,0.14702728017842667,FALSE
cz,threshold,4,rel_1_30,removed,mean,theta,frontal,40,0.2115590414199544,0.18864070928616064,0.3605875504939,FALSE
cz,threshold,4,rel_1_30,removed,mean,theta,parieto_occipital,40,0.09692713817464046,0.5434210343096646,0.7028679246160932,FALSE
cz,threshold,4,rel_1_30,removed,sd,alpha,centro_temporal,40,0.12343887083591304,0.4396944634315487,0.6149395948999502,FALSE
cz,threshold,4,rel_1_30,removed,sd,alpha,frontal,40,0.0037091326553278766,0.9814040685422779,0.9874997459866398,FALSE
cz,threshold,4,rel_1_30,removed,sd,alpha,parieto_occipital,40,0.11440865449452219,0.4736392148116577,0.6479624444714023,FALSE
cz,threshold,4,rel_1_30,removed,sd,beta,centro_temporal,40,0.13709116684392295,0.39122319969729835,0.5767688899072214,FALSE
cz,threshold,4,rel_1_30,removed,sd,beta,frontal,40,0.2405195710918865,0.13628209315173,0.2981119662862034,FALSE
cz,threshold,4,rel_1_30,removed,sd,beta,parieto_occipital,40,0.036699721474096184,0.8176667128424531,0.8806922899436628,FALSE
cz,threshold,4,rel_1_30,removed,sd,theta,centro_temporal,40,0.3597166514362635,0.028479824331110508,0.11256939119936761,FALSE
cz,threshold,4,rel_1_30,removed,sd,theta,frontal,40,0.4176151776685839,0.011822995066457674,0.06431946096817918,FALSE
cz,threshold,4,rel_1_30,removed,sd,theta,parieto_occipital,40,0.34873993044301566,0.03337115174786707,0.12190716657817385,FALSE
cz,threshold,4,rel_1_30,retained,cv,alpha,centro_temporal,40,0.25078625643536334,0.12078997232689877,0.278887234482554,FALSE
cz,threshold,4,rel_1_30,retained,cv,alpha,frontal,40,0.20397264713336816,0.2046351390868628,0.37995292300368794,FALSE
cz,threshold,4,rel_1_30,retained,cv,alpha,parieto_occipital,40,0.2907371995365707,0.07357061097779106,0.20757803735968916,FALSE
cz,threshold,4,rel_1_30,retained,cv,beta,centro_temporal,40,0.296516440630745,0.06824802231257728,0.19772601397265308,FALSE
cz,threshold,4,rel_1_30,retained,cv,beta,frontal,40,0.42785936336103814,0.0100479494722656,0.05789434505696291,FALSE
cz,threshold,4,rel_1_30,retained,cv,beta,parieto_occipital,40,0.24899621244289508,0.12338318987711372,0.28086290529403873,FALSE
cz,threshold,4,rel_1_30,retained,cv,theta,centro_temporal,40,0.44193172618183907,0.008009490822135302,0.053243156856364555,FALSE
cz,threshold,4,rel_1_30,retained,cv,theta,frontal,40,0.6112230380241569,4.082473595785809e-4,0.012400513547199395,TRUE
cz,threshold,4,rel_1_30,retained,cv,theta,parieto_occipital,40,0.4173213813054754,0.011877925147930209,0.06431946096817918,FALSE
cz,threshold,4,rel_1_30,retained,mean,alpha,centro_temporal,40,-0.4072227034944356,0.013915022888643254,0.0700798043925453,FALSE
cz,threshold,4,rel_1_30,retained,mean,alpha,frontal,40,-0.4512735822298299,0.006876250672911373,0.04843272213094098,TRUE
cz,threshold,4,rel_1_30,retained,mean,alpha,parieto_occipital,40,-0.26603051224103386,0.10045796546570629,0.24503172505060605,FALSE
cz,threshold,4,rel_1_30,retained,mean,beta,centro_temporal,40,0.048197757463303716,0.7621169563566659,0.8461195677654817,FALSE
cz,threshold,4,rel_1_30,retained,mean,beta,frontal,40,0.06194971205667749,0.697335569056269,0.8117487103265789,FALSE
cz,threshold,4,rel_1_30,retained,mean,beta,parieto_occipital,40,0.03978074150088253,0.8026748044248571,0.8697880823868016,FALSE
cz,threshold,4,rel_1_30,retained,mean,theta,centro_temporal,40,0.23777276541867287,0.1406867619860825,0.30242105880671283,FALSE
cz,threshold,4,rel_1_30,retained,mean,theta,frontal,40,0.0829815213655581,0.6026782812009912,0.7476749066079942,FALSE
cz,threshold,4,rel_1_30,retained,mean,theta,parieto_occipital,40,-0.015659287627835087,0.9216153907270207,0.9444610327925691,FALSE
cz,threshold,4,rel_1_30,retained,sd,alpha,centro_temporal,40,-0.12105982347285066,0.44849400067627254,0.6218775587123209,FALSE
cz,threshold,4,rel_1_30,retained,sd,alpha,frontal,40,-0.26360505923790273,0.10348966060349193,0.2514798752664854,FALSE
cz,threshold,4,rel_1_30,retained,sd,alpha,parieto_occipital,40,-0.03668859570162195,0.8177209790886375,0.8806922899436628,FALSE
cz,threshold,4,rel_1_30,retained,sd,beta,centro_temporal,40,0.1535018004286295,0.3376154938164251,0.525479999983291,FALSE
cz,threshold,4,rel_1_30,retained,sd,beta,frontal,40,0.3033814660371023,0.062356057846174553,0.1836669340196414,FALSE
cz,threshold,4,rel_1_30,retained,sd,beta,parieto_occipital,40,0.07993403497467945,0.6160199957280111,0.7569803234483272,FALSE
cz,threshold,4,rel_1_30,retained,sd,theta,centro_temporal,40,0.5036222104237995,0.002843881028040198,0.030210408297869643,TRUE
cz,threshold,4,rel_1_30,retained,sd,theta,frontal,40,0.6283989668586379,2.9566840621612634e-4,0.010471012823807536,TRUE
cz,threshold,4,rel_1_30,retained,sd,theta,parieto_occipital,40,0.3716257987750596,0.02390753486236778,0.10103532124444121,FALSE
cz,threshold,4,rel_4_30,removed,cv,alpha,centro_temporal,40,0.3394379244127724,0.03808634460426104,0.13292612910356097,FALSE
cz,threshold,4,rel_4_30,removed,cv,alpha,frontal,40,0.3179380160919113,0.051294533704197294,0.1624048428680123,FALSE
cz,threshold,4,rel_4_30,removed,cv,alpha,parieto_occipital,40,0.3459270742161451,0.03473914255323631,0.12459943380717968,FALSE
cz,threshold,4,rel_4_30,removed,cv,beta,centro_temporal,40,0.07109077259983161,0.655475292527707,0.7833666572180118,FALSE
cz,threshold,4,rel_4_30,removed,cv,beta,frontal,40,0.14251353559825344,0.37294312674978325,0.5594146901246748,FALSE
cz,threshold,4,rel_4_30,removed,cv,beta,parieto_occipital,40,-0.004298783485560703,0.9784485188836911,0.9862867298058418,FALSE
cz,threshold,4,rel_4_30,removed,cv,theta,centro_temporal,40,-0.054390028832027024,0.7326995968696015,0.8288367824533117,FALSE
cz,threshold,4,rel_4_30,removed,cv,theta,frontal,40,0.009480603259974343,0.9524932236672108,0.9672649711178841,FALSE
cz,threshold,4,rel_4_30,removed,cv,theta,parieto_occipital,40,0.1398298714535828,0.3819207287073849,0.5680426522602237,FALSE
cz,threshold,4,rel_4_30,removed,mean,alpha,centro_temporal,40,-0.28228820500875135,0.08198376563048275,0.22166403391607575,FALSE
cz,threshold,4,rel_4_30,removed,mean,alpha,frontal,40,-0.32984181968739595,0.04355796406022294,0.14675334858418268,FALSE
cz,threshold,4,rel_4_30,removed,mean,alpha,parieto_occipital,40,-0.2789137668353552,0.08556351858848854,0.22597222606893944,FALSE
cz,threshold,4,rel_4_30,removed,mean,beta,centro_temporal,40,0.163852588085804,0.30644765471066554,0.494795881027852,FALSE
cz,threshold,4,rel_4_30,removed,mean,beta,frontal,40,0.2669796733396247,0.0992917499080758,0.243408779093694,FALSE
cz,threshold,4,rel_4_30,removed,mean,beta,parieto_occipital,40,0.2228396577170197,0.1666526828703774,0.3364203691588927,FALSE
cz,threshold,4,rel_4_30,removed,mean,theta,centro_temporal,40,0.33055486958556346,0.043128856523589096,0.1455598907671132,FALSE
cz,threshold,4,rel_4_30,removed,mean,theta,frontal,40,0.2107986931889121,0.1901992737917017,0.36243843310497764,FALSE
cz,threshold,4,rel_4_30,removed,mean,theta,parieto_occipital,40,0.11073408106663642,0.4878698247433968,0.6604588713796402,FALSE
cz,threshold,4,rel_4_30,removed,sd,alpha,centro_temporal,40,0.13465821533956313,0.3996059521353168,0.5854061574612328,FALSE
cz,threshold,4,rel_4_30,removed,sd,alpha,frontal,40,0.01687489251476531,0.9155533239393023,0.9435364391045575,FALSE
cz,threshold,4,rel_4_30,removed,sd,alpha,parieto_occipital,40,0.12580033099277604,0.4310625931671678,0.6098876864024557,FALSE
cz,threshold,4,rel_4_30,removed,sd,beta,centro_temporal,40,0.22208213289220166,0.1680636968016214,0.33860232750080604,FALSE
cz,threshold,4,rel_4_30,removed,sd,beta,frontal,40,0.37415756308302145,0.023025186656877156,0.09838327275916595,FALSE
cz,threshold,4,rel_4_30,removed,sd,beta,parieto_occipital,40,0.13843419780263358,0.38664363505479526,0.5728927031604588,FALSE
cz,threshold,4,rel_4_30,removed,sd,theta,centro_temporal,40,0.3195184717075859,0.05020289783870813,0.15946802842883756,FALSE
cz,threshold,4,rel_4_30,removed,sd,theta,frontal,40,0.3885803653868188,0.01853632263816182,0.08478732049079195,FALSE
cz,threshold,4,rel_4_30,removed,sd,theta,parieto_occipital,40,0.32820404277263115,0.0445577716578682,0.14781622543156278,FALSE
cz,threshold,4,rel_4_30,retained,cv,alpha,centro_temporal,40,0.2525444067034016,0.11828625927775062,0.27671298199271627,FALSE
cz,threshold,4,rel_4_30,retained,cv,alpha,frontal,40,0.22685470425415977,0.15932795077142145,0.32950376202089715,FALSE
cz,threshold,4,rel_4_30,retained,cv,alpha,parieto_occipital,40,0.22188803820413738,0.16842672535975695,0.33860232750080604,FALSE
cz,threshold,4,rel_4_30,retained,cv,beta,centro_temporal,40,0.16922147419270842,0.2910857019756826,0.4787399362442699,FALSE
cz,threshold,4,rel_4_30,retained,cv,beta,frontal,40,0.18677755895689208,0.2446431816737213,0.42653483872081993,FALSE
cz,threshold,4,rel_4_30,retained,cv,beta,parieto_occipital,40,0.17593598306526845,0.27264184437985106,0.4580948534783323,FALSE
cz,threshold,4,rel_4_30,retained,cv,theta,centro_temporal,40,0.23160961052352944,0.15098342164261794,0.31765343254680656,FALSE
cz,threshold,4,rel_4_30,retained,cv,theta,frontal,40,0.1707370864913566,0.28684811068823235,0.4749852872043643,FALSE
cz,threshold,4,rel_4_30,retained,cv,theta,parieto_occipital,40,0.452322802819301,0.0067587669160044965,0.047778337762591785,TRUE
cz,threshold,4,rel_4_30,retained,mean,alpha,centro_temporal,40,-0.3655276459827613,0.026159067508207134,0.10719434190360234,FALSE
cz,threshold,4,rel_4_30,retained,mean,alpha,frontal,40,-0.41732219630553946,0.011877772445675738,0.06431946096817918,FALSE
cz,threshold,4,rel_4_30,retained,mean,alpha,parieto_occipital,40,-0.25210952247233664,0.11890159208056451,0.2774846278566836,FALSE
cz,threshold,4,rel_4_30,retained,mean,beta,centro_temporal,40,0.07021686196436497,0.6594316456524412,0.784611677289897,FALSE
cz,threshold,4,rel_4_30,retained,mean,beta,frontal,40,0.13900364251707642,0.3847122006935959,0.5709011588918705,FALSE
cz,threshold,4,rel_4_30,retained,mean,beta,parieto_occipital,40,0.09524488477565037,0.550406810490922,0.7081342419552299,FALSE
cz,threshold,4,rel_4_30,retained,mean,theta,centro_temporal,40,0.33947589759194885,0.038065956107419245,0.13292612910356097,FALSE
cz,threshold,4,rel_4_30,retained,mean,theta,frontal,40,0.2589879497329459,0.10946952830317291,0.26177300509267365,FALSE
cz,threshold,4,rel_4_30,retained,mean,theta,parieto_occipital,40,0.1263299672794915,0.4291407131914885,0.6080536052800682,FALSE
cz,threshold,4,rel_4_30,retained,sd,alpha,centro_temporal,40,-0.05486737505616906,0.730448083829155,0.8274236834123593,FALSE
cz,threshold,4,rel_4_30,retained,sd,alpha,frontal,40,-0.20457179570890896,0.2033357921759721,0.3784471218488515,FALSE
cz,threshold,4,rel_4_30,retained,sd,alpha,parieto_occipital,40,-0.02011021990364343,0.8994449752881661,0.9335403267272797,FALSE
cz,threshold,4,rel_4_30,retained,sd,beta,centro_temporal,40,0.21926075904420408,0.17340104850516688,0.3439710594837188,FALSE
cz,threshold,4,rel_4_30,retained,sd,beta,frontal,40,0.3719267722876908,0.023801070089221926,0.10080453214258699,FALSE
cz,threshold,4,rel_4_30,retained,sd,beta,parieto_occipital,40,0.16807050509577504,0.294332846912783,0.4812304915041633,FALSE
cz,threshold,4,rel_4_30,retained,sd,theta,centro_temporal,40,0.41523864932203414,0.012274113991525013,0.06537226739595788,FALSE
cz,threshold,4,rel_4_30,retained,sd,theta,frontal,40,0.46323317653483576,0.005643343927584736,0.04353436744136796,TRUE
cz,threshold,4,rel_4_30,retained,sd,theta,parieto_occipital,40,0.4485687628866904,0.007187960116163104,0.049904980235075266,TRUE
mastoid,ica,2,absolute,removed,cv,alpha,centro_temporal,40,0.32786820699177965,0.044765255229036995,0.1480621481535568,FALSE
mastoid,ica,2,absolute,removed,cv,alpha,frontal,40,0.3725402448506104,0.02358538518682941,0.10032820307045158,FALSE
mastoid,ica,2,absolute,removed,cv,alpha,parieto_occipital,40,0.2943350664610008,0.07021711601991558,0.20170936566246195,FALSE
mastoid,ica,2,absolute,removed,cv,beta,centro_temporal,40,0.025056744543014108,0.874902038933798,0.9158909874460439,FALSE
mastoid,ica,2,absolute,removed,cv,beta,frontal,40,0.035453156505333955,0.8237524522531215,0.8827865309702692,FALSE
mastoid,ica,2,absolute,removed,cv,beta,parieto_occipital,40,0.03617428969628114,0.8202305064101227,0.8810222418003213,FALSE
mastoid,ica,2,absolute,removed,cv,theta,centro_temporal,40,-0.2337947580648764,0.14726646572190918,0.3121984834933385,FALSE
mastoid,ica,2,absolute,removed,cv,theta,frontal,40,0.1007116780880098,0.5278745869770683,0.6901063867407,FALSE
mastoid,ica,2,absolute,removed,cv,theta,parieto_occipital,40,-0.026440565586160994,0.8680572409366603,0.9126572614282681,FALSE
mastoid,ica,2,absolute,removed,mean,alpha,centro_temporal,40,-0.20097806469862656,0.21122349692750067,0.3870108181216412,FALSE
mastoid,ica,2,absolute,removed,mean,alpha,frontal,40,-0.23803426420935772,0.14026259392773271,0.30242105880671283,FALSE
mastoid,ica,2,absolute,removed,mean,alpha,parieto_occipital,40,-0.09459172592365828,0.5531314664384602,0.7102295711732938,FALSE
mastoid,ica,2,absolute,removed,mean,beta,centro_temporal,40,0.18695614926353868,0.24420018152549008,0.42653483872081993,FALSE
mastoid,ica,2,absolute,removed,mean,beta,frontal,40,0.028322895827229834,0.8587632347408632,0.9046463620696988,FALSE
mastoid,ica,2,absolute,removed,mean,beta,parieto_occipital,40,0.043047159132785805,0.7868628720085039,0.8608111554217961,FALSE
mastoid,ica,2,absolute,removed,mean,theta,centro_temporal,40,0.7660249240089649,2.0415377085449858e-5,0.003307291087842877,TRUE
mastoid,ica,2,absolute,removed,mean,theta,frontal,40,0.2178610317980444,0.17609738140117095,0.34756827353669933,FALSE
mastoid,ica,2,absolute,removed,mean,theta,parieto_occipital,40,0.19537058727711276,0.22398678242950978,0.40317620837311763,FALSE
mastoid,ica,2,absolute,removed,sd,alpha,centro_temporal,40,-0.014166918468563947,0.9290640824015155,0.9490807021484741,FALSE
mastoid,ica,2,absolute,removed,sd,alpha,frontal,40,-0.05146395266425365,0.7465526940502033,0.8384161971309043,FALSE
mastoid,ica,2,absolute,removed,sd,alpha,parieto_occipital,40,0.07044377988161561,0.6584033891436618,0.784611677289897,FALSE
mastoid,ica,2,absolute,removed,sd,beta,centro_temporal,40,0.2556885098765045,0.113914375539599,0.26940334069219035,FALSE
mastoid,ica,2,absolute,removed,sd,beta,frontal,40,0.041147798646385805,0.796046575933826,0.865500304035435,FALSE
mastoid,ica,2,absolute,removed,sd,beta,parieto_occipital,40,0.14863312000404066,0.35298405623432927,0.5386193134376265,FALSE
mastoid,ica,2,absolute,removed,sd,theta,centro_temporal,40,0.7005820956546577,7.399629329245434e-5,0.005610243361753921,TRUE
mastoid,ica,2,absolute,removed,sd,theta,frontal,40,0.4066871034767386,0.014031531838044474,0.07048397388413039,FALSE
mastoid,ica,2,absolute,removed,sd,theta,parieto_occipital,40,0.6334608012622889,2.6869920309983904e-4,0.010045216362040137,TRUE
mastoid,ica,2,absolute,retained,cv,alpha,centro_temporal,40,0.10980183087044904,0.4915179398329761,0.6621425983782622,FALSE
mastoid,ica,2,absolute,retained,cv,alpha,frontal,40,0.19320458012264832,0.22906738831892953,0.40891368493296515,FALSE
mastoid,ica,2,absolute,retained,cv,alpha,parieto_occipital,40,0.14616204032372654,0.36095755556597153,0.5456465692225884,FALSE
mastoid,ica,2,absolute,retained,cv,beta,centro_temporal,40,0.5036675117217378,0.0028416537824716703,0.030210408297869643,TRUE
mastoid,ica,2,absolute,retained,cv,beta,frontal,40,0.5680719349127411,9.051985554020783e-4,0.017422831601006338,TRUE
mastoid,ica,2,absolute,retained,cv,beta,parieto_occipital,40,0.5412332013146447,0.001468353901130067,0.022295406110948518,TRUE
mastoid,ica,2,absolute,retained,cv,theta,centro_temporal,40,0.5053885700370457,0.002758252228352628,0.029887827886372998,TRUE
mastoid,ica,2,absolute,retained,cv,theta,frontal,40,0.386772191827177,0.019051808779745844,0.08613189829726958,FALSE
mastoid,ica,2,absolute,retained,cv,theta,parieto_occipital,40,0.40915710131380495,0.013501582437694193,0.06853022521900133,FALSE
mastoid,ica,2,absolute,retained,mean,alpha,centro_temporal,40,-0.053945571882177815,0.734798131118592,0.8295282037715116,FALSE
mastoid,ica,2,absolute,retained,mean,alpha,frontal,40,0.11039416244586114,0.48919824600305173,0.6613361545409823,FALSE
mastoid,ica,2,absolute,retained,mean,alpha,parieto_occipital,40,-0.12496648231816837,0.43409884960147693,0.611513162047298,FALSE
mastoid,ica,2,absolute,retained,mean,beta,centro_temporal,40,0.40246583166291505,0.014981543856915719,0.07382896156296409,FALSE
mastoid,ica,2,absolute,retained,mean,beta,frontal,40,0.4910815771587023,0.0035282989887940324,0.034240271521959464,TRUE
mastoid,ica,2,absolute,retained,mean,beta,parieto_occipital,40,0.26989980108884537,0.09577403008973158,0.2380878701974913,FALSE
mastoid,ica,2,absolute,retained,mean,theta,centro_temporal,40,0.7344133827670212,3.8145034283940475e-5,0.0046346216654987674,TRUE
mastoid,ica,2,absolute,retained,mean,theta,frontal,40,0.40221746239738665,0.015039232910974167,0.07382896156296409,FALSE
mastoid,ica,2,absolute,retained,mean,theta,parieto_occipital,40,0.44059135464098487,0.008185661476607,0.053243156856364555,FALSE
mastoid,ica,2,absolute,retained,sd,alpha,centro_temporal,40,-0.07471744259388495,0.6391648314267041,0.7703263684398715,FALSE
mastoid,ica,2,absolute,retained,sd,alpha,frontal,40,0.1718044837639931,0.2838897953940348,0.4725474639905072,FALSE
mastoid,ica,2,absolute,retained,sd,alpha,parieto_occipital,40,-0.13171651724051323,0.4098902509911607,0.5933184273468477,FALSE
mastoid,ica,2,absolute,retained,sd,beta,centro_temporal,40,0.6690551255937615,1.3623125593614522e-4,0.0070204999889909945,TRUE
mastoid,ica,2,absolute,retained,sd,beta,frontal,40,0.6249207955839201,3.157069893646024e-4,0.010581627367668742,TRUE
mastoid,ica,2,absolute,retained,sd,beta,parieto_occipital,40,0.5327361917815739,0.001707910759588913,0.02417855313020463,TRUE
mastoid,ica,2,absolute,retained,sd,theta,centro_temporal,40,0.6756037672815424,1.2008564580021688e-4,0.006946644553961579,TRUE
mastoid,ica,2,absolute,retained,sd,theta,frontal,40,0.3876248698192011,0.018807120981718294,0.08582404504333419,FALSE
mastoid,ica,2,absolute,retained,sd,theta,parieto_occipital,40,0.4262111263489621,0.010315832578761716,0.058637364131908704,FALSE
mastoid,ica,2,rel_1_30,removed,cv,alpha,centro_temporal,40,0.3265158941485866,0.04560932034566917,0.15027884534234046,FALSE
mastoid,ica,2,rel_1_30,removed,cv,alpha,frontal,40,0.35764324403178355,0.029351463512338836,0.11503880054029576,FALSE
mastoid,ica,2,rel_1_30,removed,cv,alpha,parieto_occipital,40,0.25348222692090067,0.11696813372516916,0.2752857771933763,FALSE
mastoid,ica,2,rel_1_30,removed,cv,beta,centro_temporal,40,-0.08506834844709049,0.593620937732577,0.7406926206367969,FALSE
mastoid,ica,2,rel_1_30,removed,cv,beta,frontal,40,-0.007377265302401027,0.9630239736564488,0.9740810200820127,FALSE
mastoid,ica,2,rel_1_30,removed,cv,beta,parieto_occipital,40,-0.08363800289142909,0.5998220232870757,0.7450824365942973,FALSE
mastoid,ica,2,rel_1_30,removed,cv,theta,centro_temporal,40,-0.2782125873158767,0.08632360409140476,0.2262996660418299,FALSE
mastoid,ica,2,rel_1_30,removed,cv,theta,frontal,40,0.040582300933670365,0.798786590279217,0.8665408099904005,FALSE
mastoid,ica,2,rel_1_30,removed,cv,theta,parieto_occipital,40,-0.09568199474916626,0.5485872452903142,0.7069179260718832,FALSE
mastoid,ica,2,rel_1_30,removed,mean,alpha,centro_temporal,40,-0.2547320910011894,0.11523007371756888,0.27185347488707995,FALSE
mastoid,ica,2,rel_1_30,removed,mean,alpha,frontal,40,-0.24998928073999435,0.12193902011955159,0.278887234482554,FALSE
mastoid,ica,2,rel_1_30,removed,mean,alpha,parieto_occipital,40,-0.1370580644597941,0.39133650503478656,0.5767688899072214,FALSE
mastoid,ica,2,rel_1_30,removed,mean,beta,centro_temporal,40,0.043604971922803944,0.7841715355965814,0.8602875085777395,FALSE
mastoid,ica,2,rel_1_30,removed,mean,beta,frontal,40,0.06736954300841405,0.6723902951503271,0.7956439591227872,FALSE
mastoid,ica,2,rel_1_30,removed,mean,beta,parieto_occipital,40,0.041850678532589454,0.7926445434822469,0.8632498557588167,FALSE
mastoid,ica,2,rel_1_30,removed,mean,theta,centro_temporal,40,0.5897372913062968,6.085270402809102e-4,0.014896582050216366,TRUE
mastoid,ica,2,rel_1_30,removed,mean,theta,frontal,40,0.20614969595871338,0.1999437377259503,0.37506947436769467,FALSE
mastoid,ica,2,rel_1_30,removed,mean,theta,parieto_occipital,40,0.2510862177365343,0.12035978615824204,0.278887234482554,FALSE
mastoid,ica,2,rel_1_30,removed,sd,alpha,centro_temporal,40,0.06826313056843111,0.6683122857481152,0.7936463552195088,FALSE
mastoid,ica,2,rel_1_30,removed,sd,alpha,frontal,40,0.07571509804287148,0.6347091740399797,0.7678124669158186,FALSE
mastoid,ica,2,rel_1_30,removed,sd,alpha,parieto_occipital,40,0.061408227791905086,0.6998471493447784,0.8132862200963591,FALSE
mastoid,ica,2,rel_1_30,removed,sd,beta,centro_temporal,40,-0.03752993146332175,0.8136199210320806,0.8777342544319449,FALSE
mastoid,ica,2,rel_1_30,removed,sd,beta,frontal,40,0.04535776291528238,0.7757322469847769,0.8560424022485231,FALSE
mastoid,ica,2,rel_1_30,removed,sd,beta,parieto_occipital,40,-0.04285949338842701,0.7877689188802868,0.8608334897713757,FALSE
mastoid,ica,2,rel_1_30,removed,sd,theta,centro_temporal,40,0.4822969381593576,0.004097466009891395,0.036877194089022555,TRUE
mastoid,ica,2,rel_1_30,removed,sd,theta,frontal,40,0.3636410274492064,0.02689322722305095,0.10846563012782375,FALSE
mastoid,ica,2,rel_1_30,removed,sd,theta,parieto_occipital,40,0.516225640832122,0.0022841227881471578,0.027926633334327516,TRUE
mastoid,ica,2,rel_1_30,retained,cv,alpha,centro_temporal,40,0.32365534070181046,0.04744078379845343,0.15473973775871386,FALSE
mastoid,ica,2,rel_1_30,retained,cv,alpha,frontal,40,0.26628504755779964,0.10014411541288751,0.2445730657822278,FALSE
mastoid,ica,2,rel_1_30,retained,cv,alpha,parieto_occipital,40,0.36487082248547303,0.02641259761925181,0.10719434190360234,FALSE
mastoid,ica,2,rel_1_30,retained,cv,beta,centro_temporal,40,0.3527738013964622,0.031492901859831585,0.11934152283725652,FALSE
mastoid,ica,2,rel_1_30,retained,cv,beta,frontal,40,0.3432117641416345,0.03610664544657566,0.1283205095944115,FALSE
mastoid,ica,2,rel_1_30,retained,cv,beta,parieto_occipital,40,0.2988235788980978,0.06621690913797641,0.19299201104081878,FALSE
mastoid,ica,2,rel_1_30,retained,cv,theta,centro_temporal,40,0.5058097535002749,0.002738198400725193,0.029887827886372998,TRUE
mastoid,ica,2,rel_1_30,retained,cv,theta,frontal,40,0.48952070731405567,0.003623645678743401,0.03487310494790679,TRUE
mastoid,ica,2,rel_1_30,retained,cv,theta,parieto_occipital,40,0.5022694962445435,0.00291115503736175,0.03075698582951762,TRUE
mastoid,ica,2,rel_1_30,retained,mean,alpha,centro_temporal,40,-0.36034435133177073,0.028220550708025875,0.1121896739803728,FALSE
mastoid,ica,2,rel_1_30,retained,mean,alpha,frontal,40,-0.3363303331436382,0.03978789754952072,0.13665666578845986,FALSE
mastoid,ica,2,rel_1_30,retained,mean,alpha,parieto_occipital,40,-0.198630991361416,0.2164976886765946,0.39407444455739693,FALSE
mastoid,ica,2,rel_1_30,retained,mean,beta,centro_temporal,40,-0.05398002151566764,0.7346354009849758,0.8295282037715116,FALSE
mastoid,ica,2,rel_1_30,retained,mean,beta,frontal,40,0.024358688795744442,0.8783585617878217,0.917616171187485,FALSE
mastoid,ica,2,rel_1_30,retained,mean,beta,parieto_occipital,40,-0.14104856425869508,0.37782691488184705,0.5626886347590212,FALSE
mastoid,ica,2,rel_1_30,retained,mean,theta,centro_temporal,40,0.30679820999089596,0.05959014743066506,0.1774016027644914,FALSE
mastoid,ica,2,rel_1_30,retained,mean,theta,frontal,40,0.051997181505779935,0.7440216911712283,0.8366579652351165,FALSE
mastoid,ica,2,rel_1_30,retained,mean,theta,parieto_occipital,40,0.07371162817441665,0.6436706633835847,0.7733595609503638,FALSE
mastoid,ica,2,rel_1_30,retained,sd,alpha,centro_temporal,40,-0.16888073438306125,0.2920443884399878,0.47950531345214215,FALSE
mastoid,ica,2,rel_1_30,retained,sd,alpha,frontal,40,-0.18971948057616006,0.23742008197572909,0.4192049403822138,FALSE
mastoid,ica,2,rel_1_30,retained,sd,alpha,parieto_occipital,40,-0.05259721056514147,0.7411770494430485,0.8351426117229064,FALSE
mastoid,ica,2,rel_1_30,retained,sd,beta,centro_temporal,40,0.11118246097390908,0.48612062741941786,0.6590087166690016,FALSE
mastoid,ica,2,rel_1_30,retained,sd,beta,frontal,40,0.14951029441483701,0.35018169331543625,0.5368716181429086,FALSE
mastoid,ica,2,rel_1_30,retained,sd,beta,parieto_occipital,40,-0.033535999531902616,0.8331334242479058,0.8884319126373718,FALSE
mastoid,ica,2,rel_1_30,retained,sd,theta,centro_temporal,40,0.6151089039510471,3.796106713579926e-4,0.012097756477376027,TRUE
mastoid,ica,2,rel_1_30,retained,sd,theta,frontal,40,0.38532061415059027,0.01947501599233953,0.08723371218688489,FALSE
mastoid,ica,2,rel_1_30,retained,sd,theta,parieto_occipital,40,0.4587708011128242,0.006076939210944706,0.04519861527262791,TRUE
mastoid,ica,2,rel_4_30,removed,cv,alpha,centro_temporal,40,0.3286301848798457,0.04429570909512686,0.14781622543156278,FALSE
mastoid,ica,2,rel_4_30,removed,cv,alpha,frontal,40,0.35543304920119567,0.030306782243090198,0.11712998942458717,FALSE
mastoid,ica,2,rel_4_30,removed,cv,alpha,parieto_occipital,40,0.26191856745058234,0.1056419087571278,0.2554326749052941,FALSE
mastoid,ica,2,rel_4_30,removed,cv,beta,centro_temporal,40,-0.02917209972312039,0.8545768535887115,0.9037250392049969,FALSE
mastoid,ica,2,rel_4_30,removed,cv,beta,frontal,40,0.04526695623158349,0.7761687952124221,0.8560424022485231,FALSE
mastoid,ica,2,rel_4_30,removed,cv,beta,parieto_occipital,40,-0.06000042478594129,0.7063929174327874,0.8154559569414126,FALSE
mastoid,ica,2,rel_4_30,removed,cv,theta,centro_temporal,40,-0.31696817456337134,0.05197458327487782,0.1634644844964143,FALSE
mastoid,ica,2,rel_4_30,removed,cv,theta,frontal,40,0.015498024103518398,0.9224199550121491,0.9447757600335184,FALSE
mastoid,ica,2,rel_4_30,removed,cv,theta,parieto_occipital,40,-0.11543759998283447,0.46969728045609715,0.644838639270235,FALSE
mastoid,ica,2,rel_4_30,removed,mean,alpha,centro_temporal,40,-0.2591413317184793,0.10926641215822674,0.26177300509267365,FALSE
mastoid,ica,2,rel_4_30,removed,mean,alpha,frontal,40,-0.24809436021246062,0.1247066981543809,0.2818951409443215,FALSE
mastoid,ica,2,rel_4_30,removed,mean,alpha,parieto_occipital,40,-0.1528050018228223,0.33978723313237347,0.5271718924256457,FALSE
mastoid,ica,2,rel_4_30,removed,mean,beta,centro_temporal,40,0.06526256673245326,0.6820453127099182,0.8030866674185834,FALSE
mastoid,ica,2,rel_4_30,removed,mean,beta,frontal,40,0.1320861581796521,0.40858905866519357,0.5923170246421597,FALSE
mastoid,ica,2,rel_4_30,removed,mean,beta,parieto_occipital,40,0.04481291358028058,0.7783526801415109,0.8574503299265661,FALSE
mastoid,ica,2,rel_4_30,removed,mean,theta,centro_temporal,40,0.5838611764579449,6.781042398024052e-4,0.015328309792742741,TRUE
mastoid,ica,2,rel_4_30,removed,mean,theta,frontal,40,0.20854329855200066,0.19488034315453642,0.36745624354259826,FALSE
mastoid,ica,2,rel_4_30,removed,mean,theta,parieto_occipital,40,0.2657970788595736,0.10074651164387292,0.24542759227529945,FALSE
mastoid,ica,2,rel_4_30,removed,sd,alpha,centro_temporal,40,0.10242983137904653,0.5208951035838164,0.6846141964087057,FALSE
mastoid,ica,2,rel_4_30,removed,sd,alpha,frontal,40,0.11379483919546028,0.4759997395808604,0.6498198692030847,FALSE
mastoid,ica,2,rel_4_30,removed,sd,alpha,parieto_occipital,40,0.079663483357019,0.6172109425761849,0.7577097569634749,FALSE
mastoid,ica,2,rel_4_30,removed,sd,beta,centro_temporal,40,0.09707893603034472,0.5427929359594914,0.7028679246160932,FALSE
mastoid,ica,2,rel_4_30,removed,sd,beta,frontal,40,0.18349989957603302,0.2528778083464176,0.4342707238740599,FALSE
mastoid,ica,2,rel_4_30,removed,sd,beta,parieto_occipital,40,0.01715586271668649,0.9141528734329589,0.9427656158905423,FALSE
mastoid,ica,2,rel_4_30,removed,sd,theta,centro_temporal,40,0.46437110672333254,0.005537506384659878,0.04352146590270245,TRUE
mastoid,ica,2,rel_4_30,removed,sd,theta,frontal,40,0.3649830062223126,0.02636913979898933,0.10719434190360234,FALSE
mastoid,ica,2,rel_4_30,removed,sd,theta,parieto_occipital,40,0.5078381279396974,0.0026435432026339066,0.029667712483048912,TRUE
mastoid,ica,2,rel_4_30,retained,cv,alpha,centro_temporal,40,0.35053786367750006,0.03252203136835838,0.12165535259834692,FALSE
mastoid,ica,2,rel_4_30,retained,cv,alpha,frontal,40,0.2851311930702308,0.07906651527219653,0.21771289757669982,FALSE
mastoid,ica,2,rel_4_30,retained,cv,alpha,parieto_occipital,40,0.25000320922869385,0.121918862634615,0.278887234482554,FALSE
mastoid,ica,2,rel_4_30,retained,cv,beta,centro_temporal,40,0.1866717112590231,0.24490601738669887,0.4266030121034828,FALSE
mastoid,ica,2,rel_4_30,retained,cv,beta,frontal,40,0.17421611209076823,0.2772851153479331,0.4642913559314229,FALSE
mastoid,ica,2,rel_4_30,retained,cv,beta,parieto_occipital,40,0.1367660604735795,0.39233689455916343,0.5773678448319559,FALSE
mastoid,ica,2,rel_4_30,retained,cv,theta,centro_temporal,40,0.2567952412172479,0.1124072620426644,0.2671390188397795,FALSE
mastoid,ica,2,rel_4_30,retained,cv,theta,frontal,40,0.1898672888712628,0.23706135050373728,0.4189520594356957,FALSE
mastoid,ica,2,rel_4_30,retained,cv,theta,parieto_occipital,40,0.47690938791974286,0.004488228718148816,0.03912608353399685,TRUE
mastoid,ica,2,rel_4_30,retained,mean,alpha,centro_temporal,40,-0.28903155187131935,0.07520736431769852,0.21066731445764542,FALSE
mastoid,ica,2,rel_4_30,retained,mean,alpha,frontal,40,-0.27282470637362893,0.09235506556858682,0.23485157632824885,FALSE
mastoid,ica,2,rel_4_30,retained,mean,alpha,parieto_occipital,40,-0.11093113856089337,0.4871006396328573,0.6598771034468813,FALSE
mastoid,ica,2,rel_4_30,retained,mean,beta,centro_temporal,40,-0.06436258813047228,0.6861860377143256,0.8064967698407793,FALSE
mastoid,ica,2,rel_4_30,retained,mean,beta,frontal,40,0.04316909904049478,0.7862743088482247,0.8606516083338676,FALSE
mastoid,ica,2,rel_4_30,retained,mean,beta,parieto_occipital,40,-0.1312123745310685,0.41166903013646095,0.5941236782370305,FALSE
mastoid,ica,2,rel_4_30,retained,mean,theta,centro_temporal,40,0.42632801453789565,0.010296619739472806,0.058637364131908704,FALSE
mastoid,ica,2,rel_4_30,retained,mean,theta,frontal,40,0.17944717467133245,0.26333463786971006,0.4455374551947053,FALSE
mastoid,ica,2,rel_4_30,retained,mean,theta,parieto_occipital,40,0.33684347212910665,0.03950239128826376,0.1360153907411633,FALSE
mastoid,ica,2,rel_4_30,retained,sd,alpha,centro_temporal,40,-0.04331237262090038,0.7855829372885915,0.8603792845571955,FALSE
mastoid,ica,2,rel_4_30,retained,sd,alpha,frontal,40,-0.06314558581888026,0.6918009428060425,0.8101572486837028,FALSE
mastoid,ica,2,rel_4_30,retained,sd,alpha,parieto_occipital,40,-0.035975758023446824,0.8211997439002995,0.8810222418003213,FALSE
mastoid,ica,2,rel_4_30,retained,sd,beta,centro_temporal,40,0.12130986716574478,0.44756428932201875,0.6214749846014318,FALSE
mastoid,ica,2,rel_4_30,retained,sd,beta,frontal,40,0.18482565316154134,0.24952319479586946,0.4312696969199619,FALSE
mastoid,ica,2,rel_4_30,retained,sd,beta,parieto_occipital,40,-0.04186867320845831,0.7925575003492251,0.8632498557588167,FALSE
mastoid,ica,2,rel_4_30,retained,sd,theta,centro_temporal,40,0.6020031540782192,4.848243251116066e-4,0.013677982543897177,TRUE
mastoid,ica,2,rel_4_30,retained,sd,theta,frontal,40,0.3160252505077232,0.05264325517248713,0.16466826994223974,FALSE
mastoid,ica,2,rel_4_30,retained,sd,theta,parieto_occipital,40,0.6032882060653971,4.733716684287515e-4,0.013677982543897177,TRUE
mastoid,ica,4,absolute,removed,cv,alpha,centro_temporal,40,0.20542048985957778,0.20150596001708035,0.37629931438348146,FALSE
mastoid,ica,4,absolute,removed,cv,alpha,frontal,40,0.33813372035016886,0.03879247465739672,0.13466530488210576,FALSE
mastoid,ica,4,absolute,removed,cv,alpha,parieto_occipital,40,0.19190137729394166,0.23216497383165818,0.41292654083142133,FALSE
mastoid,ica,4,absolute,removed,cv,beta,centro_temporal,40,-0.04073110998510977,0.7980653124405511,0.8663577467495054,FALSE
mastoid,ica,4,absolute,removed,cv,beta,frontal,40,0.1828685393703439,0.2544867924792161,0.4354950040313345,FALSE
mastoid,ica,4,absolute,removed,cv,beta,parieto_occipital,40,-0.02037366731755519,0.8981350971304604,0.9330979732734989,FALSE
mastoid,ica,4,absolute,removed,cv,theta,centro_temporal,40,-0.04345503777979853,0.7848946762224409,0.8602933815438542,FALSE
mastoid,ica,4,absolute,removed,cv,theta,frontal,40,0.032346299319409286,0.8389673572557691,0.8912308975438333,FALSE
mastoid,ica,4,absolute,removed,cv,theta,parieto_occipital,40,-0.03505439802857074,0.8257015401277028,0.8839007676256907,FALSE
mastoid,ica,4,absolute,removed,mean,alpha,centro_temporal,40,-0.20957544313025075,0.1927273426675126,0.3655238577030678,FALSE
mastoid,ica,4,absolute,removed,mean,alpha,frontal,40,-0.2714812808572791,0.09391256599474118,0.23631443704884839,FALSE
mastoid,ica,4,absolute,removed,mean,alpha,parieto_occipital,40,-0.09197143211152639,0.564130620768454,0.7184504620745619,FALSE
mastoid,ica,4,absolute,removed,mean,beta,centro_temporal,40,0.22602301830195615,0.16082407407529464,0.329805552481018,FALSE
mastoid,ica,4,absolute,removed,mean,beta,frontal,40,0.03278466551936388,0.8368166524186363,0.8899188032285716,FALSE
mastoid,ica,4,absolute,removed,mean,beta,parieto_occipital,40,0.06082252030211335,0.7025676956922579,0.8132862200963591,FALSE
mastoid,ica,4,absolute,removed,mean,theta,centro_temporal,40,0.787858631414937,1.3220250508610026e-5,0.00261655774227746,TRUE
mastoid,ica,4,absolute,removed,mean,theta,frontal,40,0.22115010193610113,0.16981252097874489,0.3403252997759588,FALSE
mastoid,ica,4,absolute,removed,mean,theta,parieto_occipital,40,0.3488249114791351,0.03333057787779293,0.12190716657817385,FALSE
mastoid,ica,4,absolute,removed,sd,alpha,centro_temporal,40,-0.017467926618128935,0.9125977660911966,0.942662092072947,FALSE
mastoid,ica,4,absolute,removed,sd,alpha,frontal,40,-0.07583084649547985,0.6341931113247289,0.7678124669158186,FALSE
mastoid,ica,4,absolute,removed,sd,alpha,parieto_occipital,40,0.033119668089106345,0.8351739212474072,0.8886579654652215,FALSE
mastoid,ica,4,absolute,removed,sd,beta,centro_temporal,40,0.13372324173334668,0.4028570527515627,0.5883952746424026,FALSE
mastoid,ica,4,absolute,removed,sd,beta,frontal,40,0.11263664882800563,0.4804719398521885,0.6523325964016651,FALSE
mastoid,ica,4,absolute,removed,sd,beta,parieto_occipital,40,0.026119158305624002,0.8696461230533161,0.9133110654577926,FALSE
mastoid,ica,4,absolute,removed,sd,theta,centro_temporal,40,0.8359858517420592,5.0413934351516525e-6,0.00261655774227746,TRUE
mastoid,ica,4,absolute,removed,sd,theta,frontal,40,0.32295952177100523,0.047895876846678564,0.15596245324948596,FALSE
mastoid,ica,4,absolute,removed,sd,theta,parieto_occipital,40,0.6227249631086954,3.2903090114916463e-4,0.010841289353118237,TRUE
mastoid,ica,4,absolute,retained,cv,alpha,centro_temporal,40,-0.04387860648866295,0.7828522804241334,0.8593670253734705,FALSE
mastoid,ica,4,absolute,retained,cv,alpha,frontal,40,0.0676321109566244,0.6711909841494537,0.7954980827139123,FALSE
mastoid,ica,4,absolute,retained,cv,alpha,parieto_occipital,40,-0.06132417611563572,0.7002373152354258,0.8132862200963591,FALSE
mastoid,ica,4,absolute,retained,cv,beta,centro_temporal,40,0.3483581319471925,0.03355398201713853,0.12192325428283608,FALSE
mastoid,ica,4,absolute,retained,cv,beta,frontal,40,0.4412720969907761,0.008095743394211206,0.053243156856364555,FALSE
mastoid,ica,4,absolute,retained,cv,beta,parieto_occipital,40,0.33720267407041976,0.03930361052034852,0.13571264449654977,FALSE
mastoid,ica,4,absolute,retained,cv,theta,centro_temporal,40,0.4880050088214914,0.00371855766208129,0.035351316900002865,TRUE
mastoid,ica,4,absolute,retained,cv,theta,frontal,40,0.33198102943959745,0.042281725421677484,0.1436987311533934,FALSE
mastoid,ica,4,absolute,retained,cv,theta,parieto_occipital,40,0.4539780561329697,0.006577226965901731,0.047356034154492466,TRUE
mastoid,ica,4,absolute,retained,mean,alpha,centro_temporal,40,-0.05507604225761283,0.729464613172188,0.8268683428610691,FALSE
mastoid,ica,4,absolute,retained,mean,alpha,frontal,40,0.09646061919647796,0.5453537129040108,0.7039625616768904,FALSE
mastoid,ica,4,absolute,retained,mean,alpha,parieto_occipital,40,-0.09992025120813212,0.5311061047794872,0.6917651851395669,FALSE
mastoid,ica,4,absolute,retained,mean,beta,centro_temporal,40,0.3950548197951779,0.016792848424981435,0.07923615858777647,FALSE
mastoid,ica,4,absolute,retained,mean,beta,frontal,40,0.4853754555056318,0.00388880822720593,0.03590877868692834,TRUE
mastoid,ica,4,absolute,retained,mean,beta,parieto_occipital,40,0.2624369366546136,0.1049764897106965,0.254225948473532,FALSE
mastoid,ica,4,absolute,retained,mean,theta,centro_temporal,40,0.8053315251073441,9.324296327011422e-6,0.00261655774227746,TRUE
mastoid,ica,4,absolute,retained,mean,theta,frontal,40,0.4077591825074011,0.013799212501528466,0.06985851328898786,FALSE
mastoid,ica,4,absolute,retained,mean,theta,parieto_occipital,40,0.45866168586544026,0.006087922056661179,0.04519861527262791,TRUE
mastoid,ica,4,absolute,retained,sd,alpha,centro_temporal,40,-0.16049785084259452,0.3163251494677089,0.5061202391483343,FALSE
mastoid,ica,4,absolute,retained,sd,alpha,frontal,40,0.09161667325395961,0.5656281554736347,0.7184504620745619,FALSE
mastoid,ica,4,absolute,retained,sd,alpha,parieto_occipital,40,-0.16072164113541532,0.3156595496589283,0.5054713052198984,FALSE
mastoid,ica,4,absolute,retained,sd,beta,centro_temporal,40,0.6153736946861585,3.777318890410328e-4,0.012097756477376027,TRUE
mastoid,ica,4,absolute,retained,sd,beta,frontal,40,0.5047288354834019,0.002789944435108794,0.0299649280765276,TRUE
mastoid,ica,4,absolute,retained,sd,beta,parieto_occipital,40,0.41157190240704244,0.013001291199423797,0.06754056651835137,FALSE
mastoid,ica,4,absolute,retained,sd,theta,centro_temporal,40,0.6911954095094797,8.881109540832428e-5,0.00595340584392353,TRUE
mastoid,ica,4,absolute,retained,sd,theta,frontal,40,0.3466544122027913,0.0343807243338497,0.12377060760185891,FALSE
mastoid,ica,4,absolute,retained,sd,theta,parieto_occipital,40,0.395524283209598,0.016672433610959176,0.07885939401387991,FALSE
mastoid,ica,4,rel_1_30,removed,cv,alpha,centro_temporal,40,0.27034074584521883,0.09525196106600523,0.2376627364690637,FALSE
mastoid,ica,4,rel_1_30,removed,cv,alpha,frontal,40,0.3814566965909384,0.020643424006693906,0.09140272145152584,FALSE
mastoid,ica,4,rel_1_30,removed,cv,alpha,parieto_occipital,40,0.22504147696321422,0.16260393285764466,0.33203996373451805,FALSE
mastoid,ica,4,rel_1_30,removed,cv,beta,centro_temporal,40,-0.1126229871070993,0.4805248343864117,0.6523325964016651,FALSE
mastoid,ica,4,rel_1_30,removed,cv,beta,frontal,40,-0.15807806615822223,0.32358319203312014,0.5139262461702496,FALSE
mastoid,ica,4,rel_1_30,removed,cv,beta,parieto_occipital,40,-0.10859857259926099,0.4962489822730688,0.663942203399068,FALSE
mastoid,ica,4,rel_1_30,removed,cv,theta,centro_temporal,40,-0.12861529260644133,0.4209075265699135,0.5995703709294438,FALSE
mastoid,ica,4,rel_1_30,removed,cv,theta,frontal,40,-0.03623808765461549,0.8199191033611666,0.8810222418003213,FALSE
mastoid,ica,4,rel_1_30,removed,cv,theta,parieto_occipital,40,-0.08229801137404737,0.6056588786182793,0.7504148247507553,FALSE
mastoid,ica,4,rel_1_30,removed,mean,alpha,centro_temporal,40,-0.28160199361572824,0.0827013335550738,0.22261021611053583,FALSE
mastoid,ica,4,rel_1_30,removed,mean,alpha,frontal,40,-0.2787082168509589,0.0857857524891344,0.22597222606893944,FALSE
mastoid,ica,4,rel_1_30,removed,mean,alpha,parieto_occipital,40,-0.16667967293420263,0.2982902488699073,0.48565849564748725,FALSE
mastoid,ica,4,rel_1_30,removed,mean,beta,centro_temporal,40,0.09295743473551371,0.5599788783578845,0.7152424044203203,FALSE
mastoid,ica,4,rel_1_30,removed,mean,beta,frontal,40,0.11317848651538082,0.4783767488392512,0.6509810520538981,FALSE
mastoid,ica,4,rel_1_30,removed,mean,beta,parieto_occipital,40,0.02602968663212038,0.8700885253229589,0.9133110654577926,FALSE
mastoid,ica,4,rel_1_30,removed,mean,theta,centro_temporal,40,0.5985342192653978,5.17095811046475e-4,0.014158228967244328,TRUE
mastoid,ica,4,rel_1_30,removed,mean,theta,frontal,40,0.2260337260338642,0.16080474206266795,0.329805552481018,FALSE
mastoid,ica,4,rel_1_30,removed,mean,theta,parieto_occipital,40,0.3905317731166961,0.01799425121809959,0.0832876770666324,FALSE
mastoid,ica,4,rel_1_30,removed,sd,alpha,centro_temporal,40,0.07134471853810898,0.6543275073206773,0.7827770302962441,FALSE
mastoid,ica,4,rel_1_30,removed,sd,alpha,frontal,40,0.08881777624250727,0.5775121406292585,0.7245049751760352,FALSE
mastoid,ica,4,rel_1_30,removed,sd,alpha,parieto_occipital,40,0.030886211560117,0.8461397407214946,0.8973789721563478,FALSE
mastoid,ica,4,rel_1_30,removed,sd,beta,centro_temporal,40,-0.04604185547982763,0.7724458842368492,0.8536866395431694,FALSE
mastoid,ica,4,rel_1_30,removed,sd,beta,frontal,40,-0.11718251751210482,0.4630556771974219,0.6379060012571478,FALSE
mastoid,ica,4,rel_1_30,removed,sd,beta,parieto_occipital,40,-0.11562627716942173,0.4689764989683859,0.6443041088300652,FALSE
mastoid,ica,4,rel_1_30,removed,sd,theta,centro_temporal,40,0.5509693390237657,0.0012333757411295114,0.02064936667996007,TRUE
mastoid,ica,4,rel_1_30,removed,sd,theta,frontal,40,0.24536425922544083,0.12878345777318145,0.2894761162655357,FALSE
mastoid,ica,4,rel_1_30,removed,sd,theta,parieto_occipital,40,0.4567494035325456,0.006283439328961683,0.04609436247359061,TRUE
mastoid,ica,4,rel_1_30,retained,cv,alpha,centro_temporal,40,0.22532727547969822,0.16208409981068203,0.3316752526652272,FALSE
mastoid,ica,4,rel_1_30,retained,cv,alpha,frontal,40,0.21574659214475508,0.18023190981139492,0.3500208118614902,FALSE
mastoid,ica,4,rel_1_30,retained,cv,alpha,parieto_occipital,40,0.21246666848283188,0.18679308482431067,0.35843468563543673,FALSE
mastoid,ica,4,rel_1_30,retained,cv,beta,centro_temporal,40,0.29163301026509547,0.07272316882237166,0.2060843151467792,FALSE
mastoid,ica,4,rel_1_30,retained,cv,beta,frontal,40,0.292905959209391,0.07153323649123694,0.20379685743562345,FALSE
mastoid,ica,4,rel_1_30,retained,cv,beta,parieto_occipital,40,0.24339883689106293,0.13178442980921534,0.2927873503418453,FALSE
mastoid,ica,4,rel_1_30,retained,cv,theta,centro_temporal,40,0.4602620762287573,0.005928682690620568,0.044845755449674646,TRUE
mastoid,ica,4,rel_1_30,retained,cv,theta,frontal,40,0.3649011219798603,0.02640085384776439,0.10719434190360234,FALSE
mastoid,ica,4,rel_1_30,retained,cv,theta,parieto_occipital,40,0.4752499104503997,0.0046154877217829925,0.03954782015588671,TRUE
mastoid,ica,4,rel_1_30,retained,mean,alpha,centro_temporal,40,-0.38044775366180256,0.020958794873416224,0.09238978964607968,FALSE
mastoid,ica,4,rel_1_30,retained,mean,alpha,frontal,40,-0.34248402975787506,0.03648116002706821,0.12894431835021927,FALSE
mastoid,ica,4,rel_1_30,retained,mean,alpha,parieto_occipital,40,-0.19578447006216546,0.22302557074969692,0.40219082517385046,FALSE
mastoid,ica,4,rel_1_30,retained,mean,beta,centro_temporal,40,-0.06635388577087292,0.6770375681030539,0.7991263098921292,FALSE
mastoid,ica,4,rel_1_30,retained,mean,beta,frontal,40,0.020866942945622344,0.8956832758069544,0.9314808896983798,FALSE
mastoid,ica,4,rel_1_30,retained,mean,beta,parieto_occipital,40,-0.15030882053633857,0.34764337579708415,0.53424404944627,FALSE
mastoid,ica,4,rel_1_30,retained,mean,theta,centro_temporal,40,0.34891746287801,0.03328643944363245,0.12190716657817385,FALSE
mastoid,ica,4,rel_1_30,retained,mean,theta,frontal,40,0.0775696878702453,0.6264628621986383,0.76401744298253,FALSE
mastoid,ica,4,rel_1_30,retained,mean,theta,parieto_occipital,40,0.09165208179013341,0.5654785972246266,0.7184504620745619,FALSE
mastoid,ica,4,rel_1_30,retained,sd,alpha,centro_temporal,40,-0.19638774828299743,0.22162999942976835,0.4011626805320947,FALSE
mastoid,ica,4,rel_1_30,retained,sd,alpha,frontal,40,-0.18424147394818488,0.2509973679993297,0.4332907451671273,FALSE
mastoid,ica,4,rel_1_30,retained,sd,alpha,parieto_occipital,40,-0.13766002369274297,0.3892793078607133,0.5761454832148374,FALSE
mastoid,ica,4,rel_1_30,retained,sd,beta,centro_temporal,40,0.00836799295945875,0.9580627607979193,0.9705440369938275,FALSE
mastoid,ica,4,rel_1_30,retained,sd,beta,frontal,40,0.11295733991464803,0.47923125685309564,0.6514864079177748,FALSE
mastoid,ica,4,rel_1_30,retained,sd,beta,parieto_occipital,40,-0.11613225629097425,0.46704670731506415,0.6421066471149114,FALSE
mastoid,ica,4,rel_1_30,retained,sd,theta,centro_temporal,40,0.6612349241639104,1.5830705777930123e-4,0.0073273552457847994,TRUE
mastoid,ica,4,rel_1_30,retained,sd,theta,frontal,40,0.3778146442199758,0.021802480058523546,0.09567499149835164,FALSE
mastoid,ica,4,rel_1_30,retained,sd,theta,parieto_occipital,40,0.46577733890880435,0.005409283836361985,0.04352146590270245,TRUE
mastoid,ica,4,rel_4_30,removed,cv,alpha,centro_temporal,40,0.26949707750446666,0.09625292292433557,0.23897277415697107,FALSE
mastoid,ica,4,rel_4_30,removed,cv,alpha,frontal,40,0.3690368683927438,0.02484119055508673,0.1034074399123953,FALSE
mastoid,ica,4,rel_4_30,removed,cv,alpha,parieto_occipital,40,0.24441766588995048,0.13022184083705438,0.2913133010209824,FALSE
mastoid,ica,4,rel_4_30,removed,cv,beta,centro_temporal,40,-0.05479150229931208,0.7308057944542289,0.8274236834123593,FALSE
mastoid,ica,4,rel_4_30,removed,cv,beta,frontal,40,-0.015069195244737656,0.9245598358598237,0.9459706952165775,FALSE
mastoid,ica,4,rel_4_30,removed,cv,beta,parieto_occipital,40,-0.12254058035517307,0.4430048741435044,0.6169065009562842,FALSE
mastoid,ica,4,rel_4_30,removed,cv,theta,centro_temporal,40,-0.1720194375456503,0.2832966509172566,0.4725474639905072,FALSE
mastoid,ica,4,rel_4_30,removed,cv,theta,frontal,40,-0.05052330244101639,0.7510244629352427,0.8405247875337432,FALSE
mastoid,ica,4,rel_4_30,removed,cv,theta,parieto_occipital,40,-0.10692553432985244,0.5028688588690147,0.6704918118253529,FALSE
mastoid,ica,4,rel_4_30,removed,mean,alpha,centro_temporal,40,-0.2879579272304451,0.07625337972861676,0.21267800601496553,FALSE
mastoid,ica,4,rel_4_30,removed,mean,alpha,frontal,40,-0.28106783497344207,0.08326355401223899,0.2231464212424277,FALSE
mastoid,ica,4,rel_4_30,removed,mean,alpha,parieto_occipital,40,-0.18487754268672685,0.24939255640334948,0.4312696969199619,FALSE
mastoid,ica,4,rel_4_30,removed,mean,beta,centro_temporal,40,0.10520233794180625,0.5097375808918143,0.6750203387286696,FALSE
mastoid,ica,4,rel_4_30,removed,mean,beta,frontal,40,0.1619439964579765,0.3120408763228553,0.5017431460476681,FALSE
mastoid,ica,4,rel_4_30,removed,mean,beta,parieto_occipital,40,0.04072920926537775,0.7980745241063161,0.8663577467495054,FALSE
mastoid,ica,4,rel_4_30,removed,mean,theta,centro_temporal,40,0.5820440731242164,7.011324044376856e-4,0.01566668269226277,TRUE
mastoid,ica,4,rel_4_30,removed,mean,theta,frontal,40,0.23252912921539057,0.1494103572697963,0.3157105810135695,FALSE
mastoid,ica,4,rel_4_30,removed,mean,theta,parieto_occipital,40,0.411279681613934,0.013060913800728402,0.06754056651835137,FALSE
mastoid,ica,4,rel_4_30,removed,sd,alpha,centro_temporal,40,0.09295760700665098,0.559978154325627,0.7152424044203203,FALSE
mastoid,ica,4,rel_4_30,removed,sd,alpha,frontal,40,0.10228890087449677,0.5214657275445045,0.6846141964087057,FALSE
mastoid,ica,4,rel_4_30,removed,sd,alpha,parieto_occipital,40,0.0638229166892433,0.6886737323570635,0.8076667208133467,FALSE
mastoid,ica,4,rel_4_30,removed,sd,beta,centro_temporal,40,0.06554395556241514,0.6807526975334668,0.8020504509121572,FALSE
mastoid,ica,4,rel_4_30,removed,sd,beta,frontal,40,0.10652561855243142,0.5044583969233232,0.670770946387784,FALSE
mastoid,ica,4,rel_4_30,removed,sd,beta,parieto_occipital,40,-0.10901016617080195,0.49462781984544957,0.6636000564386156,FALSE
mastoid,ica,4,rel_4_30,removed,sd,theta,centro_temporal,40,0.5376714124924892,0.0015645760922002848,0.022698029277890698,TRUE
mastoid,ica,4,rel_4_30,removed,sd,theta,frontal,40,0.2495456001726423,0.1225825375808486,0.2799944953379771,FALSE
mastoid,ica,4,rel_4_30,removed,sd,theta,parieto_occipital,40,0.44800658716906977,0.007254378368327628,0.05018687383640181,FALSE
mastoid,ica,4,rel_4_30,retained,cv,alpha,centro_temporal,40,0.25314358869014925,0.11744270814765756,0.27599720058243576,FALSE
mastoid,ica,4,rel_4_30,retained,cv,alpha,frontal,40,0.24423306102147915,0.13050385822946975,0.29160862114722896,FALSE
mastoid,ica,4,rel_4_30,retained,cv,alpha,parieto_occipital,40,0.10210869211737361,0.5221958746833013,0.6846141964087057,FALSE
mastoid,ica,4,rel_4_30,retained,cv,beta,centro_temporal,40,0.07920654130005372,0.6192247408487572,0.7585210436105759,FALSE
mastoid,ica,4,rel_4_30,retained,cv,beta,frontal,40,0.15612441051939113,0.3295247431887446,0.5186527279966734,FALSE
mastoid,ica,4,rel_4_30,retained,cv,beta,parieto_occipital,40,0.056569037603174534,0.7224415412808793,0.8238984047380282,FALSE
mastoid,ica,4,rel_4_30,retained,cv,theta,centro_temporal,40,0.21129275837942577,0.18918542027821936,0.36127353341931084,FALSE
mastoid,ica,4,rel_4_30,retained,cv,theta,frontal,40,0.16623569002141148,0.2995612736969541,0.48691230440374483,FALSE
mastoid,ica,4,rel_4_30,retained,cv,theta,parieto_occipital,40,0.46843913405646365,0.005174164028880971,0.04288280567740662,TRUE
mastoid,ica,4,rel_4_30,retained,mean,alpha,centro_temporal,40,-0.3074193762663571,0.05909882392053942,0.17683742980676426,FALSE
mastoid,ica,4,rel_4_30,retained,mean,alpha,frontal,40,-0.29920390551801673,0.06588709963152962,0.19260830328374975,FALSE
mastoid,ica,4,rel_4_30,retained,mean,alpha,parieto_occipital,40,-0.11228031110399248,0.4818526620652305,0.6536786985727899,FALSE
mastoid,ica,4,rel_4_30,retained,mean,beta,centro_temporal,40,-0.06250912571381027,0.6947444399816847,0.811269633558262,FALSE
mastoid,ica,4,rel_4_30,retained,mean,beta,frontal,40,0.04435656439348742,0.7805494930657285,0.8587316664504729,FALSE
mastoid,ica,4,rel_4_30,retained,mean,beta,parieto_occipital,40,-0.1309412873667787,0.41262747771973973,0.5950651459103665,FALSE
mastoid,ica,4,rel_4_30,retained,mean,theta,centro_temporal,40,0.4548944208074305,0.0064786931203613205,0.046994699350680624,TRUE
mastoid,ica,4,rel_4_30,retained,mean,theta,frontal,40,0.19925283423628845,0.21509082588013234,0.3922481852823426,FALSE
mastoid,ica,4,rel_4_30,retained,mean,theta,parieto_occipital,40,0.33853626872451814,0.038573301617428044,0.13414400419370326,FALSE
mastoid,ica,4,rel_4_30,retained,sd,alpha,centro_temporal,40,-0.05949364307924142,0.7087548317986885,0.8159574113626248,FALSE
mastoid,ica,4,rel_4_30,retained,sd,alpha,frontal,40,-0.06328080548676802,0.6911762002949884,0.8099135222263154,FALSE
mastoid,ica,4,rel_4_30,retained,sd,alpha,parieto_occipital,40,-0.11408492371420291,0.4748833391164744,0.6487513782448533,FALSE
mastoid,ica,4,rel_4_30,retained,sd,beta,centro_temporal,40,0.026336317319358746,0.8685725336095572,0.9127054082902589,FALSE
mastoid,ica,4,rel_4_30,retained,sd,beta,frontal,40,0.16958719472730405,0.2900591796224654,0.478153569395337,FALSE
mastoid,ica,4,rel_4_30,retained,sd,beta,parieto_occipital,40,-0.12532490463041915,0.43279217177622453,0.611513162047298,FALSE
mastoid,ica,4,rel_4_30,retained,sd,theta,centro_temporal,40,0.5714448614521198,8.512490992135135e-4,0.01671543685728354,TRUE
mastoid,ica,4,rel_4_30,retained,sd,theta,frontal,40,0.3760858051547744,0.022372994953203874,0.0973000048971551,FALSE
mastoid,ica,4,rel_4_30,retained,sd,theta,parieto_occipital,40,0.5075793641986867,0.0026554434012605508,0.029667712483048912,TRUE
mastoid,threshold,2,absolute,removed,cv,alpha,centro_temporal,40,0.4073896763422629,0.013878883086112043,0.07007934732312159,FALSE
mastoid,threshold,2,absolute,removed,cv,alpha,frontal,40,0.41178249813792467,0.012958477911500852,0.06753694654144143,FALSE
mastoid,threshold,2,absolute,removed,cv,alpha,parieto_occipital,40,0.30694044847391255,0.059477331490201006,0.1774016027644914,FALSE
mastoid,threshold,2,absolute,removed,cv,beta,centro_temporal,40,-0.00913818700261973,0.9542070573890374,0.9676465934086014,FALSE
mastoid,threshold,2,absolute,removed,cv,beta,frontal,40,0.06610217955258542,0.6781912696109669,0.8000023228906065,FALSE
mastoid,threshold,2,absolute,removed,cv,beta,parieto_occipital,40,0.03607558981509181,0.8207123265949818,0.8810222418003213,FALSE
mastoid,threshold,2,absolute,removed,cv,theta,centro_temporal,40,-0.2671536725692157,0.09907918218775706,0.243408779093694,FALSE
mastoid,threshold,2,absolute,removed,cv,theta,frontal,40,0.027024225732175083,0.8651733271475158,0.9101173960902439,FALSE
mastoid,threshold,2,absolute,removed,cv,theta,parieto_occipital,40,-0.1397465831902889,0.3822015376318789,0.5680426522602237,FALSE
mastoid,threshold,2,absolute,removed,mean,alpha,centro_temporal,40,-0.3010270652386633,0.06432556417534994,0.1883266517422896,FALSE
mastoid,threshold,2,absolute,removed,mean,alpha,frontal,40,-0.28233918354527837,0.08193066755653768,0.22166403391607575,FALSE
mastoid,threshold,2,absolute,removed,mean,alpha,parieto_occipital,40,-0.14952951053402513,0.3501204669365964,0.5368716181429086,FALSE
mastoid,threshold,2,absolute,removed,mean,beta,centro_temporal,40,0.22368628189983783,0.1650866721570003,0.3353484751026213,FALSE
mastoid,threshold,2,absolute,removed,mean,beta,frontal,40,0.14099082212438813,0.3780202453679432,0.5626886347590212,FALSE
mastoid,threshold,2,absolute,removed,mean,beta,parieto_occipital,40,0.1517442817251985,0.34311104470228415,0.5298308244840473,FALSE
mastoid,threshold,2,absolute,removed,mean,theta,centro_temporal,40,0.7304850637349928,4.12107327994337e-5,0.00471256850365289,TRUE
mastoid,threshold,2,absolute,removed,mean,theta,frontal,40,0.2610105829658856,0.10681584228541442,0.25763026973057773,FALSE
mastoid,threshold,2,absolute,removed,mean,theta,parieto_occipital,40,0.2304931129981992,0.15291105811395359,0.3196334376059417,FALSE
mastoid,threshold,2,absolute,removed,sd,alpha,centro_temporal,40,-0.15321222343146265,0.33851690218851294,0.5264614862835753,FALSE
mastoid,threshold,2,absolute,removed,sd,alpha,frontal,40,-0.13059778264504374,0.41384393413900167,0.59549415837618,FALSE
mastoid,threshold,2,absolute,removed,sd,alpha,parieto_occipital,40,-0.05653393932206488,0.7226063683530546,0.8238984047380282,FALSE
mastoid,threshold,2,absolute,removed,sd,beta,centro_temporal,40,0.27131024611422927,0.0941124163880508,0.23637537139324388,FALSE
mastoid,threshold,2,absolute,removed,sd,beta,frontal,40,0.16099821569427333,0.31483827923037166,0.5045718176618652,FALSE
mastoid,threshold,2,absolute,removed,sd,beta,parieto_occipital,40,0.2814069293537464,0.08290627390124894,0.22261021611053583,FALSE
mastoid,threshold,2,absolute,removed,sd,theta,centro_temporal,40,0.6979278145159111,7.792004669102668e-5,0.005610243361753921,TRUE
mastoid,threshold,2,absolute,removed,sd,theta,frontal,40,0.40993819021679,0.013337857762613875,0.06814804525137194,FALSE
mastoid,threshold,2,absolute,removed,sd,theta,parieto_occipital,40,0.6636099643980358,1.5125682512644336e-4,0.0071717870255074605,TRUE
mastoid,threshold,2,absolute,retained,cv,alpha,centro_temporal,40,0.028595898511776068,0.8574169377614886,0.9043520196753778,FALSE
mastoid,threshold,2,absolute,retained,cv,alpha,frontal,40,0.0795336334068309,0.6177829036970718,0.7577097569634749,FALSE
mastoid,threshold,2,absolute,retained,cv,alpha,parieto_occipital,40,0.0889493724000083,0.5769506627191473,0.7245049751760352,FALSE
mastoid,threshold,2,absolute,retained,cv,beta,centro_temporal,40,0.4586253558499375,0.006091582922545531,0.04519861527262791,TRUE
mastoid,threshold,2,absolute,retained,cv,beta,frontal,40,0.5451638047342363,0.0013687448619462987,0.021632845622956136,TRUE
mastoid,threshold,2,absolute,retained,cv,beta,parieto_occipital,40,0.5957253336029404,5.447407756055577e-4,0.01431048740239465,TRUE
mastoid,threshold,2,absolute,retained,cv,theta,centro_temporal,40,0.47604030574897893,0.004554457844335058,0.039350515775054905,TRUE
mastoid,threshold,2,absolute,retained,cv,theta,frontal,40,0.3046891258231991,0.061284716757760684,0.1812581076639432,FALSE
mastoid,threshold,2,absolute,retained,cv,theta,parieto_occipital,40,0.43598050436983704,0.008819555779755144,0.05512931329853376,FALSE
mastoid,threshold,2,absolute,retained,mean,alpha,centro_temporal,40,-0.13541580426180067,0.39698371472274485,0.5824425218271819,FALSE
mastoid,threshold,2,absolute,retained,mean,alpha,frontal,40,-0.0040778055555810945,0.9795561088583652,0.9866616972127781,FALSE
mastoid,threshold,2,absolute,retained,mean,alpha,parieto_occipital,40,-0.15427759579078626,0.3352084659023318,0.5236416693255497,FALSE
mastoid,threshold,2,absolute,retained,mean,beta,centro_temporal,40,0.3629226123546274,0.027177614153108178,0.10863480205871429,FALSE
mastoid,threshold,2,absolute,retained,mean,beta,frontal,40,0.4526786040519486,0.006719354210242439,0.04767308242595365,TRUE
mastoid,threshold,2,absolute,retained,mean,beta,parieto_occipital,40,0.2824927084516998,0.08177093452286034,0.22166403391607575,FALSE
mastoid,threshold,2,absolute,retained,mean,theta,centro_temporal,40,0.7909530089332247,1.2428651637953331e-5,0.00261655774227746,TRUE
mastoid,threshold,2,absolute,retained,mean,theta,frontal,40,0.49369768706706185,0.003373787958914683,0.03380744222747497,TRUE
mastoid,threshold,2,absolute,retained,mean,theta,parieto_occipital,40,0.5121555978922414,0.002452305366348733,0.02854951898983223,TRUE
mastoid,threshold,2,absolute,retained,sd,alpha,centro_temporal,40,-0.17426907752509405,0.2771412901199829,0.4642913559314229,FALSE
mastoid,threshold,2,absolute,retained,sd,alpha,frontal,40,0.016811161520724673,0.9158710188221708,0.9435364391045575,FALSE
mastoid,threshold,2,absolute,retained,sd,alpha,parieto_occipital,40,-0.16264473129807527,0.3099792694019047,0.500082738354608,FALSE
mastoid,threshold,2,absolute,retained,sd,beta,centro_temporal,40,0.46489783079692654,0.005489148740367691,0.04352146590270245,TRUE
mastoid,threshold,2,absolute,retained,sd,beta,frontal,40,0.6042921952073423,4.646066442590421e-4,0.013677982543897177,TRUE
mastoid,threshold,2,absolute,retained,sd,beta,parieto_occipital,40,0.5125636891076435,0.002434925535813345,0.02854951898983223,TRUE
mastoid,threshold,2,absolute,retained,sd,theta,centro_temporal,40,0.73930672851993,3.463894880004149e-5,0.004489207764485377,TRUE
mastoid,threshold,2,absolute,retained,sd,theta,frontal,40,0.44950689976742647,0.007078384671917714,0.049362306186360665,TRUE
mastoid,threshold,2,absolute,retained,sd,theta,parieto_occipital,40,0.4647234781725824,0.00550511176472229,0.04352146590270245,TRUE
mastoid,threshold,2,rel_1_30,removed,cv,alpha,centro_temporal,40,0.3941314675229149,0.01703199938422731,0.07978363085045274,FALSE
mastoid,threshold,2,rel_1_30,removed,cv,alpha,frontal,40,0.40959676942330336,0.013409197759832894,0.06823947760501348,FALSE
mastoid,threshold,2,rel_1_30,removed,cv,alpha,parieto_occipital,40,0.2824719616640348,0.08179250490780908,0.22166403391607575,FALSE
mastoid,threshold,2,rel_1_30,removed,cv,beta,centro_temporal,40,-0.18072910651447077,0.2599939837619412,0.4423380779364633,FALSE
mastoid,threshold,2,rel_1_30,removed,cv,beta,frontal,40,-0.13923215820266466,0.3839388507179259,0.5701887897598532,FALSE
mastoid,threshold,2,rel_1_30,removed,cv,beta,parieto_occipital,40,-0.19203573425349887,0.23184419946647808,0.41273362981944445,FALSE
mastoid,threshold,2,rel_1_30,removed,cv,theta,centro_temporal,40,-0.31964840172541753,0.050114060197749735,0.15946802842883756,FALSE
mastoid,threshold,2,rel_1_30,removed,cv,theta,frontal,40,-0.018791873828269526,0.9060040824801926,0.937474885723364,FALSE
mastoid,threshold,2,rel_1_30,removed,cv,theta,parieto_occipital,40,-0.2273032832435507,0.15852555272392901,0.3288939962596777,FALSE
mastoid,threshold,2,rel_1_30,removed,mean,alpha,centro_temporal,40,-0.35578043360567674,0.030154816716840276,0.11700791157193113,FALSE
mastoid,threshold,2,rel_1_30,removed,mean,alpha,frontal,40,-0.31401074351027713,0.054096901002254116,0.166927580235527,FALSE
mastoid,threshold,2,rel_1_30,removed,mean,alpha,parieto_occipital,40,-0.21654278517430908,0.1786663410232155,0.3494707217301223,FALSE
mastoid,threshold,2,rel_1_30,removed,mean,beta,centro_temporal,40,0.15161193703846504,0.3435272619140175,0.5298308244840473,FALSE
mastoid,threshold,2,rel_1_30,removed,mean,beta,frontal,40,0.10190633175420719,0.5230164231629053,0.6851374168656926,FALSE
mastoid,threshold,2,rel_1_30,removed,mean,beta,parieto_occipital,40,0.12462485169922545,0.4353465128017493,0.6116062038361716,FALSE
mastoid,threshold,2,rel_1_30,removed,mean,theta,centro_temporal,40,0.5409324911720289,0.0014762536524760856,0.022295406110948518,TRUE
mastoid,threshold,2,rel_1_30,removed,mean,theta,frontal,40,0.2170874893451121,0.1776013476743143,0.34874446452410807,FALSE
mastoid,threshold,2,rel_1_30,removed,mean,theta,parieto_occipital,40,0.2779672710660003,0.0865908635118762,0.2262996660418299,FALSE
mastoid,threshold,2,rel_1_30,removed,sd,alpha,centro_temporal,40,-0.05354173772771925,0.736706647813098,0.8312000715894734,FALSE
mastoid,threshold,2,rel_1_30,removed,sd,alpha,frontal,40,-0.042137778115391794,0.7912561177346449,0.862704370654038,FALSE
mastoid,threshold,2,rel_1_30,removed,sd,alpha,parieto_occipital,40,-0.08616833753449574,0.5888729025786559,0.735712675201097,FALSE
mastoid,threshold,2,rel_1_30,removed,sd,beta,centro_temporal,40,-0.10869152874238719,0.49588259444970073,0.6639089281062109,FALSE
mastoid,threshold,2,rel_1_30,removed,sd,beta,frontal,40,-0.13294246137017238,0.4055845711257149,0.5895249563568796,FALSE
mastoid,threshold,2,rel_1_30,removed,sd,beta,parieto_occipital,40,-0.1475076631294564,0.35660114504267637,0.5403375399782447,FALSE
mastoid,threshold,2,rel_1_30,removed,sd,theta,centro_temporal,40,0.4748397810894032,0.004647457853858427,0.0395677782995785,TRUE
mastoid,threshold,2,rel_1_30,removed,sd,theta,frontal,40,0.3150284513875744,0.053358241274120526,0.16596547365902448,FALSE
mastoid,threshold,2,rel_1_30,removed,sd,theta,parieto_occipital,40,0.4940979207483827,0.0033507214517201176,0.03375027203183372,TRUE
mastoid,threshold,2,rel_1_30,retained,cv,alpha,centro_temporal,40,0.34109359689053265,0.03720628951983701,0.13103084570029555,FALSE
mastoid,threshold,2,rel_1_30,retained,cv,alpha,frontal,40,0.3745658753806034,0.022885668216064536,0.09838327275916595,FALSE
mastoid,threshold,2,rel_1_30,retained,cv,alpha,parieto_occipital,40,0.362829718524281,0.027214582614503012,0.10863480205871429,FALSE
mastoid,threshold,2,rel_1_30,retained,cv,beta,centro_temporal,40,0.35904243120601714,0.02876068530447358,0.11340927430404997,FALSE
mastoid,threshold,2,rel_1_30,retained,cv,beta,frontal,40,0.43296937508983274,0.009257792898155044,0.05587490348963582,FALSE
mastoid,threshold,2,rel_1_30,retained,cv,beta,parieto_occipital,40,0.28041407838531596,0.08395602873946928,0.22327020501987455,FALSE
mastoid,threshold,2,rel_1_30,retained,cv,theta,centro_temporal,40,0.5100994458449148,0.0025416807514109002,0.02872690337641157,TRUE
mastoid,threshold,2,rel_1_30,retained,cv,theta,frontal,40,0.5321748355281278,0.0017249870366074442,0.02417855313020463,TRUE
mastoid,threshold,2,rel_1_30,retained,cv,theta,parieto_occipital,40,0.4556867132104869,0.006394613639934579,0.046733567353506845,TRUE
mastoid,threshold,2,rel_1_30,retained,mean,alpha,centro_temporal,40,-0.4645794797393135,0.005518328476252055,0.04352146590270245,TRUE
mastoid,threshold,2,rel_1_30,retained,mean,alpha,frontal,40,-0.40390774752501685,0.014650609258988827,0.07282566705003715,FALSE
mastoid,threshold,2,rel_1_30,retained,mean,alpha,parieto_occipital,40,-0.2383519829272849,0.13974860916615303,0.30224218781591206,FALSE
mastoid,threshold,2,rel_1_30,retained,mean,beta,centro_temporal,40,-0.060389900989092055,0.7045797114733916,0.8143299400144312,FALSE
mastoid,threshold,2,rel_1_30,retained,mean,beta,frontal,40,-0.06076395505560211,0.7028399432931498,0.8132862200963591,FALSE
mastoid,threshold,2,rel_1_30,retained,mean,beta,parieto_occipital,40,-0.13225870641908258,0.40798253824558806,0.5922915053998149,FALSE
mastoid,threshold,2,rel_1_30,retained,mean,theta,centro_temporal,40,0.2570596873411305,0.11204957465342597,0.26661489978734404,FALSE
mastoid,threshold,2,rel_1_30,retained,mean,theta,frontal,40,0.03526965871842017,0.8246492299283106,0.8832606627992484,FALSE
mastoid,threshold,2,rel_1_30,retained,mean,theta,parieto_occipital,40,0.07299717444468991,0.646879562057168,0.7752983160537205,FALSE
mastoid,threshold,2,rel_1_30,retained,sd,alpha,centro_temporal,40,-0.24176517581939386,0.13432146218645258,0.29572018402091027,FALSE
mastoid,threshold,2,rel_1_30,retained,sd,alpha,frontal,40,-0.20963724510210496,0.19259900533652408,0.3655238577030678,FALSE
mastoid,threshold,2,rel_1_30,retained,sd,alpha,parieto_occipital,40,-0.13684447786300136,0.3920680828092521,0.5773678448319559,FALSE
mastoid,threshold,2,rel_1_30,retained,sd,beta,centro_temporal,40,0.06988602890329802,0.6609319817476633,0.7858420627018089,FALSE
mastoid,threshold,2,rel_1_30,retained,sd,beta,frontal,40,0.0429481775083003,0.7873407162595384,0.8608334897713757,FALSE
mastoid,threshold,2,rel_1_30,retained,sd,beta,parieto_occipital,40,-0.027816120300215127,0.8612634974408202,0.9064949859366295,FALSE
mastoid,threshold,2,rel_1_30,retained,sd,theta,centro_temporal,40,0.5893379865754049,6.130280679101385e-4,0.014896582050216366,TRUE
mastoid,threshold,2,rel_1_30,retained,sd,theta,frontal,40,0.41345785915978794,0.012622470085514264,0.06667957023434709,FALSE
mastoid,threshold,2,rel_1_30,retained,sd,theta,parieto_occipital,40,0.44530998061059834,0.007580993724772663,0.05171035719634406,FALSE
mastoid,threshold,2,rel_4_30,removed,cv,alpha,centro_temporal,40,0.39323495196965286,0.01726716517732455,0.08049728802090869,FALSE
mastoid,threshold,2,rel_4_30,removed,cv,alpha,frontal,40,0.39133328750661905,0.017775810963637784,0.08247297497210467,FALSE
mastoid,threshold,2,rel_4_30,removed,cv,alpha,parieto_occipital,40,0.2961992063678898,0.06853142213781711,0.19825161404154237,FALSE
mastoid,threshold,2,rel_4_30,removed,cv,beta,centro_temporal,40,-0.11314019317222104,0.478524651947027,0.6509810520538981,FALSE
mastoid,threshold,2,rel_4_30,removed,cv,beta,frontal,40,-0.011788847533394991,0.9409465531720766,0.9592029886557508,FALSE
mastoid,threshold,2,rel_4_30,removed,cv,beta,parieto_occipital,40,-0.1830497366457069,0.2540242667536562,0.43508649741771593,FALSE
mastoid,threshold,2,rel_4_30,removed,cv,theta,centro_temporal,40,-0.37288952387626195,0.02346337397635289,0.1000280680044518,FALSE
mastoid,threshold,2,rel_4_30,removed,cv,theta,frontal,40,-0.05516603055321375,0.7290406313261288,0.8268683428610691,FALSE
mastoid,threshold,2,rel_4_30,removed,cv,theta,parieto_occipital,40,-0.25906320926039694,0.10936982713837276,0.26177300509267365,FALSE
mastoid,threshold,2,rel_4_30,removed,mean,alpha,centro_temporal,40,-0.36738129974132033,0.02545530955451645,0.10506395281099783,FALSE
mastoid,threshold,2,rel_4_30,removed,mean,alpha,frontal,40,-0.3203903298700612,0.049609396177648916,0.15888083388690197,FALSE
mastoid,threshold,2,rel_4_30,removed,mean,alpha,parieto_occipital,40,-0.2400136217761946,0.13708500272513935,0.29918508025055907,FALSE
mastoid,threshold,2,rel_4_30,removed,mean,beta,centro_temporal,40,0.18060889559954363,0.26030594709841254,0.4423380779364633,FALSE
mastoid,threshold,2,rel_4_30,removed,mean,beta,frontal,40,0.19619050470171798,0.22208556870946117,0.4014998883552567,FALSE
mastoid,threshold,2,rel_4_30,removed,mean,beta,parieto_occipital,40,0.12460383250499334,0.4354233467640234,0.6116062038361716,FALSE
mastoid,threshold,2,rel_4_30,removed,mean,theta,centro_temporal,40,0.5423256670197222,0.00143999351242091,0.02221704276306547,TRUE
mastoid,threshold,2,rel_4_30,removed,mean,theta,frontal,40,0.22809685371494962,0.1571138370243374,0.3263133538197777,FALSE
mastoid,threshold,2,rel_4_30,removed,mean,theta,parieto_occipital,40,0.2956042055700351,0.06906567326158512,0.19920425641026926,FALSE
mastoid,threshold,2,rel_4_30,removed,sd,alpha,centro_temporal,40,-0.01584547929425147,0.9206865604620638,0.9444610327925691,FALSE
mastoid,threshold,2,rel_4_30,removed,sd,alpha,frontal,40,-0.021808603527270043,0.8910056548898824,0.9287479855795878,FALSE
mastoid,threshold,2,rel_4_30,removed,sd,alpha,parieto_occipital,40,-0.05845045275997682,0.7136258856661244,0.8189425748140177,FALSE
mastoid,threshold,2,rel_4_30,removed,sd,beta,centro_temporal,40,0.06080468432168379,0.7026506041995685,0.8132862200963591,FALSE
mastoid,threshold,2,rel_4_30,removed,sd,beta,frontal,40,0.13867590340571015,0.3858230717446107,0.5721129301842283,FALSE
mastoid,threshold,2,rel_4_30,removed,sd,beta,parieto_occipital,40,-0.08184888434526408,0.6076211227467303,0.7508512939595112,FALSE
mastoid,threshold,2,rel_4_30,removed,sd,theta,centro_temporal,40,0.4441626774990729,0.00772406544066525,0.05231910528450609,FALSE
mastoid,threshold,2,rel_4_30,removed,sd,theta,frontal,40,0.31438728382281017,0.05382257853253845,0.1666501404862029,FALSE
mastoid,threshold,2,rel_4_30,removed,sd,theta,parieto_occipital,40,0.48189611583018627,0.004125396924685814,0.03695747291054941,TRUE
mastoid,threshold,2,rel_4_30,retained,cv,alpha,centro_temporal,40,0.30134605699553313,0.06405563470866084,0.18781923661182,FALSE
mastoid,threshold,2,rel_4_30,retained,cv,alpha,frontal,40,0.3447920841671718,0.03530506675997266,0.12616369445107878,FALSE
mastoid,threshold,2,rel_4_30,retained,cv,alpha,parieto_occipital,40,0.1938518730944848,0.2275402412398156,0.4073096031033163,FALSE
mastoid,threshold,2,rel_4_30,retained,cv,beta,centro_temporal,40,0.1177301602839479,0.46098247308083096,0.6355673245880392,FALSE
mastoid,threshold,2,rel_4_30,retained,cv,beta,frontal,40,0.18398848826809183,0.2516377316384191,0.43367353750450954,FALSE
mastoid,threshold,2,rel_4_30,retained,cv,beta,parieto_occipital,40,0.0740935007622626,0.6419583413147116,0.772256816532054,FALSE
mastoid,threshold,2,rel_4_30,retained,cv,theta,centro_temporal,40,0.09012486128623869,0.5719471276102219,0.7219904000482282,FALSE
mastoid,threshold,2,rel_4_30,retained,cv,theta,frontal,40,0.08191368793833328,0.6073378128226494,0.7508512939595112,FALSE
mastoid,threshold,2,rel_4_30,retained,cv,theta,parieto_occipital,40,0.3534879502101696,0.031170369690024655,0.11922897873403146,FALSE
mastoid,threshold,2,rel_4_30,retained,mean,alpha,centro_temporal,40,-0.3702045297637735,0.024416104834028566,0.10207507053193877,FALSE
mastoid,threshold,2,rel_4_30,retained,mean,alpha,frontal,40,-0.3160655182060978,0.05261454749586286,0.16466826994223974,FALSE
mastoid,threshold,2,rel_4_30,retained,mean,alpha,parieto_occipital,40,-0.17179448533544484,0.28391740634820595,0.4725474639905072,FALSE
mastoid,threshold,2,rel_4_30,retained,mean,beta,centro_temporal,40,-0.04387069113099969,0.7828904330948644,0.8593670253734705,FALSE
mastoid,threshold,2,rel_4_30,retained,mean,beta,frontal,40,-0.03313805737999918,0.8350837683853392,0.8886579654652215,FALSE
mastoid,threshold,2,rel_4_30,retained,mean,beta,parieto_occipital,40,-0.10666119305380692,0.5039192231765661,0.6705126419269298,FALSE
mastoid,threshold,2,rel_4_30,retained,mean,theta,centro_temporal,40,0.44486983869744096,0.007635586386624651,0.051900629145448685,FALSE
mastoid,threshold,2,rel_4_30,retained,mean,theta,frontal,40,0.2867417118710301,0.07745318216799982,0.2150985516208452,FALSE
mastoid,threshold,2,rel_4_30,retained,mean,theta,parieto_occipital,40,0.3538781266359678,0.03099540015138099,0.11899141103898758,FALSE
mastoid,threshold,2,rel_4_30,retained,sd,alpha,centro_temporal,40,-0.17073916515337934,0.28684232869304627,0.4749852872043643,FALSE
mastoid,threshold,2,rel_4_30,retained,sd,alpha,frontal,40,-0.10533722156931413,0.5091980954231482,0.6750203387286696,FALSE
mastoid,threshold,2,rel_4_30,retained,sd,alpha,parieto_occipital,40,-0.14804808214433948,0.35486128214407575,0.5403375399782447,FALSE
mastoid,threshold,2,rel_4_30,retained,sd,beta,centro_temporal,40,0.025826300208789833,0.8710943482013116,0.9138734014589044,FALSE
mastoid,threshold,2,rel_4_30,retained,sd,beta,frontal,40,0.10349041671803313,0.5166115611839277,0.6818010013180961,FALSE
mastoid,threshold,2,rel_4_30,retained,sd,beta,parieto_occipital,40,-0.08894986496638543,0.5769485616011186,0.7245049751760352,FALSE
mastoid,threshold,2,rel_4_30,retained,sd,theta,centro_temporal,40,0.5598170627228791,0.0010514668066736836,0.01908214458906657,TRUE
mastoid,threshold,2,rel_4_30,retained,sd,theta,frontal,40,0.36305535396513366,0.02712486579949865,0.10863480205871429,FALSE
mastoid,threshold,2,rel_4_30,retained,sd,theta,parieto_occipital,40,0.5878699841210706,6.298537258592062e-4,0.014932141988662155,TRUE
mastoid,threshold,4,absolute,removed,cv,alpha,centro_temporal,40,0.37040101940421477,0.02434522003586239,0.10199807704680276,FALSE
mastoid,threshold,4,absolute,removed,cv,alpha,frontal,40,0.43075759727714785,0.00959245617922796,0.057219100563369235,FALSE
mastoid,threshold,4,absolute,removed,cv,alpha,parieto_occipital,40,0.2378368099078169,0.1405827830348041,0.30242105880671283,FALSE
mastoid,threshold,4,absolute,removed,cv,beta,centro_temporal,40,-0.009999830166293825,0.9498948699087035,0.9657926919992258,FALSE
mastoid,threshold,4,absolute,removed,cv,beta,frontal,40,0.174305450389837,0.27704255184491533,0.4642913559314229,FALSE
mastoid,threshold,4,absolute,removed,cv,beta,parieto_occipital,40,-0.11064302985427919,0.4882254596707435,0.6604803713291061,FALSE
mastoid,threshold,4,absolute,removed,cv,theta,centro_temporal,40,-0.07730720471839583,0.6276270662003574,0.7642364457764047,FALSE
mastoid,threshold,4,absolute,removed,cv,theta,frontal,40,0.05126039370612629,0.7475196502537016,0.8390174365434157,FALSE
mastoid,threshold,4,absolute,removed,cv,theta,parieto_occipital,40,-0.14502828382490257,0.3646548628180796,0.5503796997813251,FALSE
mastoid,threshold,4,absolute,removed,mean,alpha,centro_temporal,40,-0.3220234962581288,0.04851408267534206,0.15640360981901322,FALSE
mastoid,threshold,4,absolute,removed,mean,alpha,frontal,40,-0.3407925213424803,0.03736497296628593,0.13135173136792017,FALSE
mastoid,threshold,4,absolute,removed,mean,alpha,parieto_occipital,40,-0.15640210487936465,0.3286757569139237,0.5186247333122302,FALSE
mastoid,threshold,4,absolute,removed,mean,beta,centro_temporal,40,0.2487892425081427,0.12368591601125808,0.28122271429928153,FALSE
mastoid,threshold,4,absolute,removed,mean,beta,frontal,40,0.16909477609983242,0.2914419155947281,0.4789206119325033,FALSE
mastoid,threshold,4,absolute,removed,mean,beta,parieto_occipital,40,0.18767373915437874,0.24242607152254703,0.42457322796381214,FALSE
mastoid,threshold,4,absolute,removed,mean,theta,centro_temporal,40,0.77916873940131,1.5720135166823208e-5,0.002778176614936756,TRUE
mastoid,threshold,4,absolute,removed,mean,theta,frontal,40,0.26831961098696794,0.09766451768695798,0.24155193687461365,FALSE
mastoid,threshold,4,absolute,removed,mean,theta,parieto_occipital,40,0.42300557983697684,0.010855814663507327,0.06081758993042721,FALSE
mastoid,threshold,4,absolute,removed,sd,alpha,centro_temporal,40,-0.056612866864044334,0.7222357309382421,0.8238984047380282,FALSE
mastoid,threshold,4,absolute,removed,sd,alpha,frontal,40,-0.17136403438338046,0.2851079005231096,0.47356163050081684,FALSE
mastoid,threshold,4,absolute,removed,sd,alpha,parieto_occipital,40,-0.09888097415387985,0.5353654123405308,0.6947599209546007,FALSE
mastoid,threshold,4,absolute,removed,sd,beta,centro_temporal,40,0.1597951815415822,0.318421252379208,0.5086367416805098,FALSE
mastoid,threshold,4,absolute,removed,sd,beta,frontal,40,0.18574308174314058,0.24722077203210707,0.4294880972568509,FALSE
mastoid,threshold,4,absolute,removed,sd,beta,parieto_occipital,40,0.01605964697464231,0.9196183089449095,0.9444610327925691,FALSE
mastoid,threshold,4,absolute,removed,sd,theta,centro_temporal,40,0.7869588491309243,1.345965916809393e-5,0.00261655774227746,TRUE
mastoid,threshold,4,absolute,removed,sd,theta,frontal,40,0.4415914337376317,0.008053879916716562,0.053243156856364555,FALSE
mastoid,threshold,4,absolute,removed,sd,theta,parieto_occipital,40,0.6131765020852846,3.9359892788711376e-4,0.01214533834623094,TRUE
mastoid,threshold,4,absolute,retained,cv,alpha,centro_temporal,40,0.005736680026335735,0.9712426188321954,0.9808289096154742,FALSE
mastoid,threshold,4,absolute,retained,cv,alpha,frontal,40,0.05945694928112492,0.7089259607980829,0.8159574113626248,FALSE
mastoid,threshold,4,absolute,retained,cv,alpha,parieto_occipital,40,-0.05927481875302469,0.7097755893301068,0.8159690985557231,FALSE
mastoid,threshold,4,absolute,retained,cv,beta,centro_temporal,40,0.340550522613744,0.03749295307438285,0.131455745453166,FALSE
mastoid,threshold,4,absolute,retained,cv,beta,frontal,40,0.4887080294985216,0.003674246822403038,0.03518589075247047,TRUE
mastoid,threshold,4,absolute,retained,cv,beta,parieto_occipital,40,0.3247812670703055,0.04671238162987948,0.15313468783893036,FALSE
mastoid,threshold,4,absolute,retained,cv,theta,centro_temporal,40,0.4432156164833236,0.007844055427352385,0.0529473741346286,FALSE
mastoid,threshold,4,absolute,retained,cv,theta,frontal,40,0.2031363368562384,0.20645928326977736,0.38224461588233066,FALSE
mastoid,threshold,4,absolute,retained,cv,theta,parieto_occipital,40,0.38615518570759666,0.019230666023329897,0.08673878132100538,FALSE
mastoid,threshold,4,absolute,retained,mean,alpha,centro_temporal,40,-0.1088049785933062,0.49543563370025345,0.6639089281062109,FALSE
mastoid,threshold,4,absolute,retained,mean,alpha,frontal,40,0.018766724144084233,0.9061292748324079,0.937474885723364,FALSE
mastoid,threshold,4,absolute,retained,mean,alpha,parieto_occipital,40,-0.1141268599812809,0.47472206954592844,0.6487513782448533,FALSE
mastoid,threshold,4,absolute,retained,mean,beta,centro_temporal,40,0.36005378986961956,0.028340304392903096,0.11243581987715025,FALSE
mastoid,threshold,4,absolute,retained,mean,beta,frontal,40,0.45462898185771505,0.00650709215936541,0.047025231069912105,TRUE
mastoid,threshold,4,absolute,retained,mean,beta,parieto_occipital,40,0.27499998625283284,0.08987888093511462,0.23111712240458046,FALSE
mastoid,threshold,4,absolute,retained,mean,theta,centro_temporal,40,0.8720173577790152,2.4396758851356585e-6,0.00261655774227746,TRUE
mastoid,threshold,4,absolute,retained,mean,theta,frontal,40,0.5441373531385812,0.0013941142404851903,0.02185611357663879,TRUE
mastoid,threshold,4,absolute,retained,mean,theta,parieto_occipital,40,0.5642905076117657,9.695933888779266e-4,0.018123937961333554,TRUE
mastoid,threshold,4,absolute,retained,sd,alpha,centro_temporal,40,-0.18705735077953484,0.24394940714160837,0.42653483872081993,FALSE
mastoid,threshold,4,absolute,retained,sd,alpha,frontal,40,-0.0244004629026755,0.8781516428417895,0.917616171187485,FALSE
mastoid,threshold,4,absolute,retained,sd,alpha,parieto_occipital,40,-0.16683069359619138,0.29785876412037954,0.4853624790025296,FALSE
mastoid,threshold,4,absolute,retained,sd,beta,centro_temporal,40,0.42857575703560774,0.009933534154480991,0.05789434505696291,FALSE
mastoid,threshold,4,absolute,retained,sd,beta,frontal,40,0.5480822139568691,0.0012990075376680306,0.021043922110222095,TRUE
mastoid,threshold,4,absolute,retained,sd,beta,parieto_occipital,40,0.3833869860846698,0.02005201188653417,0.08940640976225527,FALSE
mastoid,threshold,4,absolute,retained,sd,theta,centro_temporal,40,0.7066675189606807,6.571795269833833e-5,0.005610243361753921,TRUE
mastoid,threshold,4,absolute,retained,sd,theta,frontal,40,0.4405650987197493,0.008189148096735084,0.053243156856364555,FALSE
mastoid,threshold,4,absolute,retained,sd,theta,parieto_occipital,40,0.42531582015149194,0.010464095961928696,0.05913430973834124,FALSE
mastoid,threshold,4,rel_1_30,removed,cv,alpha,centro_temporal,40,0.42499950305299244,0.010516947276528538,0.05926071161035212,FALSE
mastoid,threshold,4,rel_1_30,removed,cv,alpha,frontal,40,0.5174296413011074,0.0022365120027977494,0.027517590717967246,TRUE
mastoid,threshold,4,rel_1_30,removed,cv,alpha,parieto_occipital,40,0.27872575538862515,0.08576677150959501,0.22597222606893944,FALSE
mastoid,threshold,4,rel_1_30,removed,cv,beta,centro_temporal,40,-0.1338191244778596,0.40252289227231997,0.588349250058188,FALSE
mastoid,threshold,4,rel_1_30,removed,cv,beta,frontal,40,-0.2375758323306944,0.1410068761092789,0.3025578003934196,FALSE
mastoid,threshold,4,rel_1_30,removed,cv,beta,parieto_occipital,40,-0.23771070310365494,0.14078758138892752,0.30242105880671283,FALSE
mastoid,threshold,4,rel_1_30,removed,cv,theta,centro_temporal,40,-0.16698954117595358,0.29740538457251525,0.48503025806121614,FALSE
mastoid,threshold,4,rel_1_30,removed,cv,theta,frontal,40,-0.028266426876344425,0.8590417615126873,0.9046463620696988,FALSE
mastoid,threshold,4,rel_1_30,removed,cv,theta,parieto_occipital,40,-0.19390834230965223,0.22740737271006725,0.4073096031033163,FALSE
mastoid,threshold,4,rel_1_30,removed,mean,alpha,centro_temporal,40,-0.40375647469210396,0.014685011051242057,0.07282566705003715,FALSE
mastoid,threshold,4,rel_1_30,removed,mean,alpha,frontal,40,-0.3745124690671597,0.02290387344910436,0.09838327275916595,FALSE
mastoid,threshold,4,rel_1_30,removed,mean,alpha,parieto_occipital,40,-0.2714350125770713,0.09396659456726326,0.23631443704884839,FALSE
mastoid,threshold,4,rel_1_30,removed,mean,beta,centro_temporal,40,0.18683144731524184,0.24450944783283088,0.42653483872081993,FALSE
mastoid,threshold,4,rel_1_30,removed,mean,beta,frontal,40,0.17860471034270056,0.26554675067184225,0.44772149462798033,FALSE
mastoid,threshold,4,rel_1_30,removed,mean,beta,parieto_occipital,40,0.1314260579292424,0.41091450548588404,0.5939165789327573,FALSE
mastoid,threshold,4,rel_1_30,removed,mean,theta,centro_temporal,40,0.5766993819781233,7.733224765706195e-4,0.01599296696226898,TRUE
mastoid,threshold,4,rel_1_30,removed,mean,theta,frontal,40,0.22646484054785893,0.16002791089786195,0.3295490029506818,FALSE
mastoid,threshold,4,rel_1_30,removed,mean,theta,parieto_occipital,40,0.45097329357451166,0.006910223774886293,0.04849629970533918,TRUE
mastoid,threshold,4,rel_1_30,removed,sd,alpha,centro_temporal,40,0.06378615366191101,0.6888433246443049,0.8076667208133467,FALSE
mastoid,threshold,4,rel_1_30,removed,sd,alpha,frontal,40,-0.014943583147645299,0.9251867556293092,0.9461141782974103,FALSE
mastoid,threshold,4,rel_1_30,removed,sd,alpha,parieto_occipital,40,-0.07853954432095364,0.6221696103721739,0.7606903915493748,FALSE
mastoid,threshold,4,rel_1_30,removed,sd,beta,centro_temporal,40,-0.04159491296771847,0.7938820122692687,0.8641134556839072,FALSE
mastoid,threshold,4,rel_1_30,removed,sd,beta,frontal,40,-0.19436640634640948,0.2263316993345128,0.4062685350935299,FALSE
mastoid,threshold,4,rel_1_30,removed,sd,beta,parieto_occipital,40,-0.22197035111660895,0.1682726952994755,0.33860232750080604,FALSE
mastoid,threshold,4,rel_1_30,removed,sd,theta,centro_temporal,40,0.5392316305308933,0.0015217068396304666,0.0224576989159973,TRUE
mastoid,threshold,4,rel_1_30,removed,sd,theta,frontal,40,0.3014014631701504,0.06400884939613039,0.18781923661182,FALSE
mastoid,threshold,4,rel_1_30,removed,sd,theta,parieto_occipital,40,0.41766180488302834,0.011814298880979894,0.06431946096817918,FALSE
mastoid,threshold,4,rel_1_30,retained,cv,alpha,centro_temporal,40,0.3428684608192623,0.03628289369578552,0.1286350658705558,FALSE
mastoid,threshold,4,rel_1_30,retained,cv,alpha,frontal,40,0.3579698621118487,0.029212593669314998,0.11472582241040072,FALSE
mastoid,threshold,4,rel_1_30,retained,cv,alpha,parieto_occipital,40,0.22394501722894,0.16461038881520912,0.3347307488041491,FALSE
mastoid,threshold,4,rel_1_30,retained,cv,beta,centro_temporal,40,0.32949903774545247,0.04376557727186922,0.14702728017842667,FALSE
mastoid,threshold,4,rel_1_30,retained,cv,beta,frontal,40,0.43871434871393367,0.008438422297034261,0.05449931211107841,FALSE
mastoid,threshold,4,rel_1_30,retained,cv,beta,parieto_occipital,40,0.23587236223241256,0.14380019110618325,0.30685792701473136,FALSE
mastoid,threshold,4,rel_1_30,retained,cv,theta,centro_temporal,40,0.4409988248032781,0.008131728565946697,0.053243156856364555,FALSE
mastoid,threshold,4,rel_1_30,retained,cv,theta,frontal,40,0.5386900818412327,0.001536457796207634,0.0224576989159973,TRUE
mastoid,threshold,4,rel_1_30,retained,cv,theta,parieto_occipital,40,0.3891531860473633,0.018375682537168262,0.08444994527719883,FALSE
mastoid,threshold,4,rel_1_30,retained,mean,alpha,centro_temporal,40,-0.5180601038900102,0.002211959271290879,0.027463826740206452,TRUE
mastoid,threshold,4,rel_1_30,retained,mean,alpha,frontal,40,-0.44247090263479577,0.007939624047542894,0.053222859132494436,FALSE
mastoid,threshold,4,rel_1_30,retained,mean,alpha,parieto_occipital,40,-0.25014842978884855,0.12170885874491415,0.278887234482554,FALSE
mastoid,threshold,4,rel_1_30,retained,mean,beta,centro_temporal,40,-0.09590029413559142,0.547679683240926,0.7064958886664632,FALSE
mastoid,threshold,4,rel_1_30,retained,mean,beta,frontal,40,-0.09997333770892995,0.5308890186697034,0.6917651851395669,FALSE
mastoid,threshold,4,rel_1_30,retained,mean,beta,parieto_occipital,40,-0.14147629484404695,0.37639677143922223,0.5624367870094646,FALSE
mastoid,threshold,4,rel_1_30,retained,mean,theta,centro_temporal,40,0.2880691443751521,0.07614445339456571,0.21267800601496553,FALSE
mastoid,threshold,4,rel_1_30,retained,mean,theta,frontal,40,0.03782982190803714,0.8121593926825732,0.8769979769263859,FALSE
mastoid,threshold,4,rel_1_30,retained,mean,theta,parieto_occipital,40,0.10281396966836678,0.5193414355150112,0.6835475630610575,FALSE
mastoid,threshold,4,rel_1_30,retained,sd,alpha,centro_temporal,40,-0.19058535280086294,0.23532426732313433,0.41672631280889916,FALSE
mastoid,threshold,4,rel_1_30,retained,sd,alpha,frontal,40,-0.2159595929968986,0.1798120486529355,0.34959369650816563,FALSE
mastoid,threshold,4,rel_1_30,retained,sd,alpha,parieto_occipital,40,-0.21785534071777168,0.17610841020249426,0.34756827353669933,FALSE
mastoid,threshold,4,rel_1_30,retained,sd,beta,centro_temporal,40,-0.008863756712670458,0.9555807725422015,0.9685344222221272,FALSE
mastoid,threshold,4,rel_1_30,retained,sd,beta,frontal,40,0.05032652541125963,0.7519610294448622,0.8410887463986261,FALSE
mastoid,threshold,4,rel_1_30,retained,sd,beta,parieto_occipital,40,-0.11527091114565038,0.47033459128055566,0.6452579008111505,FALSE
mastoid,threshold,4,rel_1_30,retained,sd,theta,centro_temporal,40,0.6003788482493528,4.996848103905142e-4,0.013876961019987994,TRUE
mastoid,threshold,4,rel_1_30,retained,sd,theta,frontal,40,0.47293060752927873,0.004799039898341625,0.0405623198364179,TRUE
mastoid,threshold,4,rel_1_30,retained,sd,theta,parieto_occipital,40,0.4425945637061029,0.00792368008597559,0.053222859132494436,FALSE
mastoid,threshold,4,rel_4_30,removed,cv,alpha,centro_temporal,40,0.41562531235314665,0.012199653784918621,0.0651541949392357,FALSE
mastoid,threshold,4,rel_4_30,removed,cv,alpha,frontal,40,0.49585027394428266,0.0032514734227999833,0.03308051596234346,TRUE
mastoid,threshold,4,rel_4_30,removed,cv,alpha,parieto_occipital,40,0.2959591697448195,0.06874652494946068,0.19857837221656993,FALSE
mastoid,threshold,4,rel_4_30,removed,cv,beta,centro_temporal,40,-0.05001494666639554,0.7534447742256991,0.8422637384098672,FALSE
mastoid,threshold,4,rel_4_30,removed,cv,beta,frontal,40,-0.051145153362133905,0.7480672539896704,0.8391475716998957,FALSE
mastoid,threshold,4,rel_4_30,removed,cv,beta,parieto_occipital,40,-0.24945544416823925,0.12271363684565662,0.2799944953379771,FALSE
mastoid,threshold,4,rel_4_30,removed,cv,theta,centro_temporal,40,-0.21696911948288458,0.17783236321867893,0.3488457256277617,FALSE
mastoid,threshold,4,rel_4_30,removed,cv,theta,frontal,40,-0.06272640188470442,0.6937390419229803,0.811269633558262,FALSE
mastoid,threshold,4,rel_4_30,removed,cv,theta,parieto_occipital,40,-0.2180640914211334,0.1757042200833253,0.3474760974994755,FALSE
mastoid,threshold,4,rel_4_30,removed,mean,alpha,centro_temporal,40,-0.4149006688467878,0.01233954157973927,0.06554117166943481,FALSE
mastoid,threshold,4,rel_4_30,removed,mean,alpha,frontal,40,-0.3868659096066631,0.019024774465375975,0.08613189829726958,FALSE
mastoid,threshold,4,rel_4_30,removed,mean,alpha,parieto_occipital,40,-0.2978177772423064,0.06709593007178431,0.19496933940141808,FALSE
mastoid,threshold,4,rel_4_30,removed,mean,beta,centro_temporal,40,0.21613668994665924,0.17946353546984936,0.3495762654843559,FALSE
mastoid,threshold,4,rel_4_30,removed,mean,beta,frontal,40,0.25949938202545236,0.10879346843145953,0.26142707370921797,FALSE
mastoid,threshold,4,rel_4_30,removed,mean,beta,parieto_occipital,40,0.13523324775592288,0.3976146082091345,0.5829282038903149,FALSE
mastoid,threshold,4,rel_4_30,removed,mean,theta,centro_temporal,40,0.5749429576248855,7.985730310794375e-4,0.01617110387935861,TRUE
mastoid,threshold,4,rel_4_30,removed,mean,theta,frontal,40,0.24369082578236093,0.13133506777733422,0.2921228509829951,FALSE
mastoid,threshold,4,rel_4_30,removed,mean,theta,parieto_occipital,40,0.4786885100611054,0.00435546531723569,0.03831232840138544,TRUE
mastoid,threshold,4,rel_4_30,removed,sd,alpha,centro_temporal,40,0.0914733571313927,0.566233694340198,0.7185106408598857,FALSE
mastoid,threshold,4,rel_4_30,removed,sd,alpha,frontal,40,-0.00355880936051987,0.9821575890011641,0.9877466906457646,FALSE
mastoid,threshold,4,rel_4_30,removed,sd,alpha,parieto_occipital,40,-0.039816047114055265,0.8025034358512101,0.8697880823868016,FALSE
mastoid,threshold,4,rel_4_30,removed,sd,beta,centro_temporal,40,0.11011375400181204,0.4902956197730419,0.6621425983782622,FALSE
mastoid,threshold,4,rel_4_30,removed,sd,beta,frontal,40,0.10785092595281562,0.49920128897424454,0.6669740933099184,FALSE
mastoid,threshold,4,rel_4_30,removed,sd,beta,parieto_occipital,40,-0.1853687562190652,0.2481583242613294,0.43073194853930746,FALSE
mastoid,threshold,4,rel_4_30,removed,sd,theta,centro_temporal,40,0.5311235232430259,0.0017574071158200021,0.02417855313020463,TRUE
mastoid,threshold,4,rel_4_30,removed,sd,theta,frontal,40,0.28693344876058036,0.07726297860088636,0.21487729670976122,FALSE
mastoid,threshold,4,rel_4_30,removed,sd,theta,parieto_occipital,40,0.41451845488652256,0.012413918539156698,0.06575656032730415,FALSE
mastoid,threshold,4,rel_4_30,retained,cv,alpha,centro_temporal,40,0.31442568167118845,0.053794672276061196,0.1666501404862029,FALSE
mastoid,threshold,4,rel_4_30,retained,cv,alpha,frontal,40,0.3103871420989585,0.05679933944320951,0.1725279935587489,FALSE
mastoid,threshold,4,rel_4_30,retained,cv,alpha,parieto_occipital,40,0.13027592311569372,0.4149857368071437,0.5960404402800531,FALSE
mastoid,threshold,4,rel_4_30,retained,cv,beta,centro_temporal,40,0.07734388288108511,0.6274643278246381,0.7642364457764047,FALSE
mastoid,threshold,4,rel_4_30,retained,cv,beta,frontal,40,0.2106257436894793,0.19055515786675786,0.36246499695986034,FALSE
mastoid,threshold,4,rel_4_30,retained,cv,beta,parieto_occipital,40,0.04342035836772553,0.7850619644335377,0.8602933815438542,FALSE
mastoid,threshold,4,rel_4_30,retained,cv,theta,centro_temporal,40,0.0905981155113486,0.5699387601155297,0.720390734502334,FALSE
mastoid,threshold,4,rel_4_30,retained,cv,theta,frontal,40,0.07032267488103967,0.6589520813474804,0.784611677289897,FALSE
mastoid,threshold,4,rel_4_30,retained,cv,theta,parieto_occipital,40,0.36771426620255254,0.025330713303533658,0.10477214183419029,FALSE
mastoid,threshold,4,rel_4_30,retained,mean,alpha,centro_temporal,40,-0.40985036490012794,0.013356175535376909,0.06814804525137194,FALSE
mastoid,threshold,4,rel_4_30,retained,mean,alpha,frontal,40,-0.34907492817746666,0.03321146246506594,0.12190716657817385,FALSE
mastoid,threshold,4,rel_4_30,retained,mean,alpha,parieto_occipital,40,-0.18646075607830165,0.24543046456908518,0.42675923356198714,FALSE
mastoid,threshold,4,rel_4_30,retained,mean,beta,centro_temporal,40,-0.04831692707146553,0.7615472768978389,0.8459702321653706,FALSE
mastoid,threshold,4,rel_4_30,retained,mean,beta,frontal,40,-0.04785077852343565,0.7637764192112618,0.8469945002548164,FALSE
mastoid,threshold,4,rel_4_30,retained,mean,beta,parieto_occipital,40,-0.10963535990460871,0.4921709775581692,0.6621425983782622,FALSE
mastoid,threshold,4,rel_4_30,retained,mean,theta,centro_temporal,40,0.4857996134061282,0.0038608575153432053,0.03590877868692834,TRUE
mastoid,threshold,4,rel_4_30,retained,mean,theta,frontal,40,0.3222136953774383,0.04838790355892871,0.15638124097403452,FALSE
mastoid,threshold,4,rel_4_30,retained,mean,theta,parieto_occipital,40,0.3540058966475968,0.03093829395673024,0.11899141103898758,FALSE
mastoid,threshold,4,rel_4_30,retained,sd,alpha,centro_temporal,40,-0.08450318527273959,0.5960674895346804,0.7423159510925167,FALSE
mastoid,threshold,4,rel_4_30,retained,sd,alpha,frontal,40,-0.1132900898400963,0.4779458434298445,0.6509810520538981,FALSE
mastoid,threshold,4,rel_4_30,retained,sd,alpha,parieto_occipital,40,-0.17047834811450963,0.28756845438661466,0.47577283006602455,FALSE
mastoid,threshold,4,rel_4_30,retained,sd,beta,centro_temporal,40,0.012525166029083523,0.9372658126297573,0.9564539316284768,FALSE
mastoid,threshold,4,rel_4_30,retained,sd,beta,frontal,40,0.1306613167943963,0.41361877402659486,0.59549415837618,FALSE
mastoid,threshold,4,rel_4_30,retained,sd,beta,parieto_occipital,40,-0.12011845811298139,0.4520043823207599,0.6254067752537774,FALSE
mastoid,threshold,4,rel_4_30,retained,sd,theta,centro_temporal,40,0.5294385983647693,0.001810582550269844,0.024442864428642894,TRUE
mastoid,threshold,4,rel_4_30,retained,sd,theta,frontal,40,0.42153266800310774,0.011112577804064048,0.06189928725243699,FALSE
mastoid,threshold,4,rel_4_30,retained,sd,theta,parieto_occipital,40,0.4874842170432814,0.0037517074910490412,0.035351316900002865,TRUE
