reference,artifact,epoch_sec,normalise,aperiodic,outcome,band,roi,n,dz,p,p_fdr,sig
average,ica,2,absolute,removed,cv,alpha,centro_temporal,57,0.16160283801956069,0.22754979410759382,0.3426064656231098,FALSE
average,ica,2,absolute,removed,cv,alpha,frontal,57,0.28433754641220754,0.036162784984214484,0.09036048073176473,FALSE
average,ica,2,absolute,removed,cv,alpha,parieto_occipital,57,0.35279116734376137,0.010079219446968848,0.036555975009155674,TRUE
average,ica,2,absolute,removed,cv,beta,centro_temporal,57,0.3066353387789552,0.02429982712757697,0.06876219164323571,FALSE
average,ica,2,absolute,removed,cv,beta,frontal,57,0.30175363008646783,0.02655146368262572,0.07149036758867645,FALSE
average,ica,2,absolute,removed,cv,beta,parieto_occipital,57,0.42600139897711015,0.002159127961705932,0.01140582814553351,TRUE
average,ica,2,absolute,removed,cv,theta,centro_temporal,57,-0.021540560067706382,0.8713970295471201,0.9044895546376098,FALSE
average,ica,2,absolute,removed,cv,theta,frontal,57,0.14830017614794702,0.2676457511348305,0.38886647250083,FALSE
average,ica,2,absolute,removed,cv,theta,parieto_occipital,57,-0.003413680850708448,0.9795302396290165,0.9825628409900972,FALSE
average,ica,2,absolute,removed,mean,alpha,centro_temporal,57,-0.08343121588367788,0.5313271218883091,0.6447565074599706,FALSE
average,ica,2,absolute,removed,mean,alpha,frontal,57,-0.0503991058993931,0.7050102030872907,0.7940555242188256,FALSE
average,ica,2,absolute,removed,mean,alpha,parieto_occipital,57,-0.026441448170445674,0.842494216906816,0.8947696130093608,FALSE
average,ica,2,absolute,removed,mean,beta,centro_temporal,57,-0.12103203861552989,0.36475434250198957,0.4883487891348951,FALSE
average,ica,2,absolute,removed,mean,beta,frontal,57,-0.026390253618154242,0.8427950838714904,0.8947696130093608,FALSE
average,ica,2,absolute,removed,mean,beta,parieto_occipital,57,-0.3078456688933284,0.02376855462217893,0.06798282276319405,FALSE
average,ica,2,absolute,removed,mean,theta,centro_temporal,57,0.5520907302977677,1.0747575628261133e-4,0.0016212860661013301,TRUE
average,ica,2,absolute,removed,mean,theta,frontal,57,0.2478487005754885,0.06654262298065963,0.14278019765386568,FALSE
average,ica,2,absolute,removed,mean,theta,parieto_occipital,57,0.22168752794228633,0.09976622029466838,0.19355841542199134,FALSE
average,ica,2,absolute,removed,sd,alpha,centro_temporal,57,0.10075031032795273,0.45005822317234245,0.5725871635124566,FALSE
average,ica,2,absolute,removed,sd,alpha,frontal,57,0.1635908576799729,0.22195620316145762,0.3365700927814927,FALSE
average,ica,2,absolute,removed,sd,alpha,parieto_occipital,57,0.2598020054564054,0.054803929049758185,0.12302406243964192,FALSE
average,ica,2,absolute,removed,sd,beta,centro_temporal,57,0.23044396196847663,0.08738542469570038,0.17405457541848518,FALSE
average,ica,2,absolute,removed,sd,beta,frontal,57,0.21074146798300847,0.11722531080436104,0.21387219262490062,FALSE
average,ica,2,absolute,removed,sd,beta,parieto_occipital,57,0.0791658117260252,0.5524570357318166,0.665412935230887,FALSE
average,ica,2,absolute,removed,sd,theta,centro_temporal,57,0.6425393061661115,1.018543638309294e-5,3.9600976657465354e-4,TRUE
average,ica,2,absolute,removed,sd,theta,frontal,57,0.5978782845238194,3.317484236360872e-5,8.061486694356919e-4,TRUE
average,ica,2,absolute,removed,sd,theta,parieto_occipital,57,0.6521433209094257,7.870807155724155e-6,3.6430593120780373e-4,TRUE
average,ica,2,absolute,retained,cv,alpha,centro_temporal,57,0.14706080387793213,0.27162115108090934,0.39288059352774385,FALSE
average,ica,2,absolute,retained,cv,alpha,frontal,57,0.29117525139791733,0.032075329852172166,0.08269819792125026,FALSE
average,ica,2,absolute,retained,cv,alpha,parieto_occipital,57,0.2989492144148694,0.02792704077386937,0.07437009214301653,FALSE
average,ica,2,absolute,retained,cv,beta,centro_temporal,57,0.48128124389315324,6.080140287801316e-4,0.004377701007216948,TRUE
average,ica,2,absolute,retained,cv,beta,frontal,57,0.47088951246640853,7.763463375100568e-4,0.005314145352533628,TRUE
average,ica,2,absolute,retained,cv,beta,parieto_occipital,57,0.48430502311372015,5.659882265373164e-4,0.004133459944313889,TRUE
average,ica,2,absolute,retained,cv,theta,centro_temporal,57,0.3470036988643953,0.011301009115665037,0.03925833864973293,TRUE
average,ica,2,absolute,retained,cv,theta,frontal,57,0.17492899028822184,0.19197841367284535,0.3062187732757948,FALSE
average,ica,2,absolute,retained,cv,theta,parieto_occipital,57,0.5289352405792335,1.917464328940903e-4,0.00238945554837251,TRUE
average,ica,2,absolute,retained,mean,alpha,centro_temporal,57,0.02632066261825997,0.8432041033139634,0.8947696130093608,FALSE
average,ica,2,absolute,retained,mean,alpha,frontal,57,0.08324897645904689,0.5322212211521741,0.6450361932168494,FALSE
average,ica,2,absolute,retained,mean,alpha,parieto_occipital,57,-0.12372607064577891,0.3542569245486289,0.48091861824199345,FALSE
average,ica,2,absolute,retained,mean,beta,centro_temporal,57,0.31127634947891686,0.02231846346266007,0.06495073798115446,FALSE
average,ica,2,absolute,retained,mean,beta,frontal,57,0.36740093648264915,0.007513028096628486,0.029327965100091922,TRUE
average,ica,2,absolute,retained,mean,beta,parieto_occipital,57,0.037041462793607746,0.7807710955189726,0.8535928575433769,FALSE
average,ica,2,absolute,retained,mean,theta,centro_temporal,57,0.6732204537438097,4.450812195275904e-6,3.2914026102831074e-4,TRUE
average,ica,2,absolute,retained,mean,theta,frontal,57,0.33194432299157145,0.015138139347440344,0.04893523625532725,TRUE
average,ica,2,absolute,retained,mean,theta,parieto_occipital,57,0.15764055363281665,0.2390046050964846,0.35685480207954384,FALSE
average,ica,2,absolute,retained,sd,alpha,centro_temporal,57,0.05857920067222788,0.6600021342732698,0.758614479200072,FALSE
average,ica,2,absolute,retained,sd,alpha,frontal,57,0.18003718827649443,0.17951592889440385,0.29325963510144626,FALSE
average,ica,2,absolute,retained,sd,alpha,parieto_occipital,57,-0.058035376642336725,0.6629576924965458,0.7601326676793648,FALSE
average,ica,2,absolute,retained,sd,beta,centro_temporal,57,0.4557527661615036,0.0011028095957057176,0.006741703943559481,TRUE
average,ica,2,absolute,retained,sd,beta,frontal,57,0.5186817463107605,2.4687345479001613e-4,0.00255277657506272,TRUE
average,ica,2,absolute,retained,sd,beta,parieto_occipital,57,0.3582570485650597,0.009037455814217082,0.033840071659568094,TRUE
average,ica,2,absolute,retained,sd,theta,centro_temporal,57,0.5264984114142349,2.036573441470931e-4,0.0023945612514939523,TRUE
average,ica,2,absolute,retained,sd,theta,frontal,57,0.36511382712598467,0.00787037619472527,0.03035716532251176,TRUE
average,ica,2,absolute,retained,sd,theta,parieto_occipital,57,0.35253786259247716,0.010130061074581583,0.036603789459082894,TRUE
average,ica,2,rel_1_30,removed,cv,alpha,centro_temporal,57,0.1184757491921087,0.37489765710374556,0.49986354280499407,FALSE
average,ica,2,rel_1_30,removed,cv,alpha,frontal,57,0.22306804314875994,0.09772382083977246,0.1903558193512201,FALSE
average,ica,2,rel_1_30,removed,cv,alpha,parieto_occipital,57,0.2195160103887919,0.10304950121155049,0.1978929208340764,FALSE
average,ica,2,rel_1_30,removed,cv,beta,centro_temporal,57,0.14588998383916846,0.2754146404536796,0.39708574120448137,FALSE
average,ica,2,rel_1_30,removed,cv,beta,frontal,57,0.2397029586267076,0.0757072001899785,0.15656893315884915,FALSE
average,ica,2,rel_1_30,removed,cv,beta,parieto_occipital,57,0.28049720265064926,0.0386529080470803,0.09487531975192437,FALSE
average,ica,2,rel_1_30,removed,cv,theta,centro_temporal,57,-0.09365131191473845,0.48246618927309437,0.5998756463603341,FALSE
average,ica,2,rel_1_30,removed,cv,theta,frontal,57,0.09413878937221005,0.48019988920103107,0.5984029388505157,FALSE
average,ica,2,rel_1_30,removed,cv,theta,parieto_occipital,57,-0.06949657188679104,0.601871360378389,0.703993937771112,FALSE
average,ica,2,rel_1_30,removed,mean,alpha,centro_temporal,57,-0.04894576280332383,0.713124656993624,0.7994892348302222,FALSE
average,ica,2,rel_1_30,removed,mean,alpha,frontal,57,-0.03399087536860568,0.7984083834543483,0.8586730056280859,FALSE
average,ica,2,rel_1_30,removed,mean,alpha,parieto_occipital,57,0.01997831165869676,0.8806495110070066,0.9077320516424288,FALSE
average,ica,2,rel_1_30,removed,mean,beta,centro_temporal,57,-0.18872213407021377,0.15975852786357284,0.26689050681507964,FALSE
average,ica,2,rel_1_30,removed,mean,beta,frontal,57,-0.17909664794262037,0.18176298515967348,0.2954700762126277,FALSE
average,ica,2,rel_1_30,removed,mean,beta,parieto_occipital,57,-0.2717877052921244,0.044860784845590244,0.10687422272037676,FALSE
average,ica,2,rel_1_30,removed,mean,theta,centro_temporal,57,0.4954928713738271,4.333804292859385e-4,0.003695138397069581,TRUE
average,ica,2,rel_1_30,removed,mean,theta,frontal,57,0.24748534179008563,0.06693047449337917,0.14329608195498802,FALSE
average,ica,2,rel_1_30,removed,mean,theta,parieto_occipital,57,0.33040606968134056,0.015590045973208025,0.049683687494944916,TRUE
average,ica,2,rel_1_30,removed,sd,alpha,centro_temporal,57,0.1985284833639031,0.13952719056163293,0.24046175394664399,FALSE
average,ica,2,rel_1_30,removed,sd,alpha,frontal,57,0.2629963953693738,0.05198471974813462,0.11872696540083227,FALSE
average,ica,2,rel_1_30,removed,sd,alpha,parieto_occipital,57,0.3141267621323162,0.021174277520234954,0.062519803203716,FALSE
average,ica,2,rel_1_30,removed,sd,beta,centro_temporal,57,0.1771557005179774,0.18646777850296647,0.2990869318562433,FALSE
average,ica,2,rel_1_30,removed,sd,beta,frontal,57,0.2821308186092357,0.03757592142006995,0.09341124199567262,FALSE
average,ica,2,rel_1_30,removed,sd,beta,parieto_occipital,57,0.303588364237344,0.025684363679323516,0.06993053640420857,FALSE
average,ica,2,rel_1_30,removed,sd,theta,centro_temporal,57,0.5809685775227967,5.14378409381732e-5,0.0010475536681415097,TRUE
average,ica,2,rel_1_30,removed,sd,theta,frontal,57,0.5356368548560461,1.6235397575559504e-4,0.0022110564389714836,TRUE
average,ica,2,rel_1_30,removed,sd,theta,parieto_occipital,57,0.6596211564558574,6.433811686767391e-6,3.2914026102831074e-4,TRUE
average,ica,2,rel_1_30,retained,cv,alpha,centro_temporal,57,0.20013563174063703,0.13641347269770068,0.23682562246459563,FALSE
average,ica,2,rel_1_30,retained,cv,alpha,frontal,57,0.14522326222891527,0.2775913550512823,0.39708574120448137,FALSE
average,ica,2,rel_1_30,retained,cv,alpha,parieto_occipital,57,0.3278242337683903,0.01637599518672289,0.05151283922813803,FALSE
average,ica,2,rel_1_30,retained,cv,beta,centro_temporal,57,0.2567620129877033,0.05760745668607497,0.1275499952138152,FALSE
average,ica,2,rel_1_30,retained,cv,beta,frontal,57,0.0932776151981824,0.4842075533404018,0.6010852386294643,FALSE
average,ica,2,rel_1_30,retained,cv,beta,parieto_occipital,57,0.20607286866579616,0.125385770931192,0.22506096019785113,FALSE
average,ica,2,rel_1_30,retained,cv,theta,centro_temporal,57,0.5457851905592522,1.25965355745795e-4,0.001800563614484011,TRUE
average,ica,2,rel_1_30,retained,cv,theta,frontal,57,0.5333901058929851,1.716865384127331e-4,0.002248430343440499,TRUE
average,ica,2,rel_1_30,retained,cv,theta,parieto_occipital,57,0.444770248768585,0.0014172556248667773,0.008009142252154114,TRUE
average,ica,2,rel_1_30,retained,mean,alpha,centro_temporal,57,-0.1525105938483901,0.2544479088127713,0.3753010126950132,FALSE
average,ica,2,rel_1_30,retained,mean,alpha,frontal,57,-0.12238432578224889,0.3594603724267109,0.4849443669487116,FALSE
average,ica,2,rel_1_30,retained,mean,alpha,parieto_occipital,57,-0.11902908157961038,0.3726869905571546,0.4975985643153218,FALSE
average,ica,2,rel_1_30,retained,mean,beta,centro_temporal,57,-0.03169623033127963,0.8117456454202232,0.8708794341594447,FALSE
average,ica,2,rel_1_30,retained,mean,beta,frontal,57,0.07843756935635066,0.556106491450804,0.6681526695799525,FALSE
average,ica,2,rel_1_30,retained,mean,beta,parieto_occipital,57,-0.21561472986414604,0.10916948613486593,0.20435382529600082,FALSE
average,ica,2,rel_1_30,retained,mean,theta,centro_temporal,57,0.3808924720781006,0.005691995036400297,0.024159909062799512,TRUE
average,ica,2,rel_1_30,retained,mean,theta,frontal,57,0.16413968016916763,0.22042997047832685,0.3353019269247789,FALSE
average,ica,2,rel_1_30,retained,mean,theta,parieto_occipital,57,0.20940340813057357,0.11951917912658588,0.21633639126823367,FALSE
average,ica,2,rel_1_30,retained,sd,alpha,centro_temporal,57,2.9097807681070006e-4,0.9982549869014696,0.9982549869014696,FALSE
average,ica,2,rel_1_30,retained,sd,alpha,frontal,57,-0.032223269037336875,0.8086771932791345,0.8685461125605731,FALSE
average,ica,2,rel_1_30,retained,sd,alpha,parieto_occipital,57,0.14808181863666967,0.2683431565282255,0.38929783305288834,FALSE
average,ica,2,rel_1_30,retained,sd,beta,centro_temporal,57,0.22885434067047639,0.08953341679432024,0.17724334241156675,FALSE
average,ica,2,rel_1_30,retained,sd,beta,frontal,57,0.304289743150316,0.02535959326002404,0.06963142556142193,FALSE
average,ica,2,rel_1_30,retained,sd,beta,parieto_occipital,57,0.06419005090949544,0.6298331278748861,0.7305257986117413,FALSE
average,ica,2,rel_1_30,retained,sd,theta,centro_temporal,57,0.6672712467442942,5.2308418679640255e-6,3.2914026102831074e-4,TRUE
average,ica,2,rel_1_30,retained,sd,theta,frontal,57,0.5986394135329238,3.2522572933674236e-5,8.061486694356919e-4,TRUE
average,ica,2,rel_1_30,retained,sd,theta,parieto_occipital,57,0.5543265235581233,1.0157400414656907e-4,0.0015924182585558893,TRUE
average,ica,2,rel_4_30,removed,cv,alpha,centro_temporal,57,0.12119705863484571,0.36410565040424636,0.4883487891348951,FALSE
average,ica,2,rel_4_30,removed,cv,alpha,frontal,57,0.21246709525283716,0.11431957386900136,0.21045194280429796,FALSE
average,ica,2,rel_4_30,removed,cv,alpha,parieto_occipital,57,0.23071245398462412,0.08702687102684356,0.17405374205368712,FALSE
average,ica,2,rel_4_30,removed,cv,beta,centro_temporal,57,0.15398808238632458,0.24992865788918192,0.3702282196080897,FALSE
average,ica,2,rel_4_30,removed,cv,beta,frontal,57,0.25872012670357,0.055787969141549404,0.12437134404950922,FALSE
average,ica,2,rel_4_30,removed,cv,beta,parieto_occipital,57,0.2730900222638311,0.043880826741512835,0.10505459012992728,FALSE
average,ica,2,rel_4_30,removed,cv,theta,centro_temporal,57,-0.12383682191680592,0.3538296114460032,0.48091861824199345,FALSE
average,ica,2,rel_4_30,removed,cv,theta,frontal,57,0.08179694876683997,0.5393729763019203,0.6512677428142442,FALSE
average,ica,2,rel_4_30,removed,cv,theta,parieto_occipital,57,-0.07806132189263024,0.5579967092365563,0.6695960510838675,FALSE
average,ica,2,rel_4_30,removed,mean,alpha,centro_temporal,57,-0.05276588633858894,0.6918695835828963,0.7828838594209258,FALSE
average,ica,2,rel_4_30,removed,mean,alpha,frontal,57,-0.037954085113301554,0.7755166449969193,0.8498333471668608,FALSE
average,ica,2,rel_4_30,removed,mean,alpha,parieto_occipital,57,0.002980001720461359,0.982130269581281,0.9831417322688003,FALSE
average,ica,2,rel_4_30,removed,mean,beta,centro_temporal,57,-0.1744739799431237,0.1931194526934796,0.3062187732757948,FALSE
average,ica,2,rel_4_30,removed,mean,beta,frontal,57,-0.12604017753855418,0.34539796688661994,0.4728546814278797,FALSE
average,ica,2,rel_4_30,removed,mean,beta,parieto_occipital,57,-0.2432659539627605,0.07157589659093712,0.15157248689845507,FALSE
average,ica,2,rel_4_30,removed,mean,theta,centro_temporal,57,0.5024916868628084,3.661657152484176e-4,0.0032954914372357587,TRUE
average,ica,2,rel_4_30,removed,mean,theta,frontal,57,0.24405441928072244,0.07068775915144675,0.1503468312805388,FALSE
average,ica,2,rel_4_30,removed,mean,theta,parieto_occipital,57,0.33471211920339017,0.014354752469963096,0.04666494782877635,TRUE
average,ica,2,rel_4_30,removed,sd,alpha,centro_temporal,57,0.21100932745950943,0.11677040370341168,0.21387219262490062,FALSE
average,ica,2,rel_4_30,removed,sd,alpha,frontal,57,0.26059744240296584,0.054089942104192615,0.12198474182198427,FALSE
average,ica,2,rel_4_30,removed,sd,alpha,parieto_occipital,57,0.31427141988826046,0.02111763470566049,0.062519803203716,FALSE
average,ica,2,rel_4_30,removed,sd,beta,centro_temporal,57,0.18518261810728354,0.1675967485761685,0.2779932416655901,FALSE
average,ica,2,rel_4_30,removed,sd,beta,frontal,57,0.3072537403563286,0.024027074283024964,0.06828747427807094,FALSE
average,ica,2,rel_4_30,removed,sd,beta,parieto_occipital,57,0.24130306253450767,0.07382778039558349,0.1536322475399515,FALSE
average,ica,2,rel_4_30,removed,sd,theta,centro_temporal,57,0.5556730577337843,9.81724266984626e-5,0.0015924182585558893,TRUE
average,ica,2,rel_4_30,removed,sd,theta,frontal,57,0.5339805813551224,1.691848213835753e-4,0.002248430343440499,TRUE
average,ica,2,rel_4_30,removed,sd,theta,parieto_occipital,57,0.6380836088507854,1.1474451847319098e-5,4.1308026650348754e-4,TRUE
average,ica,2,rel_4_30,retained,cv,alpha,centro_temporal,57,0.28100943371348014,0.03831234836636292,0.09427747496735382,FALSE
average,ica,2,rel_4_30,retained,cv,alpha,frontal,57,0.3648988122561519,0.007904762785344526,0.03036928627412996,TRUE
average,ica,2,rel_4_30,retained,cv,alpha,parieto_occipital,57,0.29696722269141007,0.028936903749694192,0.07622403914553592,FALSE
average,ica,2,rel_4_30,retained,cv,beta,centro_temporal,57,0.25006714167933497,0.06421565841156145,0.1390147438219103,FALSE
average,ica,2,rel_4_30,retained,cv,beta,frontal,57,0.1505356513882695,0.26057948800463815,0.38087708622632827,FALSE
average,ica,2,rel_4_30,retained,cv,beta,parieto_occipital,57,0.24216058224445816,0.07283679512895215,0.15319214712142323,FALSE
average,ica,2,rel_4_30,retained,cv,theta,centro_temporal,57,0.32672254284178576,0.01672211469584019,0.052304957035007184,FALSE
average,ica,2,rel_4_30,retained,cv,theta,frontal,57,0.29042792551689495,0.03250135814746196,0.08291685070691082,FALSE
average,ica,2,rel_4_30,retained,cv,theta,parieto_occipital,57,0.41555962146432285,0.0027170408080977302,0.013474304415668336,TRUE
average,ica,2,rel_4_30,retained,mean,alpha,centro_temporal,57,-0.13950947602277664,0.2967392237098609,0.4168071176965098,FALSE
average,ica,2,rel_4_30,retained,mean,alpha,frontal,57,-0.13046673748865842,0.32885971911648637,0.45148537709212533,FALSE
average,ica,2,rel_4_30,retained,mean,alpha,parieto_occipital,57,-0.04896924912308295,0.7129932573575275,0.7994892348302222,FALSE
average,ica,2,rel_4_30,retained,mean,beta,centro_temporal,57,-0.0896790273974502,0.5011541875827525,0.6166099624435891,FALSE
average,ica,2,rel_4_30,retained,mean,beta,frontal,57,0.07264717901325086,0.5855464219416933,0.6915566490003959,FALSE
average,ica,2,rel_4_30,retained,mean,beta,parieto_occipital,57,-0.23155914116573714,0.08590415335232922,0.17254473973331558,FALSE
average,ica,2,rel_4_30,retained,mean,theta,centro_temporal,57,0.29918858034218054,0.027807215318424474,0.07425443211403458,FALSE
average,ica,2,rel_4_30,retained,mean,theta,frontal,57,0.0385116338201892,0.7723117100163128,0.847276503539341,FALSE
average,ica,2,rel_4_30,retained,mean,theta,parieto_occipital,57,0.28732637084363083,0.034323099580756154,0.08688034581378902,FALSE
average,ica,2,rel_4_30,retained,sd,alpha,centro_temporal,57,0.09187391502567598,0.490779718556854,0.6072253639156777,FALSE
average,ica,2,rel_4_30,retained,sd,alpha,frontal,57,0.13642733157860168,0.30743647474089864,0.4266392996384005,FALSE
average,ica,2,rel_4_30,retained,sd,alpha,parieto_occipital,57,0.1840887482949883,0.17007819367898283,0.28162862735259164,FALSE
average,ica,2,rel_4_30,retained,sd,beta,centro_temporal,57,0.2555895816980061,0.05872095126840754,0.12971991962020937,FALSE
average,ica,2,rel_4_30,retained,sd,beta,frontal,57,0.2862755200383375,0.03496034292725167,0.08780737293356233,FALSE
average,ica,2,rel_4_30,retained,sd,beta,parieto_occipital,57,0.14898156164143642,0.26547772394616215,0.386293933646212,FALSE
average,ica,2,rel_4_30,retained,sd,theta,centro_temporal,57,0.5243699460608127,2.146421478221298e-4,0.0024544960903895314,TRUE
average,ica,2,rel_4_30,retained,sd,theta,frontal,57,0.3488566165120842,0.010895876843905356,0.03837243584157973,TRUE
average,ica,2,rel_4_30,retained,sd,theta,parieto_occipital,57,0.5960007493325558,3.4838867999955706e-5,8.259360901452914e-4,TRUE
average,threshold,2,absolute,removed,cv,alpha,centro_temporal,57,0.33056990292178273,0.015541341786098511,0.049683687494944916,TRUE
average,threshold,2,absolute,removed,cv,alpha,frontal,57,0.43595079128038955,0.0017294042711266597,0.00949706752279725,TRUE
average,threshold,2,absolute,removed,cv,alpha,parieto_occipital,57,0.36822072220276464,0.0073886209774067626,0.029075868785584505,TRUE
average,threshold,2,absolute,removed,cv,beta,centro_temporal,57,0.2714107293122402,0.04514796312356595,0.10709548308591421,FALSE
average,threshold,2,absolute,removed,cv,beta,frontal,57,0.31193084723341125,0.022050964788589512,0.06436497830182884,FALSE
average,threshold,2,absolute,removed,cv,beta,parieto_occipital,57,0.36672447615592296,0.007617134028147453,0.029615417101437298,TRUE
average,threshold,2,absolute,removed,cv,theta,centro_temporal,57,0.04608460287328902,0.7291963924207416,0.8128198319185331,FALSE
average,threshold,2,absolute,removed,cv,theta,frontal,57,0.09724665953974171,0.46589230031961115,0.5858309390823572,FALSE
average,threshold,2,absolute,removed,cv,theta,parieto_occipital,57,-0.05852884732861928,0.6602755652296922,0.758614479200072,FALSE
average,threshold,2,absolute,removed,mean,alpha,centro_temporal,57,-0.18374075675428397,0.17087351423830036,0.28246438067963936,FALSE
average,threshold,2,absolute,removed,mean,alpha,frontal,57,-0.17279028770709512,0.19738619287350756,0.3101144691901797,FALSE
average,threshold,2,absolute,removed,mean,alpha,parieto_occipital,57,-0.07508616677171592,0.5730555191440749,0.6801098468962647,FALSE
average,threshold,2,absolute,removed,mean,beta,centro_temporal,57,-0.0577127178492577,0.6647138228722234,0.7601326676793648,FALSE
average,threshold,2,absolute,removed,mean,beta,frontal,57,0.18183553379924114,0.17527860899609232,0.2877885269327732,FALSE
average,threshold,2,absolute,removed,mean,beta,parieto_occipital,57,-0.2186498509146597,0.10438349657790418,0.1983446953106145,FALSE
average,threshold,2,absolute,removed,mean,theta,centro_temporal,57,0.5584038466324358,9.160968387930637e-5,0.0015352519436325136,TRUE
average,threshold,2,absolute,removed,mean,theta,frontal,57,0.2620691397021963,0.05278994813702912,0.1201682191784363,FALSE
average,threshold,2,absolute,removed,mean,theta,parieto_occipital,57,0.2305743986436738,0.087211082382562,0.17405457541848518,FALSE
average,threshold,2,absolute,removed,sd,alpha,centro_temporal,57,0.04240538758111585,0.7500433695382335,0.8293994939603674,FALSE
average,threshold,2,absolute,removed,sd,alpha,frontal,57,0.08770650740896636,0.5105784725510447,0.6258288465568921,FALSE
average,threshold,2,absolute,removed,sd,alpha,parieto_occipital,57,0.21554993437315356,0.10927357161686004,0.20435382529600082,FALSE
average,threshold,2,absolute,removed,sd,beta,centro_temporal,57,0.26423411746106656,0.050926340201065845,0.11729953240624645,FALSE
average,threshold,2,absolute,removed,sd,beta,frontal,57,0.3843745704426946,0.005293441590694231,0.02286766767179908,TRUE
average,threshold,2,absolute,removed,sd,beta,parieto_occipital,57,0.1454499792975983,0.2768498222879027,0.39708574120448137,FALSE
average,threshold,2,absolute,removed,sd,theta,centro_temporal,57,0.6828515095927955,3.423772649201791e-6,3.0253700136583097e-4,TRUE
average,threshold,2,absolute,removed,sd,theta,frontal,57,0.5982174738917949,3.288260447141023e-5,8.061486694356919e-4,TRUE
average,threshold,2,absolute,removed,sd,theta,parieto_occipital,57,0.6621748987391115,6.0047590360703585e-6,3.2914026102831074e-4,TRUE
average,threshold,2,absolute,retained,cv,alpha,centro_temporal,57,0.11488698760081797,0.3894367295246881,0.5129166681544672,FALSE
average,threshold,2,absolute,retained,cv,alpha,frontal,57,0.20350275916674757,0.13006864709216523,0.2311520883207628,FALSE
average,threshold,2,absolute,retained,cv,alpha,parieto_occipital,57,0.21271852006823527,0.11390110682995402,0.21007946079452622,FALSE
average,threshold,2,absolute,retained,cv,beta,centro_temporal,57,0.42223445740958393,0.002346646063424217,0.011942094102870884,TRUE
average,threshold,2,absolute,retained,cv,beta,frontal,57,0.4098063373974786,0.0030796289233903265,0.014861262252243488,TRUE
average,threshold,2,absolute,retained,cv,beta,parieto_occipital,57,0.5042228989168962,3.5115258293149965e-4,0.0032056996484165464,TRUE
average,threshold,2,absolute,retained,cv,theta,centro_temporal,57,0.3928484594331653,0.00442916234722543,0.019931230562514436,TRUE
average,threshold,2,absolute,retained,cv,theta,frontal,57,-0.11550923864206332,0.3868908679414653,0.5102549845849448,FALSE
average,threshold,2,absolute,retained,cv,theta,parieto_occipital,57,0.2987312852637681,0.028036532365070695,0.07445767611707299,FALSE
average,threshold,2,absolute,retained,mean,alpha,centro_temporal,57,-0.03430703960335405,0.79657535810265,0.8586730056280859,FALSE
average,threshold,2,absolute,retained,mean,alpha,frontal,57,0.019795933637409707,0.8817307696729635,0.9078838009768225,FALSE
average,threshold,2,absolute,retained,mean,alpha,parieto_occipital,57,-0.14196256952483047,0.2884100147867426,0.4098458104864237,FALSE
average,threshold,2,absolute,retained,mean,beta,centro_temporal,57,0.28125620380621785,0.03814921886140308,0.09411431658193857,FALSE
average,threshold,2,absolute,retained,mean,beta,frontal,57,0.16418796391683438,0.22029606796893905,0.3353019269247789,FALSE
average,threshold,2,absolute,retained,mean,beta,parieto_occipital,57,0.016225790775898166,0.9029400101131707,0.922878748506837,FALSE
average,threshold,2,absolute,retained,mean,theta,centro_temporal,57,0.7960328063266248,1.4646908837447497e-7,6.21671083362716e-5,TRUE
average,threshold,2,absolute,retained,mean,theta,frontal,57,0.40967441453268094,0.0030884516203222067,0.014861262252243488,TRUE
average,threshold,2,absolute,retained,mean,theta,parieto_occipital,57,0.22029622878600813,0.10185981472035643,0.1960549305112603,FALSE
average,threshold,2,absolute,retained,sd,alpha,centro_temporal,57,-0.020777030482601596,0.8759168906916912,0.9057883363446511,FALSE
average,threshold,2,absolute,retained,sd,alpha,frontal,57,0.08411586928531739,0.527975092762949,0.6422926034613097,FALSE
average,threshold,2,absolute,retained,sd,alpha,parieto_occipital,57,-0.0774124958202619,0.5612638466425844,0.6710313148051563,FALSE
average,threshold,2,absolute,retained,sd,beta,centro_temporal,57,0.4121632838049794,0.0029259251567004627,0.01443654442798401,TRUE
average,threshold,2,absolute,retained,sd,beta,frontal,57,0.3827972210465098,0.00547066310580592,0.023322300608962083,TRUE
average,threshold,2,absolute,retained,sd,beta,parieto_occipital,57,0.3357971672322007,0.014057796915594188,0.04614013956649702,TRUE
average,threshold,2,absolute,retained,sd,theta,centro_temporal,57,0.6980658720246204,2.257173627814431e-6,2.628377394966798e-4,TRUE
average,threshold,2,absolute,retained,sd,theta,frontal,57,0.30585551999282845,0.024647701507840628,0.06876219164323571,FALSE
average,threshold,2,absolute,retained,sd,theta,parieto_occipital,57,0.3737901459970891,0.006592422666388786,0.026775579109128336,TRUE
average,threshold,2,rel_1_30,removed,cv,alpha,centro_temporal,57,0.2635285846294761,0.05152734944994848,0.11812401807865547,FALSE
average,threshold,2,rel_1_30,removed,cv,alpha,frontal,57,0.3800042241683382,0.005798019764640219,0.02450293570100127,TRUE
average,threshold,2,rel_1_30,removed,cv,alpha,parieto_occipital,57,0.2647770107020104,0.05046798925557349,0.11679734656289865,FALSE
average,threshold,2,rel_1_30,removed,cv,beta,centro_temporal,57,0.09963541466513519,0.4550625267526579,0.576689408088114,FALSE
average,threshold,2,rel_1_30,removed,cv,beta,frontal,57,0.1378596028491111,0.30243326507089624,0.4217577240300016,FALSE
average,threshold,2,rel_1_30,removed,cv,beta,parieto_occipital,57,0.18724952117810995,0.16298433524343917,0.2717337458947219,FALSE
average,threshold,2,rel_1_30,removed,cv,theta,centro_temporal,57,-0.09852447571912465,0.4600809311278663,0.5800562999171686,FALSE
average,threshold,2,rel_1_30,removed,cv,theta,frontal,57,0.07019958306522468,0.5982104577941805,0.7005548975613776,FALSE
average,threshold,2,rel_1_30,removed,cv,theta,parieto_occipital,57,-0.16763257413062246,0.21089734897550985,0.32538448127650094,FALSE
average,threshold,2,rel_1_30,removed,mean,alpha,centro_temporal,57,-0.16928677106030826,0.20649111137253703,0.32164961579183654,FALSE
average,threshold,2,rel_1_30,removed,mean,alpha,frontal,57,-0.19208915015354475,0.15256941514193154,0.2583721616640663,FALSE
average,threshold,2,rel_1_30,removed,mean,alpha,parieto_occipital,57,-0.09445095799623934,0.47875174195349945,0.5973641760960223,FALSE
average,threshold,2,rel_1_30,removed,mean,beta,centro_temporal,57,-0.10531120715461255,0.42992274553593557,0.553489945246264,FALSE
average,threshold,2,rel_1_30,removed,mean,beta,frontal,57,-0.03635488051081308,0.7847309164073325,0.854152800389616,FALSE
average,threshold,2,rel_1_30,removed,mean,beta,parieto_occipital,57,-0.15673193105780148,0.2416893113309847,0.36030983222962754,FALSE
average,threshold,2,rel_1_30,removed,mean,theta,centro_temporal,57,0.4861352518542653,5.419157251259647e-4,0.00411482409603404,TRUE
average,threshold,2,rel_1_30,removed,mean,theta,frontal,57,0.23856926161840772,0.07706292846517845,0.15836187413985933,FALSE
average,threshold,2,rel_1_30,removed,mean,theta,parieto_occipital,57,0.33911179944764896,0.013184812133767031,0.044344766069278736,TRUE
average,threshold,2,rel_1_30,removed,sd,alpha,centro_temporal,57,0.17048400792376595,0.20334514050804503,0.31787572023432387,FALSE
average,threshold,2,rel_1_30,removed,sd,alpha,frontal,57,0.17808580345828814,0.1842018309957809,0.2977384526907888,FALSE
average,threshold,2,rel_1_30,removed,sd,alpha,parieto_occipital,57,0.26576973507810564,0.04963903352449715,0.11515308015706739,FALSE
average,threshold,2,rel_1_30,removed,sd,beta,centro_temporal,57,0.178393977108109,0.1834556837147324,0.29769436489268764,FALSE
average,threshold,2,rel_1_30,removed,sd,beta,frontal,57,0.24117986172730785,0.07397108214886552,0.1536322475399515,FALSE
average,threshold,2,rel_1_30,removed,sd,beta,parieto_occipital,57,0.2910012314169551,0.032174092093433346,0.08273337966882861,FALSE
average,threshold,2,rel_1_30,removed,sd,theta,centro_temporal,57,0.573844095982058,6.178331973515675e-5,0.0011775173878935759,TRUE
average,threshold,2,rel_1_30,removed,sd,theta,frontal,57,0.5218460694315589,2.2840861746434667e-4,0.0025228770019925565,TRUE
average,threshold,2,rel_1_30,removed,sd,theta,parieto_occipital,57,0.6172434036740165,1.9957284532008688e-5,5.389393912262968e-4,TRUE
average,threshold,2,rel_1_30,retained,cv,alpha,centro_temporal,57,0.31008378000696235,0.02281333453993882,0.06619271991886727,FALSE
average,threshold,2,rel_1_30,retained,cv,alpha,frontal,57,0.45333177624459453,0.0011658394935807792,0.006995036961484675,TRUE
average,threshold,2,rel_1_30,retained,cv,alpha,parieto_occipital,57,0.4263195950785686,0.002143951620435911,0.011387546311823525,TRUE
average,threshold,2,rel_1_30,retained,cv,beta,centro_temporal,57,0.39636695802725574,0.0041104620276272204,0.01882515427238716,TRUE
average,threshold,2,rel_1_30,retained,cv,beta,frontal,57,0.4007163713290803,0.003746031766261208,0.017338775603837592,TRUE
average,threshold,2,rel_1_30,retained,cv,beta,parieto_occipital,57,0.2764106738882933,0.04146571713820932,0.10010543676921621,FALSE
average,threshold,2,rel_1_30,retained,cv,theta,centro_temporal,57,0.6221356904826252,1.7536015376343234e-5,5.05787795955925e-4,TRUE
average,threshold,2,rel_1_30,retained,cv,theta,frontal,57,0.5193782365312867,2.426897544465862e-4,0.002539835080263478,TRUE
average,threshold,2,rel_1_30,retained,cv,theta,parieto_occipital,57,0.5090566115927906,3.122988580668579e-4,0.0030054900004058004,TRUE
average,threshold,2,rel_1_30,retained,mean,alpha,centro_temporal,57,-0.3033483021541208,0.02579636898829858,0.0700393035101291,FALSE
average,threshold,2,rel_1_30,retained,mean,alpha,frontal,57,-0.32666509606985744,0.01674034243571853,0.052304957035007184,FALSE
average,threshold,2,rel_1_30,retained,mean,alpha,parieto_occipital,57,-0.2221634046358207,0.09905827186548684,0.1925692805065064,FALSE
average,threshold,2,rel_1_30,retained,mean,beta,centro_temporal,57,-0.1642139680757389,0.22022397697753202,0.3353019269247789,FALSE
average,threshold,2,rel_1_30,retained,mean,beta,frontal,57,-0.17422476718573815,0.19374657352240165,0.30671281671624495,FALSE
average,threshold,2,rel_1_30,retained,mean,beta,parieto_occipital,57,-0.36132141823626335,0.008497530388130937,0.03251810841442233,TRUE
average,threshold,2,rel_1_30,retained,mean,theta,centro_temporal,57,0.33651745865920435,0.013863753946432954,0.04567989435909434,TRUE
average,threshold,2,rel_1_30,retained,mean,theta,frontal,57,0.0454711985606565,0.7326582717670158,0.8157432304210073,FALSE
average,threshold,2,rel_1_30,retained,mean,theta,parieto_occipital,57,0.17474835818452134,0.192430777750674,0.3062187732757948,FALSE
average,threshold,2,rel_1_30,retained,sd,alpha,centro_temporal,57,-0.061486487895066166,0.6442949302183516,0.7446547826067036,FALSE
average,threshold,2,rel_1_30,retained,sd,alpha,frontal,57,-0.11456730055141108,0.39074874937492166,0.5132537626924646,FALSE
average,threshold,2,rel_1_30,retained,sd,alpha,parieto_occipital,57,0.08273161059321055,0.5347637677235049,0.6471826787852767,FALSE
average,threshold,2,rel_1_30,retained,sd,beta,centro_temporal,57,0.20593602208845013,0.12563166518130775,0.22506096019785113,FALSE
average,threshold,2,rel_1_30,retained,sd,beta,frontal,57,0.20030419022261448,0.13609012049684996,0.23682562246459563,FALSE
average,threshold,2,rel_1_30,retained,sd,beta,parieto_occipital,57,-0.11475323317459488,0.38998533261448953,0.5129441722615479,FALSE
average,threshold,2,rel_1_30,retained,sd,theta,centro_temporal,57,0.7040168953965552,1.9164104840029726e-6,2.628377394966798e-4,TRUE
average,threshold,2,rel_1_30,retained,sd,theta,frontal,57,0.6312022109620503,1.3785220335004454e-5,4.6204255743532166e-4,TRUE
average,threshold,2,rel_1_30,retained,sd,theta,parieto_occipital,57,0.5552689076270908,9.9181611839347e-5,0.0015924182585558893,TRUE
average,threshold,2,rel_4_30,removed,cv,alpha,centro_temporal,57,0.2611083307211789,0.05363558335643923,0.12171030180336734,FALSE
average,threshold,2,rel_4_30,removed,cv,alpha,frontal,57,0.3605747244368582,0.008626294013169937,0.03282770064599126,TRUE
average,threshold,2,rel_4_30,removed,cv,alpha,parieto_occipital,57,0.2678960197691722,0.04790290207252302,0.11246768312679319,FALSE
average,threshold,2,rel_4_30,removed,cv,beta,centro_temporal,57,0.12165359457297181,0.3623148742331993,0.48709551556662484,FALSE
average,threshold,2,rel_4_30,removed,cv,beta,frontal,57,0.21485232306890054,0.11039930424935747,0.20534151864060846,FALSE
average,threshold,2,rel_4_30,removed,cv,beta,parieto_occipital,57,0.2146967774927041,0.11065158586091751,0.20534151864060846,FALSE
average,threshold,2,rel_4_30,removed,cv,theta,centro_temporal,57,-0.15388343099242768,0.2502468521425051,0.3702282196080897,FALSE
average,threshold,2,rel_4_30,removed,cv,theta,frontal,57,0.026268564262886377,0.843510338593777,0.8947696130093608,FALSE
average,threshold,2,rel_4_30,removed,cv,theta,parieto_occipital,57,-0.19154965176581873,0.15370401866475322,0.2597093973554039,FALSE
average,threshold,2,rel_4_30,removed,mean,alpha,centro_temporal,57,-0.16869808600669517,0.2080512419849286,0.3225291981010377,FALSE
average,threshold,2,rel_4_30,removed,mean,alpha,frontal,57,-0.19227933116954207,0.15217101485062012,0.2583721616640663,FALSE
average,threshold,2,rel_4_30,removed,mean,alpha,parieto_occipital,57,-0.10827893107562445,0.4171142051978183,0.5405800099363725,FALSE
average,threshold,2,rel_4_30,removed,mean,beta,centro_temporal,57,-0.04833374376614395,0.7165518103859586,0.8024059443492532,FALSE
average,threshold,2,rel_4_30,removed,mean,beta,frontal,57,0.07902072712225466,0.5531831374392593,0.6654628831571288,FALSE
average,threshold,2,rel_4_30,removed,mean,beta,parieto_occipital,57,-0.10996165515496557,0.4099554048669558,0.533435948501581,FALSE
average,threshold,2,rel_4_30,removed,mean,theta,centro_temporal,57,0.5040188595109942,3.528908049182823e-4,0.0032056996484165464,TRUE
average,threshold,2,rel_4_30,removed,mean,theta,frontal,57,0.25486852070258914,0.05941483962032656,0.13036393704505062,FALSE
average,threshold,2,rel_4_30,removed,mean,theta,parieto_occipital,57,0.3504952454330338,0.010548688463379046,0.037284818859652485,TRUE
average,threshold,2,rel_4_30,removed,sd,alpha,centro_temporal,57,0.19145589543286728,0.1539018650994986,0.2597093973554039,FALSE
average,threshold,2,rel_4_30,removed,sd,alpha,frontal,57,0.2096703559617567,0.11905868250520568,0.2159049242445148,FALSE
average,threshold,2,rel_4_30,removed,sd,alpha,parieto_occipital,57,0.269399575664009,0.04670708964578626,0.10992564439637832,FALSE
average,threshold,2,rel_4_30,removed,sd,beta,centro_temporal,57,0.24138806286516637,0.07372904768887587,0.1536322475399515,FALSE
average,threshold,2,rel_4_30,removed,sd,beta,frontal,57,0.39344255385815324,0.004373784503347387,0.019865974473147946,TRUE
average,threshold,2,rel_4_30,removed,sd,beta,parieto_occipital,57,0.281830414020188,0.03777197788676947,0.09365908802535695,FALSE
average,threshold,2,rel_4_30,removed,sd,theta,centro_temporal,57,0.5549595785788628,9.996080864624975e-5,0.0015924182585558893,TRUE
average,threshold,2,rel_4_30,removed,sd,theta,frontal,57,0.5238732300033101,2.1728667546841367e-4,0.0024558447506430013,TRUE
average,threshold,2,rel_4_30,removed,sd,theta,parieto_occipital,57,0.5884575070453893,4.2383258596865523e-5,9.362847126398474e-4,TRUE
average,threshold,2,rel_4_30,retained,cv,alpha,centro_temporal,57,0.29049350010739144,0.032463777812689984,0.08291685070691082,FALSE
average,threshold,2,rel_4_30,retained,cv,alpha,frontal,57,0.44497962186586903,0.0014105371712738511,0.008009142252154114,TRUE
average,threshold,2,rel_4_30,retained,cv,alpha,parieto_occipital,57,0.2788266285332111,0.03978201926674022,0.096912588288901,FALSE
average,threshold,2,rel_4_30,retained,cv,beta,centro_temporal,57,0.26735337219542044,0.04834092456508906,0.11322259922232907,FALSE
average,threshold,2,rel_4_30,retained,cv,beta,frontal,57,0.1620717146119551,0.2262213290158371,0.3419706559928362,FALSE
average,threshold,2,rel_4_30,retained,cv,beta,parieto_occipital,57,0.23765030698613226,0.07817671379703783,0.16004252528311186,FALSE
average,threshold,2,rel_4_30,retained,cv,theta,centro_temporal,57,0.22741049611262318,0.09152208859470194,0.18044517264513243,FALSE
average,threshold,2,rel_4_30,retained,cv,theta,frontal,57,-0.03499464708409622,0.7925928059992924,0.85790668978988,FALSE
average,threshold,2,rel_4_30,retained,cv,theta,parieto_occipital,57,0.17136447483178255,0.2010545113581102,0.3152015887743276,FALSE
average,threshold,2,rel_4_30,retained,mean,alpha,centro_temporal,57,-0.2048018559783173,0.12768448369507274,0.22772351954423983,FALSE
average,threshold,2,rel_4_30,retained,mean,alpha,frontal,57,-0.21906706356027875,0.10373918818880896,0.1978929208340764,FALSE
average,threshold,2,rel_4_30,retained,mean,alpha,parieto_occipital,57,-0.10197380818106723,0.44460348364882596,0.5663887104936551,FALSE
average,threshold,2,rel_4_30,retained,mean,beta,centro_temporal,57,-0.12246575073371944,0.359143197821319,0.4849443669487116,FALSE
average,threshold,2,rel_4_30,retained,mean,beta,frontal,57,-0.01144016137869308,0.9314793280925731,0.944106263718437,FALSE
average,threshold,2,rel_4_30,retained,mean,beta,parieto_occipital,57,-0.27404854986165056,0.04317146887595058,0.10361152530228139,FALSE
average,threshold,2,rel_4_30,retained,mean,theta,centro_temporal,57,0.39775555795432566,0.003990669369333093,0.01838355747389463,TRUE
average,threshold,2,rel_4_30,retained,mean,theta,frontal,57,0.20341014805108953,0.13023995746723882,0.2311520883207628,FALSE
average,threshold,2,rel_4_30,retained,mean,theta,parieto_occipital,57,0.37288873920627696,0.006715669349256842,0.027085604180405187,TRUE
average,threshold,2,rel_4_30,retained,sd,alpha,centro_temporal,57,0.049444846158694204,0.710334306735964,0.7982022498813376,FALSE
average,threshold,2,rel_4_30,retained,sd,alpha,frontal,57,0.09112369615028537,0.49431235534416085,0.6105103041861809,FALSE
average,threshold,2,rel_4_30,retained,sd,alpha,parieto_occipital,57,0.13731970299015314,0.3043126736538378,0.4237706572944561,FALSE
average,threshold,2,rel_4_30,retained,sd,beta,centro_temporal,57,0.2728628463191804,0.04405042219187526,0.10520149968182493,FALSE
average,threshold,2,rel_4_30,retained,sd,beta,frontal,57,0.22429760164877302,0.09593376086839164,0.18724420795999333,FALSE
average,threshold,2,rel_4_30,retained,sd,beta,parieto_occipital,57,0.07548082949224727,0.571046578590277,0.6785541251708426,FALSE
average,threshold,2,rel_4_30,retained,sd,theta,centro_temporal,57,0.5462201232240501,1.2459685612756287e-4,0.001800563614484011,TRUE
average,threshold,2,rel_4_30,retained,sd,theta,frontal,57,0.3259582645710878,0.016966089125575574,0.05251923130592184,FALSE
average,threshold,2,rel_4_30,retained,sd,theta,parieto_occipital,57,0.5268209515678353,2.020407823726341e-4,0.0023945612514939523,TRUE
cz,ica,2,absolute,removed,cv,alpha,centro_temporal,57,0.255059483314204,0.059230396495023846,0.1302532701202787,FALSE
cz,ica,2,absolute,removed,cv,alpha,frontal,57,0.21202528245646945,0.11505792910591187,0.2114107884516944,FALSE
cz,ica,2,absolute,removed,cv,alpha,parieto_occipital,57,0.424997089035334,0.002207694377462716,0.01141801028392135,TRUE
cz,ica,2,absolute,removed,cv,beta,centro_temporal,57,0.32508230454852816,0.017249656235513177,0.05322751066958352,FALSE
cz,ica,2,absolute,removed,cv,beta,frontal,57,0.19740631705931133,0.14173441021973013,0.24340255606639166,FALSE
cz,ica,2,absolute,removed,cv,beta,parieto_occipital,57,0.2671048024978874,0.04854271979497203,0.11342193182863658,FALSE
cz,ica,2,absolute,removed,cv,theta,centro_temporal,57,0.010761982063597414,0.9355318967791584,0.9462403784280353,FALSE
cz,ica,2,absolute,removed,cv,theta,frontal,57,0.11693144673089867,0.3811113486207176,0.5046869630236206,FALSE
cz,ica,2,absolute,removed,cv,theta,parieto_occipital,57,0.13718009532626885,0.3047999456418042,0.42384198449761606,FALSE
cz,ica,2,absolute,removed,mean,alpha,centro_temporal,57,-0.14261658006482597,0.28621698435835125,0.40732490306927877,FALSE
cz,ica,2,absolute,removed,mean,alpha,frontal,57,-0.17045754084708278,0.2034142983392484,0.31787572023432387,FALSE
cz,ica,2,absolute,removed,mean,alpha,parieto_occipital,57,-0.08261779560824857,0.5353239441804141,0.6471826787852767,FALSE
cz,ica,2,absolute,removed,mean,beta,centro_temporal,57,0.09646418716293585,0.4694714740165904,0.5895688278347879,FALSE
cz,ica,2,absolute,removed,mean,beta,frontal,57,0.16359616972159421,0.2219413936244356,0.3365700927814927,FALSE
cz,ica,2,absolute,removed,mean,beta,parieto_occipital,57,0.05632657134567039,0.6722795982043477,0.7678681192181268,FALSE
cz,ica,2,absolute,removed,mean,theta,centro_temporal,57,0.4736452511961434,7.278200820073513e-4,0.005089504458353565,TRUE
cz,ica,2,absolute,removed,mean,theta,frontal,57,0.312418822782572,0.0218533924880125,0.06398041415165105,FALSE
cz,ica,2,absolute,removed,mean,theta,parieto_occipital,57,0.19759316173492217,0.14136500049325298,0.24319784155653432,FALSE
cz,ica,2,absolute,removed,sd,alpha,centro_temporal,57,0.05199714292725811,0.6961275283094941,0.786785997112591,FALSE
cz,ica,2,absolute,removed,sd,alpha,frontal,57,-0.022635785308787643,0.8649211924272464,0.9024305277173035,FALSE
cz,ica,2,absolute,removed,sd,alpha,parieto_occipital,57,0.24046633807070175,0.07480562070548913,0.15503425016148278,FALSE
cz,ica,2,absolute,removed,sd,beta,centro_temporal,57,0.42826519432054294,0.002053318862047616,0.010966076559946608,TRUE
cz,ica,2,absolute,removed,sd,beta,frontal,57,0.292832047867991,0.03114832595174545,0.08073646086692421,FALSE
cz,ica,2,absolute,removed,sd,beta,parieto_occipital,57,0.26293853219122565,0.052034657675673404,0.11872696540083227,FALSE
cz,ica,2,absolute,removed,sd,theta,centro_temporal,57,0.5075283170109393,3.241134577480871e-4,0.003088610597364124,TRUE
cz,ica,2,absolute,removed,sd,theta,frontal,57,0.5517443395961258,1.084193356960766e-4,0.0016212860661013301,TRUE
cz,ica,2,absolute,removed,sd,theta,parieto_occipital,57,0.5210496476427715,2.3292656600689828e-4,0.002539835080263478,TRUE
cz,ica,2,absolute,retained,cv,alpha,centro_temporal,57,0.16485752043914742,0.21844539894102602,0.33437626420579103,FALSE
cz,ica,2,absolute,retained,cv,alpha,frontal,57,0.11024631593021254,0.40875183365519496,0.5325828181137393,FALSE
cz,ica,2,absolute,retained,cv,alpha,parieto_occipital,57,0.47505786343629997,7.040804533925861e-4,0.004959175367373867,TRUE
cz,ica,2,absolute,retained,cv,beta,centro_temporal,57,0.5691752922339841,6.963159184967182e-5,0.0013015751399592503,TRUE
cz,ica,2,absolute,retained,cv,beta,frontal,57,0.5352851189299129,1.6378195844233211e-4,0.0022110564389714836,TRUE
cz,ica,2,absolute,retained,cv,beta,parieto_occipital,57,0.7762735328065624,2.558317215484428e-7,6.21671083362716e-5,TRUE
cz,ica,2,absolute,retained,cv,theta,centro_temporal,57,0.4554258837049799,0.0011111269149675078,0.00675009600842761,TRUE
cz,ica,2,absolute,retained,cv,theta,frontal,57,0.41167393865344876,0.0029572331802862114,0.014517326521405038,TRUE
cz,ica,2,absolute,retained,cv,theta,parieto_occipital,57,0.4872664327812475,5.275306349732646e-4,0.004102078217552106,TRUE
cz,ica,2,absolute,retained,mean,alpha,centro_temporal,57,0.15525538659503876,0.24609842396317969,0.3663210843678571,FALSE
cz,ica,2,absolute,retained,mean,alpha,frontal,57,0.37260358900556634,0.006755097687125995,0.027132045255729206,TRUE
cz,ica,2,absolute,retained,mean,alpha,parieto_occipital,57,-0.04204548076081876,0.7520930505275548,0.8304052178603794,FALSE
cz,ica,2,absolute,retained,mean,beta,centro_temporal,57,0.30559351127528384,0.02476557308236327,0.06877753438873457,FALSE
cz,ica,2,absolute,retained,mean,beta,frontal,57,0.4931832841277984,4.580481651153728e-4,0.0037520214051666115,TRUE
cz,ica,2,absolute,retained,mean,beta,parieto_occipital,57,0.239072883355845,0.0764581858065018,0.1576553046297527,FALSE
cz,ica,2,absolute,retained,mean,theta,centro_temporal,57,0.7287293265316674,9.67500320076537e-7,1.880820622228788e-4,TRUE
cz,ica,2,absolute,retained,mean,theta,frontal,57,0.568088878935467,7.159224316004923e-5,0.0013129747236144875,TRUE
cz,ica,2,absolute,retained,mean,theta,parieto_occipital,57,0.2874132591334509,0.03427086895767097,0.08688034581378902,FALSE
cz,ica,2,absolute,retained,sd,alpha,centro_temporal,57,0.12549686925053355,0.3474647457993749,0.4750150955231961,FALSE
cz,ica,2,absolute,retained,sd,alpha,frontal,57,0.23762294528196481,0.07821008179987463,0.16004252528311186,FALSE
cz,ica,2,absolute,retained,sd,alpha,parieto_occipital,57,0.08969000708971754,0.501101995036124,0.6166099624435891,FALSE
cz,ica,2,absolute,retained,sd,beta,centro_temporal,57,0.4611610702570349,9.734920541810988e-4,0.006266452163337934,TRUE
cz,ica,2,absolute,retained,sd,beta,frontal,57,0.647343488117633,8.954541772359714e-6,3.9562793648789283e-4,TRUE
cz,ica,2,absolute,retained,sd,beta,parieto_occipital,57,0.4853147785154165,5.525835477548481e-4,0.00411482409603404,TRUE
cz,ica,2,absolute,retained,sd,theta,centro_temporal,57,0.5273279380383464,1.9952476719427097e-4,0.0023945612514939523,TRUE
cz,ica,2,absolute,retained,sd,theta,frontal,57,0.6661015940766923,5.399298800607901e-6,3.2914026102831074e-4,TRUE
cz,ica,2,absolute,retained,sd,theta,parieto_occipital,57,0.46072633769808635,9.833293776668269e-4,0.0062881325992904975,TRUE
cz,ica,2,rel_1_30,removed,cv,alpha,centro_temporal,57,0.24883767626261086,0.06549660023253273,0.14084667129650844,FALSE
cz,ica,2,rel_1_30,removed,cv,alpha,frontal,57,0.2181024495576283,0.10523380392308869,0.1993903653279575,FALSE
cz,ica,2,rel_1_30,removed,cv,alpha,parieto_occipital,57,0.35715722260567645,0.009238787808527762,0.034317436798934425,TRUE
cz,ica,2,rel_1_30,removed,cv,beta,centro_temporal,57,0.11732271758144967,0.37953091140021633,0.5045803072896485,FALSE
cz,ica,2,rel_1_30,removed,cv,beta,frontal,57,-0.025330117118052713,0.8490306676396155,0.8961763244978677,FALSE
cz,ica,2,rel_1_30,removed,cv,beta,parieto_occipital,57,0.1511430920606638,0.25868249430518836,0.3798787585888341,FALSE
cz,ica,2,rel_1_30,removed,cv,theta,centro_temporal,57,-0.03906064450216305,0.7691597466086497,0.846594153509293,FALSE
cz,ica,2,rel_1_30,removed,cv,theta,frontal,57,0.06084111725045625,0.647767942640141,0.7468925744320488,FALSE
cz,ica,2,rel_1_30,removed,cv,theta,parieto_occipital,57,0.0991403189885765,0.45729508471617775,0.578011472489109,FALSE
cz,ica,2,rel_1_30,removed,mean,alpha,centro_temporal,57,-0.14109301406439811,0.2913437871218349,0.41217883998089483,FALSE
cz,ica,2,rel_1_30,removed,mean,alpha,frontal,57,-0.18165539579977535,0.1756995713705266,0.28799322659722065,FALSE
cz,ica,2,rel_1_30,removed,mean,alpha,parieto_occipital,57,-0.15332904437049585,0.2519373199403349,0.37216272793617866,FALSE
cz,ica,2,rel_1_30,removed,mean,beta,centro_temporal,57,-0.014861439091118863,0.9110649420264099,0.9282548465929459,FALSE
cz,ica,2,rel_1_30,removed,mean,beta,frontal,57,0.07110020203602496,0.5935357481301846,0.6985318212303091,FALSE
cz,ica,2,rel_1_30,removed,mean,beta,parieto_occipital,57,0.035026085377754694,0.7924108505095386,0.85790668978988,FALSE
cz,ica,2,rel_1_30,removed,mean,theta,centro_temporal,57,0.37713942474894924,0.006152556539969507,0.025448021092980257,TRUE
cz,ica,2,rel_1_30,removed,mean,theta,frontal,57,0.27799979216363807,0.04035142053636668,0.09805395190337103,FALSE
cz,ica,2,rel_1_30,removed,mean,theta,parieto_occipital,57,0.21658378407171147,0.10762241247637051,0.2023384621412614,FALSE
cz,ica,2,rel_1_30,removed,sd,alpha,centro_temporal,57,0.16939763699102323,0.206198273585194,0.32164961579183654,FALSE
cz,ica,2,rel_1_30,removed,sd,alpha,frontal,57,0.0245066535488485,0.8538808969291705,0.897267277638004,FALSE
cz,ica,2,rel_1_30,removed,sd,alpha,parieto_occipital,57,0.24963893941189688,0.06465935791097181,0.13935453634027628,FALSE
cz,ica,2,rel_1_30,removed,sd,beta,centro_temporal,57,0.22931826335919278,0.08890207061243088,0.17635267884751596,FALSE
cz,ica,2,rel_1_30,removed,sd,beta,frontal,57,0.07596996505300556,0.5685615332864218,0.6764281644484724,FALSE
cz,ica,2,rel_1_30,removed,sd,beta,parieto_occipital,57,0.2568240198155189,0.057549072117205585,0.1275499952138152,FALSE
cz,ica,2,rel_1_30,removed,sd,theta,centro_temporal,57,0.445765796246519,0.0013855782463528651,0.007922247385029323,TRUE
cz,ica,2,rel_1_30,removed,sd,theta,frontal,57,0.476435844629631,6.816358530252095e-4,0.004871691537797821,TRUE
cz,ica,2,rel_1_30,removed,sd,theta,parieto_occipital,57,0.5056047134728963,3.3959538390710163e-4,0.0031702477621984105,TRUE
cz,ica,2,rel_1_30,retained,cv,alpha,centro_temporal,57,0.21466787532930942,0.11069851416427863,0.20534151864060846,FALSE
cz,ica,2,rel_1_30,retained,cv,alpha,frontal,57,-0.015603095687228187,0.9066470173467508,0.9256942235935312,FALSE
cz,ica,2,rel_1_30,retained,cv,alpha,parieto_occipital,57,0.43434341513658375,0.0017928759454840172,0.00973561686598025,TRUE
cz,ica,2,rel_1_30,retained,cv,beta,centro_temporal,57,0.424742488777533,0.00222016866631804,0.01141801028392135,TRUE
cz,ica,2,rel_1_30,retained,cv,beta,frontal,57,0.13426642711416562,0.3150908960204026,0.4356591051661896,FALSE
cz,ica,2,rel_1_30,retained,cv,beta,parieto_occipital,57,0.45434622179838313,0.0011390234156978987,0.006876588571791041,TRUE
cz,ica,2,rel_1_30,retained,cv,theta,centro_temporal,57,0.46693216604979115,8.514547474623301e-4,0.005591986584685032,TRUE
cz,ica,2,rel_1_30,retained,cv,theta,frontal,57,0.625935670595433,1.5855908476467854e-5,4.816232199727111e-4,TRUE
cz,ica,2,rel_1_30,retained,cv,theta,parieto_occipital,57,0.40163046585150725,0.0036733788603449426,0.01716598198199656,TRUE
cz,ica,2,rel_1_30,retained,mean,alpha,centro_temporal,57,-0.16902197763064014,0.20719178305272848,0.32214736195173904,FALSE
cz,ica,2,rel_1_30,retained,mean,alpha,frontal,57,-0.20007156120233374,0.13653654127801043,0.23682562246459563,FALSE
cz,ica,2,rel_1_30,retained,mean,alpha,parieto_occipital,57,-0.14596104882644717,0.27518333464344236,0.39708574120448137,FALSE
cz,ica,2,rel_1_30,retained,mean,beta,centro_temporal,57,0.1158235875600721,0.38560872232336685,0.5092549974161855,FALSE
cz,ica,2,rel_1_30,retained,mean,beta,frontal,57,0.22471596528613205,0.09533086319958803,0.18681773997983783,FALSE
cz,ica,2,rel_1_30,retained,mean,beta,parieto_occipital,57,0.008465169628676626,0.9492689790654458,0.9571245957619924,FALSE
cz,ica,2,rel_1_30,retained,mean,theta,centro_temporal,57,0.286686584054557,0.03470984589306303,0.08740406789652141,FALSE
cz,ica,2,rel_1_30,retained,mean,theta,frontal,57,0.18910201293256707,0.1589344881582019,0.26681230136402806,FALSE
cz,ica,2,rel_1_30,retained,mean,theta,parieto_occipital,57,0.14570167935455544,0.27602820188052984,0.39708574120448137,FALSE
cz,ica,2,rel_1_30,retained,sd,alpha,centro_temporal,57,-0.02515243712545953,0.8500767193282244,0.8961763244978677,FALSE
cz,ica,2,rel_1_30,retained,sd,alpha,frontal,57,-0.2007716042899334,0.13519664058157374,0.23677681918070212,FALSE
cz,ica,2,rel_1_30,retained,sd,alpha,parieto_occipital,57,0.1790891547858711,0.18178097281394173,0.2954700762126277,FALSE
cz,ica,2,rel_1_30,retained,sd,beta,centro_temporal,57,0.484019167066014,5.698391281255774e-4,0.004133459944313889,TRUE
cz,ica,2,rel_1_30,retained,sd,beta,frontal,57,0.4909215348359975,4.835049881516038e-4,0.00391639040402799,TRUE
cz,ica,2,rel_1_30,retained,sd,beta,parieto_occipital,57,0.37515607685231994,0.006409638205561394,0.026399018372057943,TRUE
cz,ica,2,rel_1_30,retained,sd,theta,centro_temporal,57,0.5121882564461483,2.893692735274451e-4,0.0028410801400876426,TRUE
cz,ica,2,rel_1_30,retained,sd,theta,frontal,57,0.6269194565705962,1.5447268374848877e-5,4.816232199727111e-4,TRUE
cz,ica,2,rel_1_30,retained,sd,theta,parieto_occipital,57,0.4577463763577805,0.001053349119208565,0.006563175281222597,TRUE
cz,ica,2,rel_4_30,removed,cv,alpha,centro_temporal,57,0.25897690179413807,0.0555530573764822,0.1241323488964154,FALSE
cz,ica,2,rel_4_30,removed,cv,alpha,frontal,57,0.21551788052028564,0.10932509172214036,0.20435382529600082,FALSE
cz,ica,2,rel_4_30,removed,cv,alpha,parieto_occipital,57,0.370529624379127,0.0070483589821379025,0.0279465177767652,TRUE
cz,ica,2,rel_4_30,removed,cv,beta,centro_temporal,57,0.14097903797741354,0.29172985039183275,0.41217883998089483,FALSE
cz,ica,2,rel_4_30,removed,cv,beta,frontal,57,-0.018626061183411844,0.8886718514146146,0.9140624757407463,FALSE
cz,ica,2,rel_4_30,removed,cv,beta,parieto_occipital,57,0.15996643041881742,0.23223094307103637,0.3478096712866677,FALSE
cz,ica,2,rel_4_30,removed,cv,theta,centro_temporal,57,-0.0674518497204994,0.6125776755776191,0.7139394492343475,FALSE
cz,ica,2,rel_4_30,removed,cv,theta,frontal,57,0.034698194722188484,0.7943091531527529,0.8586730056280859,FALSE
cz,ica,2,rel_4_30,removed,cv,theta,parieto_occipital,57,0.08941143612772917,0.5024271107165463,0.6173946290979558,FALSE
cz,ica,2,rel_4_30,removed,mean,alpha,centro_temporal,57,-0.15036582372658072,0.26111161120803444,0.38108181095226645,FALSE
cz,ica,2,rel_4_30,removed,mean,alpha,frontal,57,-0.19087814169799136,0.15512544203252032,0.2613205020027899,FALSE
cz,ica,2,rel_4_30,removed,mean,alpha,parieto_occipital,57,-0.17374811406950644,0.19495030201170657,0.3081165748867948,FALSE
cz,ica,2,rel_4_30,removed,mean,beta,centro_temporal,57,-0.020955199548397627,0.874861806834889,0.9057883363446511,FALSE
cz,ica,2,rel_4_30,removed,mean,beta,frontal,57,0.06440393788192328,0.6286951097284943,0.7300975467814773,FALSE
cz,ica,2,rel_4_30,removed,mean,beta,parieto_occipital,57,0.02582931685106741,0.8460932060670263,0.8948885705083238,FALSE
cz,ica,2,rel_4_30,removed,mean,theta,centro_temporal,57,0.37365141409121877,0.006611254101019343,0.026775579109128336,TRUE
cz,ica,2,rel_4_30,removed,mean,theta,frontal,57,0.26671008216777414,0.04886465644403097,0.11390035027241752,FALSE
cz,ica,2,rel_4_30,removed,mean,theta,parieto_occipital,57,0.2166764533556381,0.10747540660105992,0.2023384621412614,FALSE
cz,ica,2,rel_4_30,removed,sd,alpha,centro_temporal,57,0.18340847334072943,0.1716356013533908,0.28276238053473873,FALSE
cz,ica,2,rel_4_30,removed,sd,alpha,frontal,57,0.017066533284875392,0.8979383912771094,0.9206710087777956,FALSE
cz,ica,2,rel_4_30,removed,sd,alpha,parieto_occipital,57,0.2602953602912932,0.05436014773931713,0.12231033241346355,FALSE
cz,ica,2,rel_4_30,removed,sd,beta,centro_temporal,57,0.2796169843130866,0.03924429800720711,0.0960842762292325,FALSE
cz,ica,2,rel_4_30,removed,sd,beta,frontal,57,0.10696267567725075,0.4227663585346927,0.5459818805265357,FALSE
cz,ica,2,rel_4_30,removed,sd,beta,parieto_occipital,57,0.25315474988109593,0.06109211194201495,0.13374219100819487,FALSE
cz,ica,2,rel_4_30,removed,sd,theta,centro_temporal,57,0.4238199558135906,0.002265926431397285,0.011592002585885056,TRUE
cz,ica,2,rel_4_30,removed,sd,theta,frontal,57,0.4675973863899509,8.383630424959622e-4,0.005581430666479968,TRUE
cz,ica,2,rel_4_30,removed,sd,theta,parieto_occipital,57,0.4898893543732463,4.955676870705004e-4,0.003941920205643287,TRUE
cz,ica,2,rel_4_30,retained,cv,alpha,centro_temporal,57,0.3082052658331392,0.023612716315455685,0.06798282276319405,FALSE
cz,ica,2,rel_4_30,retained,cv,alpha,frontal,57,0.2904336247946499,0.03249809041393928,0.08291685070691082,FALSE
cz,ica,2,rel_4_30,retained,cv,alpha,parieto_occipital,57,0.41121561233620035,0.0029868410345951597,0.014588992390082892,TRUE
cz,ica,2,rel_4_30,retained,cv,beta,centro_temporal,57,0.3375861261488262,0.013580332108862185,0.04520576304730837,TRUE
cz,ica,2,rel_4_30,retained,cv,beta,frontal,57,0.09919918497842148,0.45702930712459433,0.578011472489109,FALSE
cz,ica,2,rel_4_30,retained,cv,beta,parieto_occipital,57,0.35486942834648905,0.009670813790804157,0.03533846242354,TRUE
cz,ica,2,rel_4_30,retained,cv,theta,centro_temporal,57,0.3907554664394642,0.004629498562759983,0.02054736348403061,TRUE
cz,ica,2,rel_4_30,retained,cv,theta,frontal,57,0.43855805324425506,0.0016309406710748515,0.009007240524345202,TRUE
cz,ica,2,rel_4_30,retained,cv,theta,parieto_occipital,57,0.4404736294164496,0.0015620001675745831,0.008675795216471398,TRUE
cz,ica,2,rel_4_30,retained,mean,alpha,centro_temporal,57,-0.23531532742122235,0.08106739988181566,0.1641614847606767,FALSE
cz,ica,2,rel_4_30,retained,mean,alpha,frontal,57,-0.283799440985911,0.036503017487769816,0.09097675127721093,FALSE
cz,ica,2,rel_4_30,retained,mean,alpha,parieto_occipital,57,-0.17346196360108923,0.19567564067936943,0.3087609135395245,FALSE
cz,ica,2,rel_4_30,retained,mean,beta,centro_temporal,57,0.03553552712139535,0.7894639784252614,0.8564274408809756,FALSE
cz,ica,2,rel_4_30,retained,mean,beta,frontal,57,0.20038457931120104,0.1359361211876739,0.23682562246459563,FALSE
cz,ica,2,rel_4_30,retained,mean,beta,parieto_occipital,57,-0.02616151628102164,0.8441396451950451,0.8947696130093608,FALSE
cz,ica,2,rel_4_30,retained,mean,theta,centro_temporal,57,0.19208515211133256,0.15257779917198974,0.2583721616640663,FALSE
cz,ica,2,rel_4_30,retained,mean,theta,frontal,57,0.02964077103573081,0.8237406278638186,0.878897793944711,FALSE
cz,ica,2,rel_4_30,retained,mean,theta,parieto_occipital,57,0.1745743181692876,0.1928673936826123,0.3062187732757948,FALSE
cz,ica,2,rel_4_30,retained,sd,alpha,centro_temporal,57,0.043600218116707556,0.7432518313333591,0.8228254898132404,FALSE
cz,ica,2,rel_4_30,retained,sd,alpha,frontal,57,-0.09629849252720753,0.47023139031616756,0.5897611759836321,FALSE
cz,ica,2,rel_4_30,retained,sd,alpha,parieto_occipital,57,0.17792228529150772,0.18459867552522105,0.2977384526907888,FALSE
cz,ica,2,rel_4_30,retained,sd,beta,centro_temporal,57,0.43521209938260785,0.001758305505263907,0.009601533433238862,TRUE
cz,ica,2,rel_4_30,retained,sd,beta,frontal,57,0.3534422221939112,0.009949612813560806,0.036221062377457314,TRUE
cz,ica,2,rel_4_30,retained,sd,beta,parieto_occipital,57,0.32908928239616464,0.015986534631900855,0.05045101189028452,FALSE
cz,ica,2,rel_4_30,retained,sd,theta,centro_temporal,57,0.48830896400947477,5.14596975627711e-4,0.00403377629282367,TRUE
cz,ica,2,rel_4_30,retained,sd,theta,frontal,57,0.44663916215055566,0.0013583416952644481,0.00781247412897659,TRUE
cz,ica,2,rel_4_30,retained,sd,theta,parieto_occipital,57,0.5596477131221818,8.876331509556534e-5,0.0015136481100506932,TRUE
cz,threshold,2,absolute,removed,cv,alpha,centro_temporal,57,0.37050822915589193,0.0070514445592476304,0.0279465177767652,TRUE
cz,threshold,2,absolute,removed,cv,alpha,frontal,57,0.3080035846465569,0.023700006289204677,0.06798282276319405,FALSE
cz,threshold,2,absolute,removed,cv,alpha,parieto_occipital,57,0.40568603246101315,0.0033666267926685855,0.01588524874987313,TRUE
cz,threshold,2,absolute,removed,cv,beta,centro_temporal,57,0.23089503496897545,0.08678374320843701,0.1739253575228882,FALSE
cz,threshold,2,absolute,removed,cv,beta,frontal,57,0.1756753399514328,0.19011781276956397,0.30443906756510075,FALSE
cz,threshold,2,absolute,removed,cv,beta,parieto_occipital,57,0.10334725100860752,0.438526630966914,0.5612619671798009,FALSE
cz,threshold,2,absolute,removed,cv,theta,centro_temporal,57,0.029188774614959067,0.8263841189656312,0.8807514952133703,FALSE
cz,threshold,2,absolute,removed,cv,theta,frontal,57,0.17723113667657542,0.1862832138253235,0.2990869318562433,FALSE
cz,threshold,2,absolute,removed,cv,theta,parieto_occipital,57,0.12070457482828728,0.36604379371421925,0.4894010556949396,FALSE
cz,threshold,2,absolute,removed,mean,alpha,centro_temporal,57,-0.2024029835609963,0.13211462384877212,0.23221593920616004,FALSE
cz,threshold,2,absolute,removed,mean,alpha,frontal,57,-0.270458991461995,0.045880082788344816,0.10850472133885929,FALSE
cz,threshold,2,absolute,removed,mean,alpha,parieto_occipital,57,-0.09851885852338883,0.46010638604540843,0.5800562999171686,FALSE
cz,threshold,2,absolute,removed,mean,beta,centro_temporal,57,0.1650095397599441,0.2180268166541246,0.33426193341925725,FALSE
cz,threshold,2,absolute,removed,mean,beta,frontal,57,0.3077454061393521,0.02381216845628303,0.06798282276319405,FALSE
cz,threshold,2,absolute,removed,mean,beta,parieto_occipital,57,0.16679220021026175,0.21316240819323196,0.32835794098862353,FALSE
cz,threshold,2,absolute,removed,mean,theta,centro_temporal,57,0.47008895574904797,7.910118023537324e-4,0.005376667635579216,TRUE
cz,threshold,2,absolute,removed,mean,theta,frontal,57,0.2514834955613837,0.06276639222472419,0.13679133013998188,FALSE
cz,threshold,2,absolute,removed,mean,theta,parieto_occipital,57,0.19247129770940488,0.15176969940692756,0.2583540242093408,FALSE
cz,threshold,2,absolute,removed,sd,alpha,centro_temporal,57,0.031072943338157303,0.8153782935328286,0.8728498913148783,FALSE
cz,threshold,2,absolute,removed,sd,alpha,frontal,57,-0.15426666604107983,0.24908303482259347,0.37019680404825817,FALSE
cz,threshold,2,absolute,removed,sd,alpha,parieto_occipital,57,0.2243699098123216,0.09582933516904554,0.18724420795999333,FALSE
cz,threshold,2,absolute,removed,sd,beta,centro_temporal,57,0.43294265902746765,0.0018499751817700647,0.00998986598155835,TRUE
cz,threshold,2,absolute,removed,sd,beta,frontal,57,0.42486916140929165,0.002213953999677787,0.01141801028392135,TRUE
cz,threshold,2,absolute,removed,sd,beta,parieto_occipital,57,0.2205174615924319,0.10152452686317505,0.1957973018075519,FALSE
cz,threshold,2,absolute,removed,sd,theta,centro_temporal,57,0.5193246982639895,2.4300891200051795e-4,0.002539835080263478,TRUE
cz,threshold,2,absolute,removed,sd,theta,frontal,57,0.46835303666992056,8.2372423145802e-4,0.005521792779153072,TRUE
cz,threshold,2,absolute,removed,sd,theta,parieto_occipital,57,0.4599773545460159,0.0010004997334247042,0.0063561159535216495,TRUE
cz,threshold,2,absolute,retained,cv,alpha,centro_temporal,57,0.1857776689872399,0.16625865240367965,0.27624514553226776,FALSE
cz,threshold,2,absolute,retained,cv,alpha,frontal,57,0.0035459510947133924,0.978737284962574,0.9825628409900972,FALSE
cz,threshold,2,absolute,retained,cv,alpha,parieto_occipital,57,0.34056176339646504,0.012818641968901924,0.043262916645043996,TRUE
cz,threshold,2,absolute,retained,cv,beta,centro_temporal,57,0.501525049868719,3.748145065108042e-4,0.0033119972757136517,TRUE
cz,threshold,2,absolute,retained,cv,beta,frontal,57,0.49618991708026017,4.2618919355600406e-4,0.0036659813817383714,TRUE
cz,threshold,2,absolute,retained,cv,beta,parieto_occipital,57,0.776461136058739,2.5448371925915585e-7,6.21671083362716e-5,TRUE
cz,threshold,2,absolute,retained,cv,theta,centro_temporal,57,0.5018816021902066,3.7160174816772774e-4,0.0033119972757136517,TRUE
cz,threshold,2,absolute,retained,cv,theta,frontal,57,0.21900637691996053,0.10383270537590429,0.1978929208340764,FALSE
cz,threshold,2,absolute,retained,cv,theta,parieto_occipital,57,0.4852339638759733,5.536451003779215e-4,0.00411482409603404,TRUE
cz,threshold,2,absolute,retained,mean,alpha,centro_temporal,57,0.0512050437295309,0.700525148424632,0.7899193088964527,FALSE
cz,threshold,2,absolute,retained,mean,alpha,frontal,57,0.1409290117944454,0.29189941204776315,0.41217883998089483,FALSE
cz,threshold,2,absolute,retained,mean,alpha,parieto_occipital,57,-0.05455723342456504,0.681986536521499,0.7753110099402304,FALSE
cz,threshold,2,absolute,retained,mean,beta,centro_temporal,57,0.3026484037600996,0.02612539882911689,0.07073506312507415,FALSE
cz,threshold,2,absolute,retained,mean,beta,frontal,57,0.34351304468775345,0.012101731826771794,0.04171235225397937,TRUE
cz,threshold,2,absolute,retained,mean,beta,parieto_occipital,57,0.23638463771282306,0.0797327242495866,0.16179584127473526,FALSE
cz,threshold,2,absolute,retained,mean,theta,centro_temporal,57,0.8366845981136882,4.617555983466786e-8,4.488264415929716e-5,TRUE
cz,threshold,2,absolute,retained,mean,theta,frontal,57,0.669813217291571,4.88235107511629e-6,3.2914026102831074e-4,TRUE
cz,threshold,2,absolute,retained,mean,theta,parieto_occipital,57,0.32922239900022193,0.015946043156354152,0.05045101189028452,FALSE
cz,threshold,2,absolute,retained,sd,alpha,centro_temporal,57,0.021893019127851077,0.8693120245365215,0.9044895546376098,FALSE
cz,threshold,2,absolute,retained,sd,alpha,frontal,57,-0.05395208495182244,0.6853190471869937,0.7772813464011177,FALSE
cz,threshold,2,absolute,retained,sd,alpha,parieto_occipital,57,0.07931400893338011,0.5517158526597568,0.6653446759122625,FALSE
cz,threshold,2,absolute,retained,sd,beta,centro_temporal,57,0.4614146336613633,9.677975854172915e-4,0.006266452163337934,TRUE
cz,threshold,2,absolute,retained,sd,beta,frontal,57,0.5519615892801897,1.0782660687936478e-4,0.0016212860661013301,TRUE
cz,threshold,2,absolute,retained,sd,beta,parieto_occipital,57,0.48961490541635905,4.988232358993049e-4,0.003941920205643287,TRUE
cz,threshold,2,absolute,retained,sd,theta,centro_temporal,57,0.5929295385184267,3.773776432804516e-5,8.733596887347594e-4,TRUE
cz,threshold,2,absolute,retained,sd,theta,frontal,57,0.6602578377063958,6.324106859650123e-6,3.2914026102831074e-4,TRUE
cz,threshold,2,absolute,retained,sd,theta,parieto_occipital,57,0.4761114884188398,6.868567007192497e-4,0.0048731730883146765,TRUE
cz,threshold,2,rel_1_30,removed,cv,alpha,centro_temporal,57,0.3356476769943588,0.014098375978651866,0.04614013956649702,TRUE
cz,threshold,2,rel_1_30,removed,cv,alpha,frontal,57,0.31757003377942983,0.019862277019557815,0.05958683105867345,FALSE
cz,threshold,2,rel_1_30,removed,cv,alpha,parieto_occipital,57,0.3195513198262576,0.01914081652989792,0.057600228071395594,FALSE
cz,threshold,2,rel_1_30,removed,cv,beta,centro_temporal,57,0.09543366327787824,0.4742090139238043,0.5934192617135108,FALSE
cz,threshold,2,rel_1_30,removed,cv,beta,frontal,57,-0.10259682154723489,0.4418408415660222,0.5643486176112662,FALSE
cz,threshold,2,rel_1_30,removed,cv,beta,parieto_occipital,57,0.03892332271656815,0.7699477692409619,0.846594153509293,FALSE
cz,threshold,2,rel_1_30,removed,cv,theta,centro_temporal,57,-0.06752901365300051,0.6121720732153375,0.7139394492343475,FALSE
cz,threshold,2,rel_1_30,removed,cv,theta,frontal,57,0.14491939748928825,0.27858739479114053,0.3976313476314076,FALSE
cz,threshold,2,rel_1_30,removed,cv,theta,parieto_occipital,57,0.06597593657163803,0.6203589764956641,0.7212786186050065,FALSE
cz,threshold,2,rel_1_30,removed,mean,alpha,centro_temporal,57,-0.2068291715422544,0.12403373961462036,0.22367494416588307,FALSE
cz,threshold,2,rel_1_30,removed,mean,alpha,frontal,57,-0.292656614051554,0.031245353760009878,0.0807725634434298,FALSE
cz,threshold,2,rel_1_30,removed,mean,alpha,parieto_occipital,57,-0.19615363462724972,0.14423078470472156,0.24681746960033338,FALSE
cz,threshold,2,rel_1_30,removed,mean,beta,centro_temporal,57,0.05550901951668331,0.6767580028022315,0.7702678907772471,FALSE
cz,threshold,2,rel_1_30,removed,mean,beta,frontal,57,0.19999360878766836,0.13668639321259068,0.23682562246459563,FALSE
cz,threshold,2,rel_1_30,removed,mean,beta,parieto_occipital,57,0.10396723789962026,0.43579961148183144,0.5588353856996573,FALSE
cz,threshold,2,rel_1_30,removed,mean,theta,centro_temporal,57,0.32606721916362763,0.016931113494759994,0.05251923130592184,FALSE
cz,threshold,2,rel_1_30,removed,mean,theta,frontal,57,0.16524877784447886,0.2173692786454482,0.33392659015410076,FALSE
cz,threshold,2,rel_1_30,removed,mean,theta,parieto_occipital,57,0.17723906151992694,0.18626383268362237,0.2990869318562433,FALSE
cz,threshold,2,rel_1_30,removed,sd,alpha,centro_temporal,57,0.13923603361266484,0.29767780352558715,0.4169204971568742,FALSE
cz,threshold,2,rel_1_30,removed,sd,alpha,frontal,57,-0.0949875689746994,0.47626814311059684,0.5950290939633678,FALSE
cz,threshold,2,rel_1_30,removed,sd,alpha,parieto_occipital,57,0.16005017422690657,0.23198969172442085,0.3478096712866677,FALSE
cz,threshold,2,rel_1_30,removed,sd,beta,centro_temporal,57,0.24265318607942687,0.07227259387112943,0.15271513313638652,FALSE
cz,threshold,2,rel_1_30,removed,sd,beta,frontal,57,0.036735736560952276,0.782533638516487,0.853673060199804,FALSE
cz,threshold,2,rel_1_30,removed,sd,beta,parieto_occipital,57,0.1511224116686958,0.2587469156585531,0.3798787585888341,FALSE
cz,threshold,2,rel_1_30,removed,sd,theta,centro_temporal,57,0.37899237126771695,0.0059210246038400955,0.024807051357467982,TRUE
cz,threshold,2,rel_1_30,removed,sd,theta,frontal,57,0.3505049987039195,0.010546652560374202,0.037284818859652485,TRUE
cz,threshold,2,rel_1_30,removed,sd,theta,parieto_occipital,57,0.38445488043824383,0.0052845624665017335,0.02286766767179908,TRUE
cz,threshold,2,rel_1_30,retained,cv,alpha,centro_temporal,57,0.3091332409328664,0.02321475849912336,0.06715697994389257,FALSE
cz,threshold,2,rel_1_30,retained,cv,alpha,frontal,57,0.21025037880998107,0.11806304013656836,0.21449957946307374,FALSE
cz,threshold,2,rel_1_30,retained,cv,alpha,parieto_occipital,57,0.44291277694109243,0.0014781996840311123,0.008261479853955733,TRUE
cz,threshold,2,rel_1_30,retained,cv,beta,centro_temporal,57,0.4853030466456291,5.52737532596126e-4,0.00411482409603404,TRUE
cz,threshold,2,rel_1_30,retained,cv,beta,frontal,57,0.36748741008521024,0.007499814826626284,0.029327965100091922,TRUE
cz,threshold,2,rel_1_30,retained,cv,beta,parieto_occipital,57,0.40677074416731696,0.003288737857953401,0.015669868617307382,TRUE
cz,threshold,2,rel_1_30,retained,cv,theta,centro_temporal,57,0.5807481426125266,5.1731045340321466e-5,0.0010475536681415097,TRUE
cz,threshold,2,rel_1_30,retained,cv,theta,frontal,57,0.5645781510765037,7.830150355247883e-5,0.001383801117327444,TRUE
cz,threshold,2,rel_1_30,retained,cv,theta,parieto_occipital,57,0.4254208908638267,0.0021870761114881365,0.01141801028392135,TRUE
cz,threshold,2,rel_1_30,retained,mean,alpha,centro_temporal,57,-0.2816031140182998,0.03792091658111101,0.09378913719297687,FALSE
cz,threshold,2,rel_1_30,retained,mean,alpha,frontal,57,-0.37192383185954064,0.006849952341050667,0.02739980936420267,TRUE
cz,threshold,2,rel_1_30,retained,mean,alpha,parieto_occipital,57,-0.1936981685201278,0.1492243856404306,0.2544668470921027,FALSE
cz,threshold,2,rel_1_30,retained,mean,beta,centro_temporal,57,0.030917304597504885,0.8162860285819982,0.8728603077906516,FALSE
cz,threshold,2,rel_1_30,retained,mean,beta,frontal,57,0.04627676482904676,0.7281130464100742,0.8125440655689922,FALSE
cz,threshold,2,rel_1_30,retained,mean,beta,parieto_occipital,57,-0.03395762397815946,0.7986012315718001,0.8586730056280859,FALSE
cz,threshold,2,rel_1_30,retained,mean,theta,centro_temporal,57,0.26391053759264194,0.05120122971589828,0.11765388955993648,FALSE
cz,threshold,2,rel_1_30,retained,mean,theta,frontal,57,0.057971085230890666,0.6633074591040335,0.7601326676793648,FALSE
cz,threshold,2,rel_1_30,retained,mean,theta,parieto_occipital,57,0.13093665371812632,0.3271355058213391,0.4497534818364096,FALSE
cz,threshold,2,rel_1_30,retained,sd,alpha,centro_temporal,57,-0.07074740260657147,0.5953649256792957,0.6985318212303091,FALSE
cz,threshold,2,rel_1_30,retained,sd,alpha,frontal,57,-0.3365969197247674,0.013842496917930552,0.04567989435909434,TRUE
cz,threshold,2,rel_1_30,retained,sd,alpha,parieto_occipital,57,0.1176328296553201,0.3782812388311829,0.5036840604711094,FALSE
cz,threshold,2,rel_1_30,retained,sd,beta,centro_temporal,57,0.4582059302331753,0.0010422504697244924,0.006535919074659397,TRUE
cz,threshold,2,rel_1_30,retained,sd,beta,frontal,57,0.3901386347307519,0.004690128455055929,0.020702323461889095,TRUE
cz,threshold,2,rel_1_30,retained,sd,beta,parieto_occipital,57,0.2793711495115105,0.039410869512129416,0.09624966122057738,FALSE
cz,threshold,2,rel_1_30,retained,sd,theta,centro_temporal,57,0.5758139873604049,5.873618137836972e-5,0.0011418313659955074,TRUE
cz,threshold,2,rel_1_30,retained,sd,theta,frontal,57,0.6163239216818466,2.044750480236016e-5,5.389393912262968e-4,TRUE
cz,threshold,2,rel_1_30,retained,sd,theta,parieto_occipital,57,0.4428916509044689,0.0014789068874365202,0.008261479853955733,TRUE
cz,threshold,2,rel_4_30,removed,cv,alpha,centro_temporal,57,0.3308634649336553,0.015454415715307947,0.049683687494944916,TRUE
cz,threshold,2,rel_4_30,removed,cv,alpha,frontal,57,0.31530755015337353,0.02071587038979737,0.061766337481236326,FALSE
cz,threshold,2,rel_4_30,removed,cv,alpha,parieto_occipital,57,0.3224060866470714,0.01814263659929634,0.05528101183233868,FALSE
cz,threshold,2,rel_4_30,removed,cv,beta,centro_temporal,57,0.12265315520684905,0.3584138877179206,0.4849443669487116,FALSE
cz,threshold,2,rel_4_30,removed,cv,beta,frontal,57,-0.020344284641596582,0.8784804700806035,0.9064575551150176,FALSE
cz,threshold,2,rel_4_30,removed,cv,beta,parieto_occipital,57,0.05140755251026212,0.6993998604495754,0.7895663929814022,FALSE
cz,threshold,2,rel_4_30,removed,cv,theta,centro_temporal,57,-0.10884657751512432,0.41469085135757855,0.5381568858739204,FALSE
cz,threshold,2,rel_4_30,removed,cv,theta,frontal,57,0.08739824671079464,0.5120598288536291,0.6268540977905888,FALSE
cz,threshold,2,rel_4_30,removed,cv,theta,parieto_occipital,57,0.05400915181734218,0.6850045139764918,0.7772813464011177,FALSE
cz,threshold,2,rel_4_30,removed,mean,alpha,centro_temporal,57,-0.2134466210689117,0.11269625193341733,0.20825238950433772,FALSE
cz,threshold,2,rel_4_30,removed,mean,alpha,frontal,57,-0.3038735610604742,0.02555186148083298,0.06993053640420857,FALSE
cz,threshold,2,rel_4_30,removed,mean,alpha,parieto_occipital,57,-0.2140458104650139,0.11171247550164021,0.206827668928751,FALSE
cz,threshold,2,rel_4_30,removed,mean,beta,centro_temporal,57,0.0640522078237048,0.6305670216412047,0.7305257986117413,FALSE
cz,threshold,2,rel_4_30,removed,mean,beta,frontal,57,0.25087549182007085,0.06338508719236337,0.13783065939815928,FALSE
cz,threshold,2,rel_4_30,removed,mean,beta,parieto_occipital,57,0.1032746090083274,0.43884680561383616,0.5612619671798009,FALSE
cz,threshold,2,rel_4_30,removed,mean,theta,centro_temporal,57,0.3304231809797747,0.015584952701472251,0.049683687494944916,TRUE
cz,threshold,2,rel_4_30,removed,mean,theta,frontal,57,0.1679705407564784,0.2099914853998821,0.3245019456417892,FALSE
cz,threshold,2,rel_4_30,removed,mean,theta,parieto_occipital,57,0.17790451374877528,0.18464184465104827,0.2977384526907888,FALSE
cz,threshold,2,rel_4_30,removed,sd,alpha,centro_temporal,57,0.1509865863175492,0.25917030807083336,0.3798787585888341,FALSE
cz,threshold,2,rel_4_30,removed,sd,alpha,frontal,57,-0.0872431094817767,0.5128062156737445,0.626978165578465,FALSE
cz,threshold,2,rel_4_30,removed,sd,alpha,parieto_occipital,57,0.1681235940847974,0.2095822041100998,0.32438519489652395,FALSE
cz,threshold,2,rel_4_30,removed,sd,beta,centro_temporal,57,0.32401370217587905,0.017601361640651278,0.054114002698304915,FALSE
cz,threshold,2,rel_4_30,removed,sd,beta,frontal,57,0.2185889210079729,0.10447786419653768,0.1983446953106145,FALSE
cz,threshold,2,rel_4_30,removed,sd,beta,parieto_occipital,57,0.18128797572509578,0.17656059095930113,0.2889173306606746,FALSE
cz,threshold,2,rel_4_30,removed,sd,theta,centro_temporal,57,0.3570956848786978,0.009250173293539938,0.034317436798934425,TRUE
cz,threshold,2,rel_4_30,removed,sd,theta,frontal,57,0.3410420566286137,0.012699402549095516,0.04318770322007879,TRUE
cz,threshold,2,rel_4_30,removed,sd,theta,parieto_occipital,57,0.37762310703564583,0.006091324485742219,0.02530242478692922,TRUE
cz,threshold,2,rel_4_30,retained,cv,alpha,centro_temporal,57,0.342418585777417,0.012363224119144313,0.042313569872564336,TRUE
cz,threshold,2,rel_4_30,retained,cv,alpha,frontal,57,0.288372644723378,0.033698780203254015,0.08574663444388195,FALSE
cz,threshold,2,rel_4_30,retained,cv,alpha,parieto_occipital,57,0.3863665760793136,0.005077239335655028,0.022130388494424606,TRUE
cz,threshold,2,rel_4_30,retained,cv,beta,centro_temporal,57,0.3506993231352985,0.010506163908962361,0.037284818859652485,TRUE
cz,threshold,2,rel_4_30,retained,cv,beta,frontal,57,0.10620476324024845,0.42604172263662565,0.5492208944334219,FALSE
cz,threshold,2,rel_4_30,retained,cv,beta,parieto_occipital,57,0.3377296430962286,0.013542672881962356,0.04520576304730837,TRUE
cz,threshold,2,rel_4_30,retained,cv,theta,centro_temporal,57,0.35518691121606244,0.009609775148096748,0.03524792997716996,TRUE
cz,threshold,2,rel_4_30,retained,cv,theta,frontal,57,0.025837131589332374,0.8460472388251628,0.8948885705083238,FALSE
cz,threshold,2,rel_4_30,retained,cv,theta,parieto_occipital,57,0.389968208292702,0.004707009758310174,0.020702323461889095,TRUE
cz,threshold,2,rel_4_30,retained,mean,alpha,centro_temporal,57,-0.27137662669884977,0.04517402064323542,0.10709548308591421,FALSE
cz,threshold,2,rel_4_30,retained,mean,alpha,frontal,57,-0.3555624650463878,0.009538027344895544,0.03524792997716996,TRUE
cz,threshold,2,rel_4_30,retained,mean,alpha,parieto_occipital,57,-0.19929120887755872,0.13804253710218561,0.23874972609132458,FALSE
cz,threshold,2,rel_4_30,retained,mean,beta,centro_temporal,57,0.02061104572646026,0.876900025206087,0.9057883363446511,FALSE
cz,threshold,2,rel_4_30,retained,mean,beta,frontal,57,0.1727494352388661,0.19749059303366384,0.3101144691901797,FALSE
cz,threshold,2,rel_4_30,retained,mean,beta,parieto_occipital,57,-0.020637184096623473,0.876745193588197,0.9057883363446511,FALSE
cz,threshold,2,rel_4_30,retained,mean,theta,centro_temporal,57,0.27741503987755617,0.040758382551807755,0.09879587990114,FALSE
cz,threshold,2,rel_4_30,retained,mean,theta,frontal,57,0.12884774400487836,0.33484636345120933,0.4590559453802193,FALSE
cz,threshold,2,rel_4_30,retained,mean,theta,parieto_occipital,57,0.2107107015472021,0.1172776529517202,0.21387219262490062,FALSE
cz,threshold,2,rel_4_30,retained,sd,alpha,centro_temporal,57,0.03405453447977272,0.7980392149005532,0.8586730056280859,FALSE
cz,threshold,2,rel_4_30,retained,sd,alpha,frontal,57,-0.2364359636536483,0.07966912503530704,0.16179584127473526,FALSE
cz,threshold,2,rel_4_30,retained,sd,alpha,parieto_occipital,57,0.15235942372636418,0.2549135707274945,0.3754181677986737,FALSE
cz,threshold,2,rel_4_30,retained,sd,beta,centro_temporal,57,0.46863941994138614,8.1824016117369e-4,0.005521792779153072,TRUE
cz,threshold,2,rel_4_30,retained,sd,beta,frontal,57,0.3703598062605449,0.007072884128687489,0.0279465177767652,TRUE
cz,threshold,2,rel_4_30,retained,sd,beta,parieto_occipital,57,0.3063675603148758,0.02441878638497144,0.06876219164323571,FALSE
cz,threshold,2,rel_4_30,retained,sd,theta,centro_temporal,57,0.5132681291225739,2.8184475808945043e-4,0.0027954398455402635,TRUE
cz,threshold,2,rel_4_30,retained,sd,theta,frontal,57,0.34100933949101375,0.012707492922780384,0.04318770322007879,TRUE
cz,threshold,2,rel_4_30,retained,sd,theta,parieto_occipital,57,0.5368212869964456,1.5763329926230202e-4,0.0021888509554708223,TRUE
mastoid,ica,2,absolute,removed,cv,alpha,centro_temporal,57,0.30146669542060345,0.026689392761681047,0.07166323139324303,FALSE
mastoid,ica,2,absolute,removed,cv,alpha,frontal,57,0.41652113089461124,0.002660496262766841,0.013329909110357573,TRUE
mastoid,ica,2,absolute,removed,cv,alpha,parieto_occipital,57,0.33719247265159974,0.01368411596877627,0.045395770381059845,TRUE
mastoid,ica,2,absolute,removed,cv,beta,centro_temporal,57,0.07067044555161363,0.5957642796295537,0.6985318212303091,FALSE
mastoid,ica,2,absolute,removed,cv,beta,frontal,57,0.13513820620037043,0.3119875094007498,0.43198270532411515,FALSE
mastoid,ica,2,absolute,removed,cv,beta,parieto_occipital,57,0.08580851734420591,0.5197357304142871,0.6338558719732585,FALSE
mastoid,ica,2,absolute,removed,cv,theta,centro_temporal,57,-0.21915006637902454,0.10361139341932854,0.1978929208340764,FALSE
mastoid,ica,2,absolute,removed,cv,theta,frontal,57,0.12382365508964362,0.3538803956625193,0.48091861824199345,FALSE
mastoid,ica,2,absolute,removed,cv,theta,parieto_occipital,57,-0.14400735443160584,0.2815919706605591,0.4013304919091839,FALSE
mastoid,ica,2,absolute,removed,mean,alpha,centro_temporal,57,-0.1584673627384291,0.2365804674034566,0.35377879125563044,FALSE
mastoid,ica,2,absolute,removed,mean,alpha,frontal,57,-0.1508791184797013,0.25950565401541753,0.3798787585888341,FALSE
mastoid,ica,2,absolute,removed,mean,alpha,parieto_occipital,57,-0.07629723208442468,0.5669018278617581,0.6752801184823883,FALSE
mastoid,ica,2,absolute,removed,mean,beta,centro_temporal,57,0.11276713231590306,0.3981881437782837,0.5223196703812304,FALSE
mastoid,ica,2,absolute,removed,mean,beta,frontal,57,0.024260604900433257,0.8553312423006038,0.8978206992615408,FALSE
mastoid,ica,2,absolute,removed,mean,beta,parieto_occipital,57,0.01813509927166561,0.8915874702103168,0.9151246262348764,FALSE
mastoid,ica,2,absolute,removed,mean,theta,centro_temporal,57,0.6330529974386838,1.3122376697696452e-5,4.555339339343197e-4,TRUE
mastoid,ica,2,absolute,removed,mean,theta,frontal,57,0.21682521434135707,0.10723976122366413,0.2023384621412614,FALSE
mastoid,ica,2,absolute,removed,mean,theta,parieto_occipital,57,0.2870660800247645,0.03447998485742407,0.08705076696471739,FALSE
mastoid,ica,2,absolute,removed,sd,alpha,centro_temporal,57,0.0361563640147705,0.7858769204910863,0.8544370302908634,FALSE
mastoid,ica,2,absolute,removed,sd,alpha,frontal,57,0.12227556226437712,0.3598843207949567,0.4849443669487116,FALSE
mastoid,ica,2,absolute,removed,sd,alpha,parieto_occipital,57,0.16167621577575145,0.22734151731000377,0.3426064656231098,FALSE
mastoid,ica,2,absolute,removed,sd,beta,centro_temporal,57,0.2024683838343732,0.13199224400603005,0.23221593920616004,FALSE
mastoid,ica,2,absolute,removed,sd,beta,frontal,57,0.1093504298898867,0.4125470199896938,0.5360905126069283,FALSE
mastoid,ica,2,absolute,removed,sd,beta,parieto_occipital,57,0.13897110835701584,0.2985890897742425,0.41759510109433623,FALSE
mastoid,ica,2,absolute,removed,sd,theta,centro_temporal,57,0.5829110321884314,4.8923089811527226e-5,0.001033766158626184,TRUE
mastoid,ica,2,absolute,removed,sd,theta,frontal,57,0.4250100274508677,0.0022070622164866373,0.01141801028392135,TRUE
mastoid,ica,2,absolute,removed,sd,theta,parieto_occipital,57,0.5860665595505462,4.509078352409099e-5,9.739609241203655e-4,TRUE
mastoid,ica,2,absolute,retained,cv,alpha,centro_temporal,57,0.145272729194281,0.27742944306284545,0.39708574120448137,FALSE
mastoid,ica,2,absolute,retained,cv,alpha,frontal,57,0.37383725383955907,0.006586039531571167,0.026775579109128336,TRUE
mastoid,ica,2,absolute,retained,cv,alpha,parieto_occipital,57,0.24197859649696393,0.07304616580132108,0.15319214712142323,FALSE
mastoid,ica,2,absolute,retained,cv,beta,centro_temporal,57,0.5893335873577417,4.143136511000544e-5,9.362847126398474e-4,TRUE
mastoid,ica,2,absolute,retained,cv,beta,frontal,57,0.505661211670527,3.3913070560703123e-4,0.0031702477621984105,TRUE
mastoid,ica,2,absolute,retained,cv,beta,parieto_occipital,57,0.6274052549331658,1.5249299035921021e-5,4.816232199727111e-4,TRUE
mastoid,ica,2,absolute,retained,cv,theta,centro_temporal,57,0.44811586071422754,0.0013134398076779265,0.007690743934114124,TRUE
mastoid,ica,2,absolute,retained,cv,theta,frontal,57,0.29600115638769964,0.029440734445755647,0.07734160508452564,FALSE
mastoid,ica,2,absolute,retained,cv,theta,parieto_occipital,57,0.32387257107382883,0.017648291003459524,0.054114002698304915,FALSE
mastoid,ica,2,absolute,retained,mean,alpha,centro_temporal,57,0.05579933324542929,0.6751663604606449,0.7693572126233843,FALSE
mastoid,ica,2,absolute,retained,mean,alpha,frontal,57,0.27635586746897123,0.04150462038888285,0.10010543676921621,FALSE
mastoid,ica,2,absolute,retained,mean,alpha,parieto_occipital,57,-0.11216595091144868,0.4006919886384641,0.5248957047932441,FALSE
mastoid,ica,2,absolute,retained,mean,beta,centro_temporal,57,0.4105541558207112,0.0030300609499401996,0.014726096216709372,TRUE
mastoid,ica,2,absolute,retained,mean,beta,frontal,57,0.3663290901060581,0.007678596389651382,0.029735440998968698,TRUE
mastoid,ica,2,absolute,retained,mean,beta,parieto_occipital,57,0.18343295664805906,0.17157936023865322,0.28276238053473873,FALSE
mastoid,ica,2,absolute,retained,mean,theta,centro_temporal,57,0.5619365626983582,8.374818368548127e-5,0.0014536291882551392,TRUE
mastoid,ica,2,absolute,retained,mean,theta,frontal,57,0.41724569688463875,0.0026186175532313754,0.013188063532336253,TRUE
mastoid,ica,2,absolute,retained,mean,theta,parieto_occipital,57,0.30233215562964566,0.02627528850248073,0.07094327895669798,FALSE
mastoid,ica,2,absolute,retained,sd,alpha,centro_temporal,57,0.049747098295031655,0.7086463639780803,0.7972271594753404,FALSE
mastoid,ica,2,absolute,retained,sd,alpha,frontal,57,0.3832257351948425,0.005421981417936311,0.023216590036273545,TRUE
mastoid,ica,2,absolute,retained,sd,alpha,parieto_occipital,57,-0.08896759941138722,0.5045422936097448,0.6192109967028686,FALSE
mastoid,ica,2,absolute,retained,sd,beta,centro_temporal,57,0.7022365182276838,2.012657383524313e-6,2.628377394966798e-4,TRUE
mastoid,ica,2,absolute,retained,sd,beta,frontal,57,0.5263364372366064,2.0447385172222022e-4,0.0023945612514939523,TRUE
mastoid,ica,2,absolute,retained,sd,beta,parieto_occipital,57,0.530429008769809,1.8478041057760734e-4,0.002332552715343303,TRUE
mastoid,ica,2,absolute,retained,sd,theta,centro_temporal,57,0.4851636796763534,5.545699141774271e-4,0.00411482409603404,TRUE
mastoid,ica,2,absolute,retained,sd,theta,frontal,57,0.3796889326818871,0.005836091791223831,0.024557061563071705,TRUE
mastoid,ica,2,absolute,retained,sd,theta,parieto_occipital,57,0.2414273880765748,0.07368340674922028,0.1536322475399515,FALSE
mastoid,ica,2,rel_1_30,removed,cv,alpha,centro_temporal,57,0.29450699594704377,0.03023524534608347,0.07883900618237182,FALSE
mastoid,ica,2,rel_1_30,removed,cv,alpha,frontal,57,0.37449176927401606,0.006497940861964642,0.026649782775652452,TRUE
mastoid,ica,2,rel_1_30,removed,cv,alpha,parieto_occipital,57,0.2971983695650375,0.02881748998951659,0.0761157616027449,FALSE
mastoid,ica,2,rel_1_30,removed,cv,beta,centro_temporal,57,-0.031293109957990735,0.8140946459739098,0.8724365996545097,FALSE
mastoid,ica,2,rel_1_30,removed,cv,beta,frontal,57,0.09361913222908516,0.48261600355327283,0.5998756463603341,FALSE
mastoid,ica,2,rel_1_30,removed,cv,beta,parieto_occipital,57,-0.03600515496280943,0.7867501462040357,0.8544370302908634,FALSE
mastoid,ica,2,rel_1_30,removed,cv,theta,centro_temporal,57,-0.23514295774382354,0.08128427918441844,0.1642584602229828,FALSE
mastoid,ica,2,rel_1_30,removed,cv,theta,frontal,57,0.08444701711377615,0.5263577894535865,0.6411275330186542,FALSE
mastoid,ica,2,rel_1_30,removed,cv,theta,parieto_occipital,57,-0.17483665688609196,0.19220954740987425,0.3062187732757948,FALSE
mastoid,ica,2,rel_1_30,removed,mean,alpha,centro_temporal,57,-0.19714210722254732,0.14225807758113354,0.24387099013908606,FALSE
mastoid,ica,2,rel_1_30,removed,mean,alpha,frontal,57,-0.17787723855295615,0.18470811416928565,0.2977384526907888,FALSE
mastoid,ica,2,rel_1_30,removed,mean,alpha,parieto_occipital,57,-0.12248133325241417,0.3590825198354499,0.4849443669487116,FALSE
mastoid,ica,2,rel_1_30,removed,mean,beta,centro_temporal,57,-0.024877613947405935,0.8516952133130409,0.8969098021021406,FALSE
mastoid,ica,2,rel_1_30,removed,mean,beta,frontal,57,-0.02350534210401688,0.859786289246017,0.9015234877531052,FALSE
mastoid,ica,2,rel_1_30,removed,mean,beta,parieto_occipital,57,-0.006242073751683,0.9625799749537216,0.9685587325621298,FALSE
mastoid,ica,2,rel_1_30,removed,mean,theta,centro_temporal,57,0.5180670060204753,2.5062372655675096e-4,0.002564276444349073,TRUE
mastoid,ica,2,rel_1_30,removed,mean,theta,frontal,57,0.19858640686596854,0.1394140007548206,0.24046175394664399,FALSE
mastoid,ica,2,rel_1_30,removed,mean,theta,parieto_occipital,57,0.34508481579128253,0.011734998028579958,0.040592235173593304,TRUE
mastoid,ica,2,rel_1_30,removed,sd,alpha,centro_temporal,57,0.09182110848955677,0.49102791773428256,0.6072253639156777,FALSE
mastoid,ica,2,rel_1_30,removed,sd,alpha,frontal,57,0.1652140854524817,0.21746453864973844,0.33392659015410076,FALSE
mastoid,ica,2,rel_1_30,removed,sd,alpha,parieto_occipital,57,0.14173781589405268,0.28916633855713086,0.41032070230296525,FALSE
mastoid,ica,2,rel_1_30,removed,sd,beta,centro_temporal,57,-0.016615529557863058,0.9006209302905048,0.9214774149919691,FALSE
mastoid,ica,2,rel_1_30,removed,sd,beta,frontal,57,0.10737145911602665,0.4210060810801819,0.5448973512782115,FALSE
mastoid,ica,2,rel_1_30,removed,sd,beta,parieto_occipital,57,0.009299947356652516,0.94427421556073,0.9530992082295218,FALSE
mastoid,ica,2,rel_1_30,removed,sd,theta,centro_temporal,57,0.46487293631068816,8.932259503529913e-4,0.005826950494920185,TRUE
mastoid,ica,2,rel_1_30,removed,sd,theta,frontal,57,0.40876569880140945,0.0031498703227760337,0.015082137703144358,TRUE
mastoid,ica,2,rel_1_30,removed,sd,theta,parieto_occipital,57,0.49762920966187774,4.11700647992575e-4,0.0035939503619535195,TRUE
mastoid,ica,2,rel_1_30,retained,cv,alpha,centro_temporal,57,0.24406427090923188,0.07067672112290384,0.1503468312805388,FALSE
mastoid,ica,2,rel_1_30,retained,cv,alpha,frontal,57,0.3047631987630248,0.025142429814708232,0.06941988618642836,FALSE
mastoid,ica,2,rel_1_30,retained,cv,alpha,parieto_occipital,57,0.32141825697636073,0.018482612299843916,0.0561409348607759,FALSE
mastoid,ica,2,rel_1_30,retained,cv,beta,centro_temporal,57,0.303693383563491,0.02563550096950331,0.06993053640420857,FALSE
mastoid,ica,2,rel_1_30,retained,cv,beta,frontal,57,0.21912920928925037,0.10364349381387633,0.1978929208340764,FALSE
mastoid,ica,2,rel_1_30,retained,cv,beta,parieto_occipital,57,0.20551454346885445,0.12639142861338357,0.2258317437724427,FALSE
mastoid,ica,2,rel_1_30,retained,cv,theta,centro_temporal,57,0.456262987147187,0.0010899453763118143,0.0067092758235733135,TRUE
mastoid,ica,2,rel_1_30,retained,cv,theta,frontal,57,0.4947142700358084,4.4155054509517275e-4,0.003714310816953363,TRUE
mastoid,ica,2,rel_1_30,retained,cv,theta,parieto_occipital,57,0.3838803155076456,0.005348392026034795,0.023002818802238145,TRUE
mastoid,ica,2,rel_1_30,retained,mean,alpha,centro_temporal,57,-0.2552360440233925,0.0590602979666094,0.13017371796722071,FALSE
mastoid,ica,2,rel_1_30,retained,mean,alpha,frontal,57,-0.20735642645576707,0.12309810348406747,0.22240029105299922,FALSE
mastoid,ica,2,rel_1_30,retained,mean,alpha,parieto_occipital,57,-0.16891569847752322,0.20747350677138748,0.32214736195173904,FALSE
mastoid,ica,2,rel_1_30,retained,mean,beta,centro_temporal,57,-0.04444992934937702,0.7384344039092567,0.8202951321140542,FALSE
mastoid,ica,2,rel_1_30,retained,mean,beta,frontal,57,0.015126005380610605,0.9094886333578304,0.9276211454604525,FALSE
mastoid,ica,2,rel_1_30,retained,mean,beta,parieto_occipital,57,-0.1603696209410246,0.2310710991899334,0.34714236230697876,FALSE
mastoid,ica,2,rel_1_30,retained,mean,theta,centro_temporal,57,0.35520610990798013,0.009606095377384362,0.03524792997716996,TRUE
mastoid,ica,2,rel_1_30,retained,mean,theta,frontal,57,0.093143888328323,0.4848315474277942,0.6010921735967041,FALSE
mastoid,ica,2,rel_1_30,retained,mean,theta,parieto_occipital,57,0.22114142832452993,0.10058373825659755,0.19475576411436818,FALSE
mastoid,ica,2,rel_1_30,retained,sd,alpha,centro_temporal,57,-0.08982690091936225,0.500451511374653,0.6166099624435891,FALSE
mastoid,ica,2,rel_1_30,retained,sd,alpha,frontal,57,-0.014463133893139857,0.9134387546910735,0.929698921004946,FALSE
mastoid,ica,2,rel_1_30,retained,sd,alpha,parieto_occipital,57,0.034341157197870883,0.796377623203993,0.8586730056280859,FALSE
mastoid,ica,2,rel_1_30,retained,sd,beta,centro_temporal,57,0.24637552978317437,0.06812694695520657,0.14553712624277096,FALSE
mastoid,ica,2,rel_1_30,retained,sd,beta,frontal,57,0.26948217768611915,0.046642148482054405,0.10992564439637832,FALSE
mastoid,ica,2,rel_1_30,retained,sd,beta,parieto_occipital,57,0.057710652600829644,0.6647250694726956,0.7601326676793648,FALSE
mastoid,ica,2,rel_1_30,retained,sd,theta,centro_temporal,57,0.6161986776987892,2.0515182587832287e-5,5.389393912262968e-4,TRUE
mastoid,ica,2,rel_1_30,retained,sd,theta,frontal,57,0.4517518805443813,0.001208798855807208,0.0072082974714393015,TRUE
mastoid,ica,2,rel_1_30,retained,sd,theta,parieto_occipital,57,0.5307101391969655,1.834969846846859e-4,0.002332552715343303,TRUE
mastoid,ica,2,rel_4_30,removed,cv,alpha,centro_temporal,57,0.29443798531924137,0.030272394180829523,0.07883900618237182,FALSE
mastoid,ica,2,rel_4_30,removed,cv,alpha,frontal,57,0.3599762051528849,0.008730796062978856,0.03296596269918416,TRUE
mastoid,ica,2,rel_4_30,removed,cv,alpha,parieto_occipital,57,0.30597370499806464,0.024594696365640246,0.06876219164323571,FALSE
mastoid,ica,2,rel_4_30,removed,cv,beta,centro_temporal,57,0.010212289688162162,0.9388179355180223,0.9485769577167543,FALSE
mastoid,ica,2,rel_4_30,removed,cv,beta,frontal,57,0.140196230878805,0.294390937093867,0.4141070779381168,FALSE
mastoid,ica,2,rel_4_30,removed,cv,beta,parieto_occipital,57,-0.022607833874251373,0.8650863495712028,0.9024305277173035,FALSE
mastoid,ica,2,rel_4_30,removed,cv,theta,centro_temporal,57,-0.25849233040842545,0.055997080309855604,0.12455185826356899,FALSE
mastoid,ica,2,rel_4_30,removed,cv,theta,frontal,57,0.06710148845986881,0.6144208370431681,0.7152300043185141,FALSE
mastoid,ica,2,rel_4_30,removed,cv,theta,parieto_occipital,57,-0.18634787639687275,0.16498417715643474,0.2745969523905044,FALSE
mastoid,ica,2,rel_4_30,removed,mean,alpha,centro_temporal,57,-0.20007350302647642,0.13653281007232673,0.23682562246459563,FALSE
mastoid,ica,2,rel_4_30,removed,mean,alpha,frontal,57,-0.17453269453268222,0.19297192600471816,0.3062187732757948,FALSE
mastoid,ica,2,rel_4_30,removed,mean,alpha,parieto_occipital,57,-0.14516058250539787,0.27779660907309395,0.39708574120448137,FALSE
mastoid,ica,2,rel_4_30,removed,mean,beta,centro_temporal,57,0.008304306023552057,0.9502317231587682,0.9571245957619924,FALSE
mastoid,ica,2,rel_4_30,removed,mean,beta,frontal,57,0.05592765774113901,0.674463297239144,0.7693572126233843,FALSE
mastoid,ica,2,rel_4_30,removed,mean,beta,parieto_occipital,57,-0.011883476333910166,0.9288312077699381,0.9424049414951774,FALSE
mastoid,ica,2,rel_4_30,removed,mean,theta,centro_temporal,57,0.5232824465122162,2.204729220824683e-4,0.002463214715679991,TRUE
mastoid,ica,2,rel_4_30,removed,mean,theta,frontal,57,0.2058821901492434,0.1257284993697872,0.22506096019785113,FALSE
mastoid,ica,2,rel_4_30,removed,mean,theta,parieto_occipital,57,0.360461476223666,0.008645978770960662,0.03282770064599126,TRUE
mastoid,ica,2,rel_4_30,removed,sd,alpha,centro_temporal,57,0.11192543569146832,0.4016964189585708,0.5255032560265556,FALSE
mastoid,ica,2,rel_4_30,removed,sd,alpha,frontal,57,0.18877464367557495,0.1596444258958106,0.26689050681507964,FALSE
mastoid,ica,2,rel_4_30,removed,sd,alpha,parieto_occipital,57,0.14551486549964235,0.27663785173766514,0.39708574120448137,FALSE
mastoid,ica,2,rel_4_30,removed,sd,beta,centro_temporal,57,0.08635746920420166,0.5170782788371058,0.6314071445096318,FALSE
mastoid,ica,2,rel_4_30,removed,sd,beta,frontal,57,0.23899045083832302,0.07655689689839844,0.1576553046297527,FALSE
mastoid,ica,2,rel_4_30,removed,sd,beta,parieto_occipital,57,0.02470081898561861,0.8527367372532737,0.8970347495781191,FALSE
mastoid,ica,2,rel_4_30,removed,sd,theta,centro_temporal,57,0.4582960735611293,0.0010400864984740112,0.006535919074659397,TRUE
mastoid,ica,2,rel_4_30,removed,sd,theta,frontal,57,0.421774622348987,0.002370557856907311,0.01200094915059326,TRUE
mastoid,ica,2,rel_4_30,removed,sd,theta,parieto_occipital,57,0.4859747541927963,5.43986901297609e-4,0.00411482409603404,TRUE
mastoid,ica,2,rel_4_30,retained,cv,alpha,centro_temporal,57,0.2943215317401557,0.030335173160706847,0.07883900618237182,FALSE
mastoid,ica,2,rel_4_30,retained,cv,alpha,frontal,57,0.3931824397679505,0.004397950964949503,0.019882829478748455,TRUE
mastoid,ica,2,rel_4_30,retained,cv,alpha,parieto_occipital,57,0.299959289481786,0.0274244887112602,0.07343416811940748,FALSE
mastoid,ica,2,rel_4_30,retained,cv,beta,centro_temporal,57,0.2026492930171234,0.13165418867998543,0.23221593920616004,FALSE
mastoid,ica,2,rel_4_30,retained,cv,beta,frontal,57,0.1731535569742827,0.1964596671834695,0.30949561831820477,FALSE
mastoid,ica,2,rel_4_30,retained,cv,beta,parieto_occipital,57,0.1170560735549106,0.38060750108385866,0.5046869630236206,FALSE
mastoid,ica,2,rel_4_30,retained,cv,theta,centro_temporal,57,0.305940511575961,0.024609573130988646,0.06876219164323571,FALSE
mastoid,ica,2,rel_4_30,retained,cv,theta,frontal,57,0.30461302490936426,0.02521113150597655,0.06941988618642836,FALSE
mastoid,ica,2,rel_4_30,retained,cv,theta,parieto_occipital,57,0.3912177214635225,0.004584540938794581,0.020441164185818043,TRUE
mastoid,ica,2,rel_4_30,retained,mean,alpha,centro_temporal,57,-0.23154914379756103,0.08591733953798841,0.17254473973331558,FALSE
mastoid,ica,2,rel_4_30,retained,mean,alpha,frontal,57,-0.1793830072361573,0.18107658280049255,0.2953128162450986,FALSE
mastoid,ica,2,rel_4_30,retained,mean,alpha,parieto_occipital,57,-0.1001401672535827,0.4527929251530879,0.5745623018913857,FALSE
mastoid,ica,2,rel_4_30,retained,mean,beta,centro_temporal,57,-0.05980722010139862,0.6533481999995607,0.7524341829378828,FALSE
mastoid,ica,2,rel_4_30,retained,mean,beta,frontal,57,0.06125143367784274,0.6455589386446619,0.7452295586254292,FALSE
mastoid,ica,2,rel_4_30,retained,mean,beta,parieto_occipital,57,-0.1634017786894223,0.2224838134036957,0.3368446520691467,FALSE
mastoid,ica,2,rel_4_30,retained,mean,theta,centro_temporal,57,0.33805311081926037,0.013458141277172835,0.04510797697038619,TRUE
mastoid,ica,2,rel_4_30,retained,mean,theta,frontal,57,0.07634504262692152,0.5666595607767859,0.6752801184823883,FALSE
mastoid,ica,2,rel_4_30,retained,mean,theta,parieto_occipital,57,0.3428438884619032,0.01226100464137282,0.04211200180711795,TRUE
mastoid,ica,2,rel_4_30,retained,sd,alpha,centro_temporal,57,0.021894723459884444,0.8693019446530497,0.9044895546376098,FALSE
mastoid,ica,2,rel_4_30,retained,sd,alpha,frontal,57,0.12424010903822887,0.3522764316657291,0.480242204178245,FALSE
mastoid,ica,2,rel_4_30,retained,sd,alpha,parieto_occipital,57,0.0534274638378755,0.6882131994860468,0.779654114103074,FALSE
mastoid,ica,2,rel_4_30,retained,sd,beta,centro_temporal,57,0.19446528943203725,0.14764996453886875,0.25222454399258426,FALSE
mastoid,ica,2,rel_4_30,retained,sd,beta,frontal,57,0.32023775901422685,0.018896399242373515,0.05721900331335531,FALSE
mastoid,ica,2,rel_4_30,retained,sd,beta,parieto_occipital,57,0.018463571139253898,0.8896366430754566,0.9140875444707652,FALSE
mastoid,ica,2,rel_4_30,retained,sd,theta,centro_temporal,57,0.5052574415789496,3.424650360399517e-4,0.0031702477621984105,TRUE
mastoid,ica,2,rel_4_30,retained,sd,theta,frontal,57,0.32651125078830534,0.016789245468026997,0.052304957035007184,FALSE
mastoid,ica,2,rel_4_30,retained,sd,theta,parieto_occipital,57,0.5199032454413292,2.395813350127821e-4,0.002539835080263478,TRUE
mastoid,threshold,2,absolute,removed,cv,alpha,centro_temporal,57,0.35817755919299843,0.009051871020049078,0.033840071659568094,TRUE
mastoid,threshold,2,absolute,removed,cv,alpha,frontal,57,0.4930645127481369,4.5935241483006874e-4,0.0037520214051666115,TRUE
mastoid,threshold,2,absolute,removed,cv,alpha,parieto_occipital,57,0.3170384848526447,0.02005993711521111,0.05999464269533907,FALSE
mastoid,threshold,2,absolute,removed,cv,beta,centro_temporal,57,-0.013524086767045359,0.9190383734568643,0.933443363636439,FALSE
mastoid,threshold,2,absolute,removed,cv,beta,frontal,57,0.038545609488795075,0.7721165372925196,0.847276503539341,FALSE
mastoid,threshold,2,absolute,removed,cv,beta,parieto_occipital,57,0.037685475343808145,0.7770620903391243,0.850567963749582,FALSE
mastoid,threshold,2,absolute,removed,cv,theta,centro_temporal,57,-0.2750837687176577,0.04241655339454363,0.1020517076720208,FALSE
mastoid,threshold,2,absolute,removed,cv,theta,frontal,57,-0.022654405816033507,0.8648111724635488,0.9024305277173035,FALSE
mastoid,threshold,2,absolute,removed,cv,theta,parieto_occipital,57,-0.22067658328909037,0.10128392949881351,0.19572162917066946,FALSE
mastoid,threshold,2,absolute,removed,mean,alpha,centro_temporal,57,-0.26433027299668665,0.050844898584938854,0.11729953240624645,FALSE
mastoid,threshold,2,absolute,removed,mean,alpha,frontal,57,-0.20326070900269505,0.130516766237274,0.2311520883207628,FALSE
mastoid,threshold,2,absolute,removed,mean,alpha,parieto_occipital,57,-0.12107775617034981,0.364574553016892,0.4883487891348951,FALSE
mastoid,threshold,2,absolute,removed,mean,beta,centro_temporal,57,0.1539646990368031,0.24999973014782653,0.3702282196080897,FALSE
mastoid,threshold,2,absolute,removed,mean,beta,frontal,57,0.09539894251871782,0.47436910118456577,0.5934192617135108,FALSE
mastoid,threshold,2,absolute,removed,mean,beta,parieto_occipital,57,0.09836901286734422,0.4607857262005689,0.5801602666670376,FALSE
mastoid,threshold,2,absolute,removed,mean,theta,centro_temporal,57,0.6947149288653383,2.4746498919547076e-6,2.628377394966798e-4,TRUE
mastoid,threshold,2,absolute,removed,mean,theta,frontal,57,0.2528444391703982,0.06140008149045164,0.13411433530049213,FALSE
mastoid,threshold,2,absolute,removed,mean,theta,parieto_occipital,57,0.3507132098116587,0.010503275979864042,0.037284818859652485,TRUE
mastoid,threshold,2,absolute,removed,sd,alpha,centro_temporal,57,-0.08368822677689357,0.5300675111247366,0.644032026016555,FALSE
mastoid,threshold,2,absolute,removed,sd,alpha,frontal,57,0.07300385081250213,0.5837116979044532,0.6910691478235426,FALSE
mastoid,threshold,2,absolute,removed,sd,alpha,parieto_occipital,57,0.07701143750797745,0.5632881021238462,0.6726241219464109,FALSE
mastoid,threshold,2,absolute,removed,sd,beta,centro_temporal,57,0.1363553340170282,0.3076894537515625,0.4266392996384005,FALSE
mastoid,threshold,2,absolute,removed,sd,beta,frontal,57,0.11720831627593672,0.3799925770946736,0.5045803072896485,FALSE
mastoid,threshold,2,absolute,removed,sd,beta,parieto_occipital,57,0.1403324755762727,0.29392658743196376,0.4140531057737229,FALSE
mastoid,threshold,2,absolute,removed,sd,theta,centro_temporal,57,0.6405824935053224,1.0733043353128188e-5,4.0125069766309995e-4,TRUE
mastoid,threshold,2,absolute,removed,sd,theta,frontal,57,0.3318902808566057,0.015153812873306074,0.04893523625532725,TRUE
mastoid,threshold,2,absolute,removed,sd,theta,parieto_occipital,57,0.6615899050947569,6.100490996802395e-6,3.2914026102831074e-4,TRUE
mastoid,threshold,2,absolute,retained,cv,alpha,centro_temporal,57,0.0618542738821258,0.6423192729946031,0.743255158750898,FALSE
mastoid,threshold,2,absolute,retained,cv,alpha,frontal,57,0.24190692448017317,0.07312876158882756,0.15319214712142323,FALSE
mastoid,threshold,2,absolute,retained,cv,alpha,parieto_occipital,57,0.1646702746353598,0.21896179128127655,0.3346397187506302,FALSE
mastoid,threshold,2,absolute,retained,cv,beta,centro_temporal,57,0.5252846135910799,2.0985338760163224e-4,0.0024283034851046016,TRUE
mastoid,threshold,2,absolute,retained,cv,beta,frontal,57,0.46725148515830767,8.451463570858461e-4,0.005588314687669676,TRUE
mastoid,threshold,2,absolute,retained,cv,beta,parieto_occipital,57,0.6449366263487157,9.551785567121802e-6,3.9600976657465354e-4,TRUE
mastoid,threshold,2,absolute,retained,cv,theta,centro_temporal,57,0.47108376935932555,7.728269986650226e-4,0.005314145352533628,TRUE
mastoid,threshold,2,absolute,retained,cv,theta,frontal,57,0.25070651916100395,0.06355794726283674,0.13789804629347616,FALSE
mastoid,threshold,2,absolute,retained,cv,theta,parieto_occipital,57,0.34729876673678506,0.011235587729252301,0.03925833864973293,TRUE
mastoid,threshold,2,absolute,retained,mean,alpha,centro_temporal,57,-0.03642991228898606,0.7842978945473699,0.854152800389616,FALSE
mastoid,threshold,2,absolute,retained,mean,alpha,frontal,57,0.14084862038394294,0.29217203780538736,0.41217883998089483,FALSE
mastoid,threshold,2,absolute,retained,mean,alpha,parieto_occipital,57,-0.13807235142579652,0.30169486291452474,0.4213324809668363,FALSE
mastoid,threshold,2,absolute,retained,mean,beta,centro_temporal,57,0.3473832093512759,0.01121692907520373,0.03925833864973293,TRUE
mastoid,threshold,2,absolute,retained,mean,beta,frontal,57,0.3060152238935205,0.024576099518001396,0.06876219164323571,FALSE
mastoid,threshold,2,absolute,retained,mean,beta,parieto_occipital,57,0.20309402420484948,0.13082607240986205,0.2312053497861562,FALSE
mastoid,threshold,2,absolute,retained,mean,theta,centro_temporal,57,0.6914805693866265,2.7040919701304502e-6,2.628377394966798e-4,TRUE
mastoid,threshold,2,absolute,retained,mean,theta,frontal,57,0.5198820892301061,2.3970584965334556e-4,0.002539835080263478,TRUE
mastoid,threshold,2,absolute,retained,mean,theta,parieto_occipital,57,0.3915052441596826,0.0045567824430610745,0.020411025505324257,TRUE
mastoid,threshold,2,absolute,retained,sd,alpha,centro_temporal,57,-0.06869691185584803,0.6060481249028395,0.7080273766893751,FALSE
mastoid,threshold,2,absolute,retained,sd,alpha,frontal,57,0.22829566347442545,0.09029862912556437,0.17839485266270033,FALSE
mastoid,threshold,2,absolute,retained,sd,alpha,parieto_occipital,57,-0.13930387170740383,0.2974447622442169,0.4169204971568742,FALSE
mastoid,threshold,2,absolute,retained,sd,beta,centro_temporal,57,0.5143037295937585,2.748057644438223e-4,0.0027537237426741783,TRUE
mastoid,threshold,2,absolute,retained,sd,beta,frontal,57,0.5494497333231019,1.1487561521645016e-4,0.0016918045150059022,TRUE
mastoid,threshold,2,absolute,retained,sd,beta,parieto_occipital,57,0.4973857538781675,4.141177371798294e-4,0.0035939503619535195,TRUE
mastoid,threshold,2,absolute,retained,sd,theta,centro_temporal,57,0.6551768131733362,7.253406294822565e-6,3.5251554592837664e-4,TRUE
mastoid,threshold,2,absolute,retained,sd,theta,frontal,57,0.4562367880978983,0.0010906024486878432,0.0067092758235733135,TRUE
mastoid,threshold,2,absolute,retained,sd,theta,parieto_occipital,57,0.3598656560841656,0.0087502246670674,0.03296596269918416,TRUE
mastoid,threshold,2,rel_1_30,removed,cv,alpha,centro_temporal,57,0.3506914462311769,0.010507802344013346,0.037284818859652485,TRUE
mastoid,threshold,2,rel_1_30,removed,cv,alpha,frontal,57,0.4475006344651171,0.0013319733519524643,0.007752563461663445,TRUE
mastoid,threshold,2,rel_1_30,removed,cv,alpha,parieto_occipital,57,0.2979952656999884,0.028409135694497715,0.07524163459142175,FALSE
mastoid,threshold,2,rel_1_30,removed,cv,beta,centro_temporal,57,-0.07747581557415331,0.5609445844733136,0.6710313148051563,FALSE
mastoid,threshold,2,rel_1_30,removed,cv,beta,frontal,57,-0.022940029774093224,0.8631238911533742,0.9024305277173035,FALSE
mastoid,threshold,2,rel_1_30,removed,cv,beta,parieto_occipital,57,-0.11048514441455914,0.40774371381549945,0.5319824024545845,FALSE
mastoid,threshold,2,rel_1_30,removed,cv,theta,centro_temporal,57,-0.3139106399137676,0.021259156477905855,0.062519803203716,FALSE
mastoid,threshold,2,rel_1_30,removed,cv,theta,frontal,57,-0.046594379890496765,0.7263236603578334,0.8114788481239241,FALSE
mastoid,threshold,2,rel_1_30,removed,cv,theta,parieto_occipital,57,-0.2956600662874768,0.02962046470487342,0.07760402073621823,FALSE
mastoid,threshold,2,rel_1_30,removed,mean,alpha,centro_temporal,57,-0.3057629144257736,0.024689305435688542,0.06876219164323571,FALSE
mastoid,threshold,2,rel_1_30,removed,mean,alpha,frontal,57,-0.2436725840162171,0.07111669758271588,0.15092888657292539,FALSE
mastoid,threshold,2,rel_1_30,removed,mean,alpha,parieto_occipital,57,-0.18870084355006783,0.15980480963618965,0.26689050681507964,FALSE
mastoid,threshold,2,rel_1_30,removed,mean,beta,centro_temporal,57,0.0740214461448561,0.5784923470798107,0.6857250748311902,FALSE
mastoid,threshold,2,rel_1_30,removed,mean,beta,frontal,57,-0.0030182942114166454,0.9819006869263981,0.9831417322688003,FALSE
mastoid,threshold,2,rel_1_30,removed,mean,beta,parieto_occipital,57,0.04741685062675536,0.7216971523540495,0.807237781459305,FALSE
mastoid,threshold,2,rel_1_30,removed,mean,theta,centro_temporal,57,0.5329695703120345,1.7348999563584098e-4,0.002248430343440499,TRUE
mastoid,threshold,2,rel_1_30,removed,mean,theta,frontal,57,0.2064259516598806,0.12475310879177087,0.22455559582518758,FALSE
mastoid,threshold,2,rel_1_30,removed,mean,theta,parieto_occipital,57,0.3896396975543426,0.004739709295633827,0.020752240699802162,TRUE
mastoid,threshold,2,rel_1_30,removed,sd,alpha,centro_temporal,57,0.0038540526562161315,0.9768903138362512,0.9819414529977624,FALSE
mastoid,threshold,2,rel_1_30,removed,sd,alpha,frontal,57,0.11637711977693939,0.383357500616062,0.5069707355085882,FALSE
mastoid,threshold,2,rel_1_30,removed,sd,alpha,parieto_occipital,57,0.04179583531318977,0.7535158458362702,0.8304052178603794,FALSE
mastoid,threshold,2,rel_1_30,removed,sd,beta,centro_temporal,57,-0.025179105535350122,0.8499196976231291,0.8961763244978677,FALSE
mastoid,threshold,2,rel_1_30,removed,sd,beta,frontal,57,-0.021554544970866167,0.8713142829362779,0.9044895546376098,FALSE
mastoid,threshold,2,rel_1_30,removed,sd,beta,parieto_occipital,57,-0.07068542607098333,0.5956865312513977,0.6985318212303091,FALSE
mastoid,threshold,2,rel_1_30,removed,sd,theta,centro_temporal,57,0.49398970524261965,4.4928607239324273e-4,0.0037325304475746323,TRUE
mastoid,threshold,2,rel_1_30,removed,sd,theta,frontal,57,0.26622810651231504,0.04926025342817076,0.11454776634493295,FALSE
mastoid,threshold,2,rel_1_30,removed,sd,theta,parieto_occipital,57,0.5094775896725829,3.091178686419337e-4,0.0030046256831995958,TRUE
mastoid,threshold,2,rel_1_30,retained,cv,alpha,centro_temporal,57,0.34058238095941606,0.01281350254896456,0.043262916645043996,TRUE
mastoid,threshold,2,rel_1_30,retained,cv,alpha,frontal,57,0.494552011725116,4.432716612825002e-4,0.003714310816953363,TRUE
mastoid,threshold,2,rel_1_30,retained,cv,alpha,parieto_occipital,57,0.32004110397335017,0.0189661332777951,0.05725180604353055,FALSE
mastoid,threshold,2,rel_1_30,retained,cv,beta,centro_temporal,57,0.4301571587514603,0.0019686554568689283,0.010572006099870709,TRUE
mastoid,threshold,2,rel_1_30,retained,cv,beta,frontal,57,0.4513592732918277,0.001219704928990054,0.0072289828718191005,TRUE
mastoid,threshold,2,rel_1_30,retained,cv,beta,parieto_occipital,57,0.24964138675033298,0.06465681463680424,0.13935453634027628,FALSE
mastoid,threshold,2,rel_1_30,retained,cv,theta,centro_temporal,57,0.5155794959265256,2.6636669609151145e-4,0.0026969627979265536,TRUE
mastoid,threshold,2,rel_1_30,retained,cv,theta,frontal,57,0.5268505731050902,2.0189294210172358e-4,0.0023945612514939523,TRUE
mastoid,threshold,2,rel_1_30,retained,cv,theta,parieto_occipital,57,0.37811948285015623,0.006029071855482583,0.025151321216862962,TRUE
mastoid,threshold,2,rel_1_30,retained,mean,alpha,centro_temporal,57,-0.3961979889170983,0.004125265288084841,0.01882515427238716,TRUE
mastoid,threshold,2,rel_1_30,retained,mean,alpha,frontal,57,-0.33529857154137815,0.01419355419122663,0.04629575393916874,TRUE
mastoid,threshold,2,rel_1_30,retained,mean,alpha,parieto_occipital,57,-0.21661729923160458,0.10756922685446879,0.2023384621412614,FALSE
mastoid,threshold,2,rel_1_30,retained,mean,beta,centro_temporal,57,-0.1337449819879507,0.3169570767579008,0.4373118715602943,FALSE
mastoid,threshold,2,rel_1_30,retained,mean,beta,frontal,57,-0.16155017536314867,0.22769935884005035,0.3426064656231098,FALSE
mastoid,threshold,2,rel_1_30,retained,mean,beta,parieto_occipital,57,-0.21073670715236983,0.11723340905143254,0.21387219262490062,FALSE
mastoid,threshold,2,rel_1_30,retained,mean,theta,centro_temporal,57,0.32362795099323555,0.017729899664477942,0.054193278219725034,FALSE
mastoid,threshold,2,rel_1_30,retained,mean,theta,frontal,57,0.030071589194983872,0.8212229070890649,0.8771743579017264,FALSE
mastoid,threshold,2,rel_1_30,retained,mean,theta,parieto_occipital,57,0.237183575641528,0.0787475321214912,0.16080378408001983,FALSE
mastoid,threshold,2,rel_1_30,retained,sd,alpha,centro_temporal,57,-0.14999444462653258,0.26227794571442054,0.38221013978173424,FALSE
mastoid,threshold,2,rel_1_30,retained,sd,alpha,frontal,57,-0.04386539208892702,0.741747311829565,0.8220962224610457,FALSE
mastoid,threshold,2,rel_1_30,retained,sd,alpha,parieto_occipital,57,-0.041919967192263694,0.75280827769951,0.8304052178603794,FALSE
mastoid,threshold,2,rel_1_30,retained,sd,beta,centro_temporal,57,0.20113822971945056,0.13449908431399804,0.23598034287582328,FALSE
mastoid,threshold,2,rel_1_30,retained,sd,beta,frontal,57,0.1252937920649913,0.34823933434292564,0.4754053834007355,FALSE
mastoid,threshold,2,rel_1_30,retained,sd,beta,parieto_occipital,57,0.022572782135396114,0.865293468963505,0.9024305277173035,FALSE
mastoid,threshold,2,rel_1_30,retained,sd,theta,centro_temporal,57,0.6431002601911623,1.0033571697665445e-5,3.9600976657465354e-4,TRUE
mastoid,threshold,2,rel_1_30,retained,sd,theta,frontal,57,0.4469710328328258,0.001348125630717001,0.007799869720576933,TRUE
mastoid,threshold,2,rel_1_30,retained,sd,theta,parieto_occipital,57,0.5662091516935457,7.51119144333735e-5,0.001352014459800723,TRUE
mastoid,threshold,2,rel_4_30,removed,cv,alpha,centro_temporal,57,0.3469678255923743,0.011308986442309897,0.03925833864973293,TRUE
mastoid,threshold,2,rel_4_30,removed,cv,alpha,frontal,57,0.41615910453610017,0.0026816554821327116,0.0133670211724769,TRUE
mastoid,threshold,2,rel_4_30,removed,cv,alpha,parieto_occipital,57,0.3048889266295557,0.025085039738286553,0.06941988618642836,FALSE
mastoid,threshold,2,rel_4_30,removed,cv,beta,centro_temporal,57,-0.016694335846190022,0.90015211096765,0.9214774149919691,FALSE
mastoid,threshold,2,rel_4_30,removed,cv,beta,frontal,57,0.10199707356956868,0.44450013582540515,0.5663887104936551,FALSE
mastoid,threshold,2,rel_4_30,removed,cv,beta,parieto_occipital,57,-0.0779060666983272,0.5587776252489138,0.6697063523328536,FALSE
mastoid,threshold,2,rel_4_30,removed,cv,theta,centro_temporal,57,-0.35094600981414953,0.010454969803281765,0.037284818859652485,TRUE
mastoid,threshold,2,rel_4_30,removed,cv,theta,frontal,57,-0.07083441378615839,0.5949135489241208,0.6985318212303091,FALSE
mastoid,threshold,2,rel_4_30,removed,cv,theta,parieto_occipital,57,-0.32997771905614065,0.015718037894324775,0.04992788507609046,TRUE
mastoid,threshold,2,rel_4_30,removed,mean,alpha,centro_temporal,57,-0.313831839392834,0.021290179897561726,0.062519803203716,FALSE
mastoid,threshold,2,rel_4_30,removed,mean,alpha,frontal,57,-0.2425069457021588,0.07243970472359114,0.15273621039334181,FALSE
mastoid,threshold,2,rel_4_30,removed,mean,alpha,parieto_occipital,57,-0.21478712444362305,0.1105049939862161,0.20534151864060846,FALSE
mastoid,threshold,2,rel_4_30,removed,mean,beta,centro_temporal,57,0.1116697089966996,0.40276607518300056,0.526194388545533,FALSE
mastoid,threshold,2,rel_4_30,removed,mean,beta,frontal,57,0.12219055930040368,0.36021587750717055,0.4849443669487116,FALSE
mastoid,threshold,2,rel_4_30,removed,mean,beta,parieto_occipital,57,0.044453085353499476,0.7384165304890401,0.8202951321140542,FALSE
mastoid,threshold,2,rel_4_30,removed,mean,theta,centro_temporal,57,0.5394303826838756,1.4769769812600437e-4,0.002080611051861975,TRUE
mastoid,threshold,2,rel_4_30,removed,mean,theta,frontal,57,0.22474847608869417,0.09528414313281007,0.18681773997983783,FALSE
mastoid,threshold,2,rel_4_30,removed,mean,theta,parieto_occipital,57,0.4060903922488032,0.003337391807755505,0.015824121156772442,TRUE
mastoid,threshold,2,rel_4_30,removed,sd,alpha,centro_temporal,57,0.021452096936317454,0.8719204863121816,0.9044895546376098,FALSE
mastoid,threshold,2,rel_4_30,removed,sd,alpha,frontal,57,0.1320989108251912,0.3228968987407159,0.4445549370764531,FALSE
mastoid,threshold,2,rel_4_30,removed,sd,alpha,parieto_occipital,57,0.043908744902460176,0.7415014368571946,0.8220962224610457,FALSE
mastoid,threshold,2,rel_4_30,removed,sd,beta,centro_temporal,57,0.10691604339235262,0.42296744448197676,0.5459818805265357,FALSE
mastoid,threshold,2,rel_4_30,removed,sd,beta,frontal,57,0.22965144474704427,0.08845092485036858,0.17581656227926026,FALSE
mastoid,threshold,2,rel_4_30,removed,sd,beta,parieto_occipital,57,-0.011217279613020449,0.9328109977102825,0.944471135181661,FALSE
mastoid,threshold,2,rel_4_30,removed,sd,theta,centro_temporal,57,0.47155934355964624,7.64275123689613e-4,0.0053062530016164565,TRUE
mastoid,threshold,2,rel_4_30,removed,sd,theta,frontal,57,0.2859229427187685,0.03517646024139269,0.0881224725634889,FALSE
mastoid,threshold,2,rel_4_30,removed,sd,theta,parieto_occipital,57,0.4842917402080197,5.661666142605906e-4,0.004133459944313889,TRUE
mastoid,threshold,2,rel_4_30,retained,cv,alpha,centro_temporal,57,0.2610155900455898,0.053717818388523235,0.12171030180336734,FALSE
mastoid,threshold,2,rel_4_30,retained,cv,alpha,frontal,57,0.4900587877198641,4.935680119622514e-4,0.003941920205643287,TRUE
mastoid,threshold,2,rel_4_30,retained,cv,alpha,parieto_occipital,57,0.23162140899187342,0.08582206202187766,0.17254473973331558,FALSE
mastoid,threshold,2,rel_4_30,retained,cv,beta,centro_temporal,57,0.23700235448359913,0.07897010448392372,0.16092021291063702,FALSE
mastoid,threshold,2,rel_4_30,retained,cv,beta,frontal,57,0.26072254222004254,0.05397838063034888,0.12198474182198427,FALSE
mastoid,threshold,2,rel_4_30,retained,cv,beta,parieto_occipital,57,0.1336811370323364,0.31718607968107765,0.4373118715602943,FALSE
mastoid,threshold,2,rel_4_30,retained,cv,theta,centro_temporal,57,0.2032384031528669,0.13055812395894936,0.2311520883207628,FALSE
mastoid,threshold,2,rel_4_30,retained,cv,theta,frontal,57,0.1049751481536504,0.4313878056076932,0.5546414643527484,FALSE
mastoid,threshold,2,rel_4_30,retained,cv,theta,parieto_occipital,57,0.30765870408485213,0.023849940907663753,0.06798282276319405,FALSE
mastoid,threshold,2,rel_4_30,retained,mean,alpha,centro_temporal,57,-0.3145953867166383,0.020991272309005663,0.06239607548731958,FALSE
mastoid,threshold,2,rel_4_30,retained,mean,alpha,frontal,57,-0.22593150750593824,0.09359682318775629,0.18416217032084842,FALSE
mastoid,threshold,2,rel_4_30,retained,mean,alpha,parieto_occipital,57,-0.14759444781569522,0.2699043763098717,0.39097921575737,FALSE
mastoid,threshold,2,rel_4_30,retained,mean,beta,centro_temporal,57,-0.1003992565467549,0.4516304939441175,0.5738363923054669,FALSE
mastoid,threshold,2,rel_4_30,retained,mean,beta,frontal,57,-0.07286146615422878,0.5844437964762381,0.6910941243003692,FALSE
mastoid,threshold,2,rel_4_30,retained,mean,beta,parieto_occipital,57,-0.19074944750010076,0.1553990231464761,0.2613284610698526,FALSE
mastoid,threshold,2,rel_4_30,retained,mean,theta,centro_temporal,57,0.45010443791151716,0.0012551915586479908,0.007394219363671801,TRUE
mastoid,threshold,2,rel_4_30,retained,mean,theta,frontal,57,0.25923368532943525,0.05531898479709119,0.12389413184970653,FALSE
mastoid,threshold,2,rel_4_30,retained,mean,theta,parieto_occipital,57,0.40086471667990503,0.003734150717547678,0.017338775603837592,TRUE
mastoid,threshold,2,rel_4_30,retained,sd,alpha,centro_temporal,57,-0.07199268362893224,0.5889202887314988,0.6946972337949233,FALSE
mastoid,threshold,2,rel_4_30,retained,sd,alpha,frontal,57,0.10480510532347483,0.4321302439916308,0.5548620834344322,FALSE
mastoid,threshold,2,rel_4_30,retained,sd,alpha,parieto_occipital,57,-0.03690079139485287,0.781581937462557,0.8535928575433769,FALSE
mastoid,threshold,2,rel_4_30,retained,sd,beta,centro_temporal,57,0.18197483065421052,0.1749536179971826,0.2877409757923206,FALSE
mastoid,threshold,2,rel_4_30,retained,sd,beta,frontal,57,0.21027849327179496,0.11801495100208587,0.21449957946307374,FALSE
mastoid,threshold,2,rel_4_30,retained,sd,beta,parieto_occipital,57,-0.013595474897203483,0.918612531396531,0.933443363636439,FALSE
mastoid,threshold,2,rel_4_30,retained,sd,theta,centro_temporal,57,0.6218008071337352,1.7692165702161986e-5,5.05787795955925e-4,TRUE
mastoid,threshold,2,rel_4_30,retained,sd,theta,frontal,57,0.4049243319593969,0.0034223486720177197,0.016070158981648423,TRUE
mastoid,threshold,2,rel_4_30,retained,sd,theta,parieto_occipital,57,0.5768245146634743,5.7230251411142683e-5,0.0011352613137067488,TRUE
