reference,artifact,epoch_sec,normalise,aperiodic,outcome,band,roi,n,dz,p,p_fdr,sig
average,ica,2,absolute,removed,cv,alpha,centro_temporal,71,0.287024737176186,0.01818823527128115,0.07352169244236524,FALSE
average,ica,2,absolute,removed,cv,alpha,frontal,71,0.2946997246193979,0.015420146888854947,0.0656665181860548,FALSE
average,ica,2,absolute,removed,cv,alpha,parieto_occipital,71,0.43240287833165436,5.122633644634322e-4,0.006243510849635813,TRUE
average,ica,2,absolute,removed,cv,beta,centro_temporal,71,0.2498942793896655,0.038823952046972185,0.1281388162636909,FALSE
average,ica,2,absolute,removed,cv,beta,frontal,71,0.2233816252092295,0.06395946349460904,0.17813352010532948,FALSE
average,ica,2,absolute,removed,cv,beta,parieto_occipital,71,0.37915031160608126,0.002099206737110331,0.016226075136948244,TRUE
average,ica,2,absolute,removed,cv,theta,centro_temporal,71,-0.08422486900965298,0.4802529584873788,0.654936339038558,FALSE
average,ica,2,absolute,removed,cv,theta,frontal,71,0.10069543687084632,0.3990657465401153,0.5862222130790755,FALSE
average,ica,2,absolute,removed,cv,theta,parieto_occipital,71,-0.08011961500324506,0.5018362220999673,0.6739686464679353,FALSE
average,ica,2,absolute,removed,mean,alpha,centro_temporal,71,-0.1459273280232573,0.22296177482014756,0.4088876966850668,FALSE
average,ica,2,absolute,removed,mean,alpha,frontal,71,-0.06697999272921086,0.5742972382464844,0.7325681306766179,FALSE
average,ica,2,absolute,removed,mean,alpha,parieto_occipital,71,-0.12631702101650538,0.2908206813363899,0.4848674138232778,FALSE
average,ica,2,absolute,removed,mean,beta,centro_temporal,71,-0.11209930507434472,0.34812970095626383,0.5407623960519192,FALSE
average,ica,2,absolute,removed,mean,beta,frontal,71,-0.0047233561086795425,0.968366106594506,0.9814930715431281,FALSE
average,ica,2,absolute,removed,mean,beta,parieto_occipital,71,-0.316667319974598,0.0094665130559582,0.04623844568035864,TRUE
average,ica,2,absolute,removed,mean,theta,centro_temporal,71,0.5524174411658145,1.4940141501337016e-5,6.600826154227081e-4,TRUE
average,ica,2,absolute,removed,mean,theta,frontal,71,0.25203703980098685,0.03723075007755727,0.12477820814198703,FALSE
average,ica,2,absolute,removed,mean,theta,parieto_occipital,71,0.2441728793266423,0.043370907945917046,0.13829551956295916,FALSE
average,ica,2,absolute,removed,sd,alpha,centro_temporal,71,0.13959669545121972,0.24347469242804046,0.43304190492233363,FALSE
average,ica,2,absolute,removed,sd,alpha,frontal,71,0.16743900016383287,0.16271298235875983,0.33758168378380904,FALSE
average,ica,2,absolute,removed,sd,alpha,parieto_occipital,71,0.252569611322675,0.036843701703696524,0.12382960530341167,FALSE
average,ica,2,absolute,removed,sd,beta,centro_temporal,71,0.1675333866582282,0.16247942706816873,0.3372982983121193,FALSE
average,ica,2,absolute,removed,sd,beta,frontal,71,0.15490042825628986,0.19609399601991911,0.3791367245546558,FALSE
average,ica,2,absolute,removed,sd,beta,parieto_occipital,71,0.025695875957162176,0.8292143021509344,0.9066325103382545,FALSE
average,ica,2,absolute,removed,sd,theta,centro_temporal,71,0.6149475871948098,2.0273225045030075e-6,1.900695442473684e-4,TRUE
average,ica,2,absolute,removed,sd,theta,frontal,71,0.5371627987886337,2.3973372614245237e-5,9.228561655859948e-4,TRUE
average,ica,2,absolute,removed,sd,theta,parieto_occipital,71,0.6214472727115998,1.6391805691578495e-6,1.825149995169217e-4,TRUE
average,ica,2,absolute,retained,cv,alpha,centro_temporal,71,0.18573673604037103,0.12208210424184562,0.28060707100410975,FALSE
average,ica,2,absolute,retained,cv,alpha,frontal,71,0.29180747858062106,0.016415426693398558,0.06782484482883486,FALSE
average,ica,2,absolute,retained,cv,alpha,parieto_occipital,71,0.24741965260360524,0.040737223801790366,0.13241109858903402,FALSE
average,ica,2,absolute,retained,cv,beta,centro_temporal,71,0.2955251977536694,0.015146213118675351,0.06488979411901714,FALSE
average,ica,2,absolute,retained,cv,beta,frontal,71,0.3804812052458647,0.0020292534232678413,0.015938863251849227,TRUE
average,ica,2,absolute,retained,cv,beta,parieto_occipital,71,0.4682934904193883,1.8668593724792862e-4,0.0032992496546361202,TRUE
average,ica,2,absolute,retained,cv,theta,centro_temporal,71,0.3521243701075785,0.004111663305420825,0.026467130681251932,TRUE
average,ica,2,absolute,retained,cv,theta,frontal,71,0.15649103429134398,0.1915952398961347,0.372275008853659,FALSE
average,ica,2,absolute,retained,cv,theta,parieto_occipital,71,0.50287330297926,6.780275917375857e-5,0.00160742151016813,TRUE
average,ica,2,absolute,retained,mean,alpha,centro_temporal,71,-0.028432666997349327,0.8113576235956274,0.897200921655233,FALSE
average,ica,2,absolute,retained,mean,alpha,frontal,71,0.02279953706054907,0.8482104567989672,0.9168313194424199,FALSE
average,ica,2,absolute,retained,mean,alpha,parieto_occipital,71,-0.15489431544738924,0.1961114362913168,0.3791367245546558,FALSE
average,ica,2,absolute,retained,mean,beta,centro_temporal,71,0.20631989871137515,0.08652262904811332,0.22073489615424186,FALSE
average,ica,2,absolute,retained,mean,beta,frontal,71,0.3491109935258627,0.004423189944443477,0.027931602031043203,TRUE
average,ica,2,absolute,retained,mean,beta,parieto_occipital,71,0.0532541352900132,0.6550144331364789,0.7918434146200755,FALSE
average,ica,2,absolute,retained,mean,theta,centro_temporal,71,0.6878376149586418,1.7892689479615717e-7,1.612669420976097e-4,TRUE
average,ica,2,absolute,retained,mean,theta,frontal,71,0.30893920994568047,0.01126808251080043,0.05209310915813564,FALSE
average,ica,2,absolute,retained,mean,theta,parieto_occipital,71,0.17658169004297716,0.14126746054129066,0.30898130771630916,FALSE
average,ica,2,absolute,retained,sd,alpha,centro_temporal,71,0.09083540041771605,0.4466107591741486,0.6268212472231489,FALSE
average,ica,2,absolute,retained,sd,alpha,frontal,71,0.13816869158629566,0.24828347255211078,0.4381870818350462,FALSE
average,ica,2,absolute,retained,sd,alpha,parieto_occipital,71,-0.1081000182739577,0.36549151419822146,0.5576477215291128,FALSE
average,ica,2,absolute,retained,sd,beta,centro_temporal,71,0.28106174328394845,0.020637220892593327,0.08112994421678751,FALSE
average,ica,2,absolute,retained,sd,beta,frontal,71,0.4833040743854992,1.2083267834647914e-4,0.0023847586467569083,TRUE
average,ica,2,absolute,retained,sd,beta,parieto_occipital,71,0.3657336571456435,0.0029421387279412402,0.020760499771752348,TRUE
average,ica,2,absolute,retained,sd,theta,centro_temporal,71,0.5265422450053432,3.319847729419292e-5,0.0010326054377585766,TRUE
average,ica,2,absolute,retained,sd,theta,frontal,71,0.2918626831394051,0.01639590226768126,0.06781624257100505,FALSE
average,ica,2,absolute,retained,sd,theta,parieto_occipital,71,0.34726747667044267,0.0046244025889881114,0.028767483625577243,TRUE
average,ica,2,rel_1_30,removed,cv,alpha,centro_temporal,71,0.23872812208480831,0.04811761800700536,0.14800735665445952,FALSE
average,ica,2,rel_1_30,removed,cv,alpha,frontal,71,0.24531433590720886,0.04242870363468389,0.13577185163098845,FALSE
average,ica,2,rel_1_30,removed,cv,alpha,parieto_occipital,71,0.3250885411355154,0.0078052758348449314,0.040219440001926225,TRUE
average,ica,2,rel_1_30,removed,cv,beta,centro_temporal,71,0.14554389444530222,0.22416711097015282,0.4101466952715078,FALSE
average,ica,2,rel_1_30,removed,cv,beta,frontal,71,0.20658140889821897,0.08613268396674077,0.2201734880096569,FALSE
average,ica,2,rel_1_30,removed,cv,beta,parieto_occipital,71,0.33101288377244786,0.006801368738862032,0.03671712771509264,TRUE
average,ica,2,rel_1_30,removed,cv,theta,centro_temporal,71,-0.13603487992588334,0.25559491462386835,0.44742950997723097,FALSE
average,ica,2,rel_1_30,removed,cv,theta,frontal,71,0.05839521176940492,0.6242258661207452,0.7681001676043815,FALSE
average,ica,2,rel_1_30,removed,cv,theta,parieto_occipital,71,-0.13190190036077162,0.27018823021286176,0.46420319888095735,FALSE
average,ica,2,rel_1_30,removed,mean,alpha,centro_temporal,71,-0.13044841154887876,0.27545658447993726,0.4697056121601655,FALSE
average,ica,2,rel_1_30,removed,mean,alpha,frontal,71,-0.05045158028938042,0.6720586103041003,0.8031450064884862,FALSE
average,ica,2,rel_1_30,removed,mean,alpha,parieto_occipital,71,-0.07175854683249781,0.5473677218301183,0.7112070226042063,FALSE
average,ica,2,rel_1_30,removed,mean,beta,centro_temporal,71,-0.12111596922095504,0.31098600440309276,0.505151709949776,FALSE
average,ica,2,rel_1_30,removed,mean,beta,frontal,71,-0.13669829342396606,0.2533055506853472,0.44422732569446544,FALSE
average,ica,2,rel_1_30,removed,mean,beta,parieto_occipital,71,-0.1868197771407499,0.11995703026235097,0.277614841464298,FALSE
average,ica,2,rel_1_30,removed,mean,theta,centro_temporal,71,0.5142752317253924,4.816452571803371e-5,0.0013187582816317962,TRUE
average,ica,2,rel_1_30,removed,mean,theta,frontal,71,0.2527677365870639,0.03670060937678078,0.12354283052547504,FALSE
average,ica,2,rel_1_30,removed,mean,theta,parieto_occipital,71,0.3524782361687686,0.004076445590705937,0.026327608732001132,TRUE
average,ica,2,rel_1_30,removed,sd,alpha,centro_temporal,71,0.24108962400217987,0.04600669931576892,0.14430829692518107,FALSE
average,ica,2,rel_1_30,removed,sd,alpha,frontal,71,0.22622813266723577,0.060726073290302975,0.1722671083434739,FALSE
average,ica,2,rel_1_30,removed,sd,alpha,parieto_occipital,71,0.3755407615774576,0.0023004674293098395,0.017300227011908424,TRUE
average,ica,2,rel_1_30,removed,sd,beta,centro_temporal,71,0.18846570329396278,0.11678427092521809,0.2738877432417175,FALSE
average,ica,2,rel_1_30,removed,sd,beta,frontal,71,0.23143994589491645,0.055164030497503534,0.16174792652661668,FALSE
average,ica,2,rel_1_30,removed,sd,beta,parieto_occipital,71,0.361655967083556,0.003255172754973672,0.022186308415220058,TRUE
average,ica,2,rel_1_30,removed,sd,theta,centro_temporal,71,0.5893121433696258,4.647472075435794e-6,3.1654530122736597e-4,TRUE
average,ica,2,rel_1_30,removed,sd,theta,frontal,71,0.4858450728930702,1.1217405178192854e-4,0.0022597549913375035,TRUE
average,ica,2,rel_1_30,removed,sd,theta,parieto_occipital,71,0.6436938731122708,7.870966038735888e-7,1.612669420976097e-4,TRUE
average,ica,2,rel_1_30,retained,cv,alpha,centro_temporal,71,0.29118787430193344,0.016636000149912147,0.06866323628753548,FALSE
average,ica,2,rel_1_30,retained,cv,alpha,frontal,71,0.19350414012161563,0.10748874084119744,0.2595752946525315,FALSE
average,ica,2,rel_1_30,retained,cv,alpha,parieto_occipital,71,0.3605580850889889,0.0033446021463306667,0.02261532720858023,TRUE
average,ica,2,rel_1_30,retained,cv,beta,centro_temporal,71,0.2469860921087507,0.041080707428823686,0.13288002536045465,FALSE
average,ica,2,rel_1_30,retained,cv,beta,frontal,71,0.013421353344647245,0.9102826461192369,0.9503702814477962,FALSE
average,ica,2,rel_1_30,retained,cv,beta,parieto_occipital,71,0.19047164246729592,0.11300894655785654,0.2680773546168067,FALSE
average,ica,2,rel_1_30,retained,cv,theta,centro_temporal,71,0.5050735089823154,6.349178019300092e-5,0.0015623800087999214,TRUE
average,ica,2,rel_1_30,retained,cv,theta,frontal,71,0.46669371282354793,1.9546032922828873e-4,0.003333112982629766,TRUE
average,ica,2,rel_1_30,retained,cv,theta,parieto_occipital,71,0.36195555056765705,0.003231159107875996,0.022097070550085793,TRUE
average,ica,2,rel_1_30,retained,mean,alpha,centro_temporal,71,-0.22687292731447128,0.06001317595176168,0.17093862864501788,FALSE
average,ica,2,rel_1_30,retained,mean,alpha,frontal,71,-0.1488455310905222,0.21394327957445622,0.39971718932507727,FALSE
average,ica,2,rel_1_30,retained,mean,alpha,parieto_occipital,71,-0.1959221094134054,0.10324526716214981,0.2514849547530122,FALSE
average,ica,2,rel_1_30,retained,mean,beta,centro_temporal,71,-0.0792946135881343,0.5062361074789284,0.6782672180498388,FALSE
average,ica,2,rel_1_30,retained,mean,beta,frontal,71,0.06859620381196066,0.5651176704276935,0.7273013911363364,FALSE
average,ica,2,rel_1_30,retained,mean,beta,parieto_occipital,71,-0.16140679070702027,0.1781821636955288,0.35691512233292944,FALSE
average,ica,2,rel_1_30,retained,mean,theta,centro_temporal,71,0.3784729821373534,0.002135669322914406,0.0164100441254767,TRUE
average,ica,2,rel_1_30,retained,mean,theta,frontal,71,0.15981460964348818,0.18244612575309482,0.36270168423959215,FALSE
average,ica,2,rel_1_30,retained,mean,theta,parieto_occipital,71,0.22780228316014334,0.0589981434523818,0.1690938932707265,FALSE
average,ica,2,rel_1_30,retained,sd,alpha,centro_temporal,71,0.03075703502466193,0.7962698114730653,0.8883492186534514,FALSE
average,ica,2,rel_1_30,retained,sd,alpha,frontal,71,-0.024705177938616495,0.8357011024446909,0.9091230795481137,FALSE
average,ica,2,rel_1_30,retained,sd,alpha,parieto_occipital,71,0.11257605853590846,0.34609631220525716,0.5386799286845636,FALSE
average,ica,2,rel_1_30,retained,sd,beta,centro_temporal,71,0.17325429723923905,0.14880027160450715,0.31910394704816536,FALSE
average,ica,2,rel_1_30,retained,sd,beta,frontal,71,0.19295177573051528,0.10847766531602912,0.2611978262329244,FALSE
average,ica,2,rel_1_30,retained,sd,beta,parieto_occipital,71,0.12613684174657247,0.29150389366411206,0.4855900336615543,FALSE
average,ica,2,rel_1_30,retained,sd,theta,centro_temporal,71,0.6172430699995352,1.8809140171513313e-6,1.8414723063665667e-4,TRUE
average,ica,2,rel_1_30,retained,sd,theta,frontal,71,0.5236291488850688,3.627967207072633e-5,0.0010850412693152614,TRUE
average,ica,2,rel_1_30,retained,sd,theta,parieto_occipital,71,0.5165360279933613,4.498655917573939e-5,0.0012674474063425706,TRUE
average,ica,2,rel_4_30,removed,cv,alpha,centro_temporal,71,0.2441712864887735,0.04337223525496223,0.13829551956295916,FALSE
average,ica,2,rel_4_30,removed,cv,alpha,frontal,71,0.2382753697362724,0.048531687754075195,0.1487005006541702,FALSE
average,ica,2,rel_4_30,removed,cv,alpha,parieto_occipital,71,0.3346139876080621,0.006250537483130189,0.03481674747050169,TRUE
average,ica,2,rel_4_30,removed,cv,beta,centro_temporal,71,0.16543074019338586,0.1677438589591358,0.345073081287365,FALSE
average,ica,2,rel_4_30,removed,cv,beta,frontal,71,0.2189515964742458,0.06927982602466871,0.18889198007286956,FALSE
average,ica,2,rel_4_30,removed,cv,beta,parieto_occipital,71,0.33096545649164966,0.0068089118010755635,0.03671712771509264,TRUE
average,ica,2,rel_4_30,removed,cv,theta,centro_temporal,71,-0.16513796825429858,0.16848714212625002,0.3464188305588895,FALSE
average,ica,2,rel_4_30,removed,cv,theta,frontal,71,0.05193985729528737,0.6629852611208117,0.7968364497248225,FALSE
average,ica,2,rel_4_30,removed,cv,theta,parieto_occipital,71,-0.1412481784755001,0.23799715388461262,0.42673180858631615,FALSE
average,ica,2,rel_4_30,removed,mean,alpha,centro_temporal,71,-0.13736876332262096,0.2510066963083994,0.44168404876619277,FALSE
average,ica,2,rel_4_30,removed,mean,alpha,frontal,71,-0.05811567587862824,0.6258834565969965,0.7697783594805173,FALSE
average,ica,2,rel_4_30,removed,mean,alpha,parieto_occipital,71,-0.08470074905527361,0.47778488309295297,0.6533738271843273,FALSE
average,ica,2,rel_4_30,removed,mean,beta,centro_temporal,71,-0.09587669958966238,0.42190150461808584,0.6064174539714056,FALSE
average,ica,2,rel_4_30,removed,mean,beta,frontal,71,-0.09057559333772619,0.44790657727716954,0.627420402810739,FALSE
average,ica,2,rel_4_30,removed,mean,beta,parieto_occipital,71,-0.15227979291749047,0.20367772603788126,0.38848050118336674,FALSE
average,ica,2,rel_4_30,removed,mean,theta,centro_temporal,71,0.5302102698873791,2.967825068273799e-5,9.953907985344912e-4,TRUE
average,ica,2,rel_4_30,removed,mean,theta,frontal,71,0.25168353344649674,0.03748961027002563,0.12533070054158182,FALSE
average,ica,2,rel_4_30,removed,mean,theta,parieto_occipital,71,0.35969012163393543,0.0034169150934223657,0.022984370040183666,TRUE
average,ica,2,rel_4_30,removed,sd,alpha,centro_temporal,71,0.26072982958401303,0.031336662009882214,0.10969765041931963,FALSE
average,ica,2,rel_4_30,removed,sd,alpha,frontal,71,0.23036019926209175,0.05627930976637912,0.1642747420207823,FALSE
average,ica,2,rel_4_30,removed,sd,alpha,parieto_occipital,71,0.38177378104661724,0.0019634104204137794,0.015515731127172305,TRUE
average,ica,2,rel_4_30,removed,sd,beta,centro_temporal,71,0.23438910831172755,0.05221328584215615,0.1560427781948656,FALSE
average,ica,2,rel_4_30,removed,sd,beta,frontal,71,0.2553499573880603,0.03487941745533288,0.11895717111081949,FALSE
average,ica,2,rel_4_30,removed,sd,beta,parieto_occipital,71,0.31935642364059175,0.0089039537991453,0.044325956941199646,TRUE
average,ica,2,rel_4_30,removed,sd,theta,centro_temporal,71,0.5804946415086715,6.161592930875718e-6,3.743167705506998e-4,TRUE
average,ica,2,rel_4_30,removed,sd,theta,frontal,71,0.48862014575696305,1.0340106427299741e-4,0.0021498574218899143,TRUE
average,ica,2,rel_4_30,removed,sd,theta,parieto_occipital,71,0.6298062930611618,1.2456462761901427e-6,1.825149995169217e-4,TRUE
average,ica,2,rel_4_30,retained,cv,alpha,centro_temporal,71,0.33325574876513464,0.006453290878188917,0.03533858441464579,TRUE
average,ica,2,rel_4_30,retained,cv,alpha,frontal,71,0.4068291684284769,0.00102233985053917,0.010139942191061973,TRUE
average,ica,2,rel_4_30,retained,cv,alpha,parieto_occipital,71,0.3563512054436856,0.0037088585627413693,0.024317103021818623,TRUE
average,ica,2,rel_4_30,retained,cv,beta,centro_temporal,71,0.23467722335149638,0.05193238164448518,0.15543978406865883,FALSE
average,ica,2,rel_4_30,retained,cv,beta,frontal,71,0.05512926218052099,0.6437115377153961,0.7832781668463566,FALSE
average,ica,2,rel_4_30,retained,cv,beta,parieto_occipital,71,0.23228408023416172,0.0543052755676819,0.16007498969457712,FALSE
average,ica,2,rel_4_30,retained,cv,theta,centro_temporal,71,0.3571224280077584,0.0036394381913362724,0.024034179410787886,TRUE
average,ica,2,rel_4_30,retained,cv,theta,frontal,71,0.2621379086566736,0.030463142253835954,0.10757556501627084,FALSE
average,ica,2,rel_4_30,retained,cv,theta,parieto_occipital,71,0.3468177804501519,0.004674753360255821,0.028904824425959895,TRUE
average,ica,2,rel_4_30,retained,mean,alpha,centro_temporal,71,-0.18117024486980715,0.13137458139211303,0.29423062929293514,FALSE
average,ica,2,rel_4_30,retained,mean,alpha,frontal,71,-0.14142080128490458,0.2374297807241419,0.42618974490095274,FALSE
average,ica,2,rel_4_30,retained,mean,alpha,parieto_occipital,71,-0.14030579710065336,0.24111179915605457,0.4304144513860148,FALSE
average,ica,2,rel_4_30,retained,mean,beta,centro_temporal,71,-0.0876123140488626,0.46283985699508434,0.6406270430747197,FALSE
average,ica,2,rel_4_30,retained,mean,beta,frontal,71,0.05339495679982904,0.6541627357982487,0.7913455870515217,FALSE
average,ica,2,rel_4_30,retained,mean,beta,parieto_occipital,71,-0.15785464591933343,0.18780062094661415,0.36765801321270686,FALSE
average,ica,2,rel_4_30,retained,mean,theta,centro_temporal,71,0.3544122262200144,0.003888860790807527,0.025368944219227627,TRUE
average,ica,2,rel_4_30,retained,mean,theta,frontal,71,0.07914700663347937,0.5070255033460754,0.6788275334054894,FALSE
average,ica,2,rel_4_30,retained,mean,theta,parieto_occipital,71,0.3173425636460704,0.009322286143301703,0.04586574670174698,TRUE
average,ica,2,rel_4_30,retained,sd,alpha,centro_temporal,71,0.10847833295672707,0.36382588954764905,0.5560357934596146,FALSE
average,ica,2,rel_4_30,retained,sd,alpha,frontal,71,0.1405897967006009,0.2401700865211505,0.4295222154527291,FALSE
average,ica,2,rel_4_30,retained,sd,alpha,parieto_occipital,71,0.20071326853368202,0.09523896950904714,0.23766952082873893,FALSE
average,ica,2,rel_4_30,retained,sd,beta,centro_temporal,71,0.23467638261059742,0.051933199461210854,0.15543978406865883,FALSE
average,ica,2,rel_4_30,retained,sd,beta,frontal,71,0.1700508292231916,0.15634502884677076,0.3292155226298042,FALSE
average,ica,2,rel_4_30,retained,sd,beta,parieto_occipital,71,0.21791343168199143,0.07057898262771568,0.1908282923898182,FALSE
average,ica,2,rel_4_30,retained,sd,theta,centro_temporal,71,0.5617532074001543,1.1152798908086668e-5,5.488871158815312e-4,TRUE
average,ica,2,rel_4_30,retained,sd,theta,frontal,71,0.31637922044844824,0.009528665310360443,0.04636727249897547,TRUE
average,ica,2,rel_4_30,retained,sd,theta,parieto_occipital,71,0.5876537614675826,4.90129126256344e-6,3.229867869296043e-4,TRUE
average,ica,4,absolute,removed,cv,alpha,centro_temporal,68,0.2123667231312996,0.08448451904751206,0.21710231993174284,FALSE
average,ica,4,absolute,removed,cv,alpha,frontal,68,0.31703499255425566,0.011031803484342685,0.051305803764502826,FALSE
average,ica,4,absolute,removed,cv,alpha,parieto_occipital,68,0.33151711666859524,0.008001943335371882,0.04082881323874787,TRUE
average,ica,4,absolute,removed,cv,beta,centro_temporal,68,0.25568856307700005,0.03873368352610628,0.1281388162636909,FALSE
average,ica,4,absolute,removed,cv,beta,frontal,68,0.3311063910493218,0.00807615234299325,0.040938827000727186,TRUE
average,ica,4,absolute,removed,cv,beta,parieto_occipital,68,0.25814264361712097,0.03695939570636435,0.12409164983276734,FALSE
average,ica,4,absolute,removed,cv,theta,centro_temporal,68,-0.013207223446908183,0.9135997530275606,0.9517569168701051,FALSE
average,ica,4,absolute,removed,cv,theta,frontal,68,0.23783624495324698,0.054007918761389766,0.15944023397439896,FALSE
average,ica,4,absolute,removed,cv,theta,parieto_occipital,68,0.0017867288636172493,0.9882883851368323,0.991348101499485,FALSE
average,ica,4,absolute,removed,mean,alpha,centro_temporal,68,-0.14500404851745394,0.23601523999769702,0.42482743199585465,FALSE
average,ica,4,absolute,removed,mean,alpha,frontal,68,-0.07146242307164402,0.5576457889848467,0.7203079161372372,FALSE
average,ica,4,absolute,removed,mean,alpha,parieto_occipital,68,-0.11565995236729973,0.34363537939472866,0.5363526114358511,FALSE
average,ica,4,absolute,removed,mean,beta,centro_temporal,68,-0.14213134748278178,0.24532976067369255,0.4351469477642868,FALSE
average,ica,4,absolute,removed,mean,beta,frontal,68,-0.09679122520647276,0.4275971583159236,0.6103148867592918,FALSE
average,ica,4,absolute,removed,mean,beta,parieto_occipital,68,-0.3357827621132255,0.00726732340414665,0.03818104544647519,TRUE
average,ica,4,absolute,removed,mean,theta,centro_temporal,68,0.5497277855020274,2.4627206465538615e-5,9.296172693011081e-4,TRUE
average,ica,4,absolute,removed,mean,theta,frontal,68,0.30982918241532037,0.012898908278491994,0.05738095582011084,FALSE
average,ica,4,absolute,removed,mean,theta,parieto_occipital,68,0.341879043042495,0.006324476739497147,0.03497804489781637,TRUE
average,ica,4,absolute,removed,sd,alpha,centro_temporal,68,0.1605107628918134,0.190132740746595,0.3699879741353609,FALSE
average,ica,4,absolute,removed,sd,alpha,frontal,68,0.21416923024580967,0.08193713758065607,0.21223956756401785,FALSE
average,ica,4,absolute,removed,sd,alpha,parieto_occipital,68,0.26354531120180724,0.03330092668452266,0.11519039408311754,FALSE
average,ica,4,absolute,removed,sd,beta,centro_temporal,68,0.18070171611850253,0.14088960099450873,0.30860775699529575,FALSE
average,ica,4,absolute,removed,sd,beta,frontal,68,0.24705352281489598,0.045577427185187556,0.14365310936419481,FALSE
average,ica,4,absolute,removed,sd,beta,parieto_occipital,68,-0.05469920806736974,0.6534019426408348,0.7913455870515217,FALSE
average,ica,4,absolute,removed,sd,theta,centro_temporal,68,0.6170347407272946,3.1351865041188817e-6,2.487674515921268e-4,TRUE
average,ica,4,absolute,removed,sd,theta,frontal,68,0.630490985246864,2.053220385388239e-6,1.900695442473684e-4,TRUE
average,ica,4,absolute,removed,sd,theta,parieto_occipital,68,0.6396410701248483,1.5367832845316883e-6,1.825149995169217e-4,TRUE
average,ica,4,absolute,retained,cv,alpha,centro_temporal,68,0.09063237726622173,0.4574530189515116,0.6377114871579337,FALSE
average,ica,4,absolute,retained,cv,alpha,frontal,68,0.2593750357669533,0.03609537918141317,0.12203376891942123,FALSE
average,ica,4,absolute,retained,cv,alpha,parieto_occipital,68,0.10211557518458285,0.4027464424769769,0.5893406730713159,FALSE
average,ica,4,absolute,retained,cv,beta,centro_temporal,68,0.27634987477535605,0.025869364707479612,0.09588187796251738,FALSE
average,ica,4,absolute,retained,cv,beta,frontal,68,0.2467441701901065,0.04584082847868467,0.14419833424362943,FALSE
average,ica,4,absolute,retained,cv,beta,parieto_occipital,68,0.5345549292958863,3.862878429385244e-5,0.0011464787277442618,TRUE
average,ica,4,absolute,retained,cv,theta,centro_temporal,68,0.34825116314641447,0.00546034959118754,0.03173369089766391,TRUE
average,ica,4,absolute,retained,cv,theta,frontal,68,0.16633320620632697,0.17475811645731842,0.35285119235546974,FALSE
average,ica,4,absolute,retained,cv,theta,parieto_occipital,68,0.4753258570201475,2.109305569267332e-4,0.0034603291364183066,TRUE
average,ica,4,absolute,retained,mean,alpha,centro_temporal,68,-0.04498776976347531,0.7118238703568955,0.8318518809581034,FALSE
average,ica,4,absolute,retained,mean,alpha,frontal,68,0.01301992208315093,0.9148202537732105,0.9525498518131341,FALSE
average,ica,4,absolute,retained,mean,alpha,parieto_occipital,68,-0.16140335182329832,0.18771178046407988,0.36765801321270686,FALSE
average,ica,4,absolute,retained,mean,beta,centro_temporal,68,0.21260483960043314,0.08414429122115295,0.2164190267769692,FALSE
average,ica,4,absolute,retained,mean,beta,frontal,68,0.3117160320179636,0.012384190348715723,0.05579343230105067,FALSE
average,ica,4,absolute,retained,mean,beta,parieto_occipital,68,0.03945968989611162,0.7458976919831489,0.8539606084895415,FALSE
average,ica,4,absolute,retained,mean,theta,centro_temporal,68,0.6555466296317872,9.255364953319694e-7,1.7135647113574747e-4,TRUE
average,ica,4,absolute,retained,mean,theta,frontal,68,0.28016391450823785,0.0239594523565095,0.09035339550156056,FALSE
average,ica,4,absolute,retained,mean,theta,parieto_occipital,68,0.13497781327052552,0.2696620666671566,0.46411957290920974,FALSE
average,ica,4,absolute,retained,sd,alpha,centro_temporal,68,0.04355522264354222,0.720600689295096,0.8364066414871676,FALSE
average,ica,4,absolute,retained,sd,alpha,frontal,68,0.0969537475073648,0.4268253383991003,0.6097457751675093,FALSE
average,ica,4,absolute,retained,sd,alpha,parieto_occipital,68,-0.11859595608255259,0.3316085634785936,0.524549531322935,FALSE
average,ica,4,absolute,retained,sd,beta,centro_temporal,68,0.2818746995450681,0.023144151280292152,0.08813365345521634,FALSE
average,ica,4,absolute,retained,sd,beta,frontal,68,0.467491275217798,2.620003209555726e-4,0.003858550181345705,TRUE
average,ica,4,absolute,retained,sd,beta,parieto_occipital,68,0.3373156618789854,0.007018814052343029,0.03738239593905438,TRUE
average,ica,4,absolute,retained,sd,theta,centro_temporal,68,0.47949187898382883,1.878159947755851e-4,0.003304201754241968,TRUE
average,ica,4,absolute,retained,sd,theta,frontal,68,0.2692486459427813,0.02978649879953512,0.10599010846585055,FALSE
average,ica,4,absolute,retained,sd,theta,parieto_occipital,68,0.2148386323351398,0.08100747521913099,0.21095583633756282,FALSE
average,ica,4,rel_1_30,removed,cv,alpha,centro_temporal,68,0.24519300583387943,0.04718143847470394,0.14637553915285167,FALSE
average,ica,4,rel_1_30,removed,cv,alpha,frontal,68,0.2968145094332812,0.017008391440394434,0.06960907991605637,FALSE
average,ica,4,rel_1_30,removed,cv,alpha,parieto_occipital,68,0.32851589392610103,0.008558894638200806,0.04266279788887786,TRUE
average,ica,4,rel_1_30,removed,cv,beta,centro_temporal,68,0.1713157778641586,0.1623707187263753,0.3372982983121193,FALSE
average,ica,4,rel_1_30,removed,cv,beta,frontal,68,0.3509849057355578,0.005124161498367462,0.030458499188508868,TRUE
average,ica,4,rel_1_30,removed,cv,beta,parieto_occipital,68,0.27331851031779747,0.02748211271646456,0.10030768766363575,FALSE
average,ica,4,rel_1_30,removed,cv,theta,centro_temporal,68,-0.04542762911297882,0.7091367249283312,0.8301158470671516,FALSE
average,ica,4,rel_1_30,removed,cv,theta,frontal,68,0.16450857674978606,0.1794706530687935,0.3585724044868804,FALSE
average,ica,4,rel_1_30,removed,cv,theta,parieto_occipital,68,-0.04383595504167818,0.7188777078008322,0.8362495922638243,FALSE
average,ica,4,rel_1_30,removed,mean,alpha,centro_temporal,68,-0.131392457797165,0.28247479550956495,0.4768951804727141,FALSE
average,ica,4,rel_1_30,removed,mean,alpha,frontal,68,-0.046641597009350035,0.7017397378849008,0.8246030771337824,FALSE
average,ica,4,rel_1_30,removed,mean,alpha,parieto_occipital,68,-0.06284814996662991,0.6059848194305447,0.7555789390110385,FALSE
average,ica,4,rel_1_30,removed,mean,beta,centro_temporal,68,-0.12229548330453223,0.31685505578561235,0.5103742070958757,FALSE
average,ica,4,rel_1_30,removed,mean,beta,frontal,68,-0.13857411137761286,0.2572254454555641,0.4494797896320149,FALSE
average,ica,4,rel_1_30,removed,mean,beta,parieto_occipital,68,-0.21668017064290923,0.07849504307239906,0.2064734779036218,FALSE
average,ica,4,rel_1_30,removed,mean,theta,centro_temporal,68,0.5306925390838291,4.327816170167511e-5,0.0012544839163813948,TRUE
average,ica,4,rel_1_30,removed,mean,theta,frontal,68,0.32482035958301897,0.009293286987893506,0.045795056792053174,TRUE
average,ica,4,rel_1_30,removed,mean,theta,parieto_occipital,68,0.44353111038311205,5.023187842154331e-4,0.0061415579655018995,TRUE
average,ica,4,rel_1_30,removed,sd,alpha,centro_temporal,68,0.24774901774544686,0.04498999883612188,0.14206991630168725,FALSE
average,ica,4,rel_1_30,removed,sd,alpha,frontal,68,0.29960890858155326,0.016038069076414214,0.0671939790615285,FALSE
average,ica,4,rel_1_30,removed,sd,alpha,parieto_occipital,68,0.3495147455349512,0.005302504351016278,0.03108033677593338,TRUE
average,ica,4,rel_1_30,removed,sd,beta,centro_temporal,68,0.19687522598496093,0.10918406909497985,0.2622036199143185,FALSE
average,ica,4,rel_1_30,removed,sd,beta,frontal,68,0.35419689412233984,0.004753638713361556,0.02915165192042544,TRUE
average,ica,4,rel_1_30,removed,sd,beta,parieto_occipital,68,0.20975508769721604,0.08829131760070111,0.22465748876408764,FALSE
average,ica,4,rel_1_30,removed,sd,theta,centro_temporal,68,0.6084776859287442,4.0962050604383065e-6,2.895644595451661e-4,TRUE
average,ica,4,rel_1_30,removed,sd,theta,frontal,68,0.5197078005550675,5.9663668242019555e-5,0.0015161590988560262,TRUE
average,ica,4,rel_1_30,removed,sd,theta,parieto_occipital,68,0.6205670598144171,2.8064080577501674e-6,2.4564344999609814e-4,TRUE
average,ica,4,rel_1_30,retained,cv,alpha,centro_temporal,68,0.20605993015096727,0.09391797979304792,0.2349762583239191,FALSE
average,ica,4,rel_1_30,retained,cv,alpha,frontal,68,0.21426533740873185,0.08180312286989834,0.21217514457515993,FALSE
average,ica,4,rel_1_30,retained,cv,alpha,parieto_occipital,68,0.26849704806989994,0.03023016737616408,0.1069471253489772,FALSE
average,ica,4,rel_1_30,retained,cv,beta,centro_temporal,68,0.2934953309464975,0.018229143908035005,0.07352169244236524,FALSE
average,ica,4,rel_1_30,retained,cv,beta,frontal,68,0.09752515905196042,0.42411829951676927,0.6080280046169613,FALSE
average,ica,4,rel_1_30,retained,cv,beta,parieto_occipital,68,0.18940812212049177,0.12302308945161393,0.281030418206742,FALSE
average,ica,4,rel_1_30,retained,cv,theta,centro_temporal,68,0.5587495461765718,1.8793188931744914e-5,7.61124151735669e-4,TRUE
average,ica,4,rel_1_30,retained,cv,theta,frontal,68,0.5162987201214503,6.587167887567861e-5,0.0015809202930162866,TRUE
average,ica,4,rel_1_30,retained,cv,theta,parieto_occipital,68,0.47716246973959514,2.0042221772913397e-4,0.0033733401841163327,TRUE
average,ica,4,rel_1_30,retained,mean,alpha,centro_temporal,68,-0.2329510575295598,0.05899266208805226,0.1690938932707265,FALSE
average,ica,4,rel_1_30,retained,mean,alpha,frontal,68,-0.12547588582431177,0.304529008152892,0.498657818410132,FALSE
average,ica,4,rel_1_30,retained,mean,alpha,parieto_occipital,68,-0.1691482965679098,0.16767356527974647,0.345073081287365,FALSE
average,ica,4,rel_1_30,retained,mean,beta,centro_temporal,68,-0.04999410365975754,0.681463566522521,0.80798432651929,FALSE
average,ica,4,rel_1_30,retained,mean,beta,frontal,68,0.1069276651422776,0.38106544731722913,0.5713777320360149,FALSE
average,ica,4,rel_1_30,retained,mean,beta,parieto_occipital,68,-0.1370521793923712,0.26243799349359415,0.4553141091937055,FALSE
average,ica,4,rel_1_30,retained,mean,theta,centro_temporal,68,0.40535111541904795,0.0013611310919720142,0.0123646674896897,TRUE
average,ica,4,rel_1_30,retained,mean,theta,frontal,68,0.23387395657346333,0.05802209564551033,0.16735156370159063,FALSE
average,ica,4,rel_1_30,retained,mean,theta,parieto_occipital,68,0.27178703613258515,0.028330119219627563,0.10265377775015094,FALSE
average,ica,4,rel_1_30,retained,sd,alpha,centro_temporal,68,0.030459441742644672,0.8024475728560652,0.8912674371669874,FALSE
average,ica,4,rel_1_30,retained,sd,alpha,frontal,68,0.05069828176712887,0.6772337819350331,0.8062007953881977,FALSE
average,ica,4,rel_1_30,retained,sd,alpha,parieto_occipital,68,0.13006660255517927,0.28731814442700837,0.48171321497723524,FALSE
average,ica,4,rel_1_30,retained,sd,beta,centro_temporal,68,0.1671460638326484,0.1726893766081734,0.3507313457934963,FALSE
average,ica,4,rel_1_30,retained,sd,beta,frontal,68,0.29857518900030455,0.016391062977166637,0.06781624257100505,FALSE
average,ica,4,rel_1_30,retained,sd,beta,parieto_occipital,68,0.1098891307612054,0.3680938006780373,0.5588241690887189,FALSE
average,ica,4,rel_1_30,retained,sd,theta,centro_temporal,68,0.6694699128622369,5.917530549600362e-7,1.612669420976097e-4,TRUE
average,ica,4,rel_1_30,retained,sd,theta,frontal,68,0.6349387135026425,1.7838400158546873e-6,1.825149995169217e-4,TRUE
average,ica,4,rel_1_30,retained,sd,theta,parieto_occipital,68,0.5740313273473737,1.183601136970494e-5,5.7523015256766e-4,TRUE
average,ica,4,rel_4_30,removed,cv,alpha,centro_temporal,68,0.24507370805093828,0.04728592519958377,0.14637553915285167,FALSE
average,ica,4,rel_4_30,removed,cv,alpha,frontal,68,0.3011690431954714,0.015518245226442962,0.06586783563363562,FALSE
average,ica,4,rel_4_30,removed,cv,alpha,parieto_occipital,68,0.33745017992179677,0.0069973830211496136,0.03731937611279794,TRUE
average,ica,4,rel_4_30,removed,cv,beta,centro_temporal,68,0.1936079927797016,0.11507627176710278,0.2718205009905805,FALSE
average,ica,4,rel_4_30,removed,cv,beta,frontal,68,0.39261410220773524,0.00187601467375048,0.01500811739000384,TRUE
average,ica,4,rel_4_30,removed,cv,beta,parieto_occipital,68,0.29414370518266886,0.01798468870516264,0.07291394127807335,FALSE
average,ica,4,rel_4_30,removed,cv,theta,centro_temporal,68,-0.08046163876973202,0.5092846616252016,0.6811292015960179,FALSE
average,ica,4,rel_4_30,removed,cv,theta,frontal,68,0.14903084899675217,0.22339324907163582,0.4091158513379746,FALSE
average,ica,4,rel_4_30,removed,cv,theta,parieto_occipital,68,-0.06044749783733468,0.6197903308516841,0.76499835122265,FALSE
average,ica,4,rel_4_30,removed,mean,alpha,centro_temporal,68,-0.13662136561525756,0.26392696658762915,0.4572852255315072,FALSE
average,ica,4,rel_4_30,removed,mean,alpha,frontal,68,-0.06026544144982584,0.6208429872455534,0.7660544380865476,FALSE
average,ica,4,rel_4_30,removed,mean,alpha,parieto_occipital,68,-0.08125558155016507,0.5051283920147788,0.6772204097080896,FALSE
average,ica,4,rel_4_30,removed,mean,beta,centro_temporal,68,-0.09605803548820421,0.4310894004219902,0.6134976533091866,FALSE
average,ica,4,rel_4_30,removed,mean,beta,frontal,68,-0.10773967570514813,0.3774804727591995,0.567130186651714,FALSE
average,ica,4,rel_4_30,removed,mean,beta,parieto_occipital,68,-0.18523398499667096,0.1313494853038248,0.29423062929293514,FALSE
average,ica,4,rel_4_30,removed,mean,theta,centro_temporal,68,0.5477925403340483,2.6090916237639005e-5,9.5531573733349e-4,TRUE
average,ica,4,rel_4_30,removed,mean,theta,frontal,68,0.3140452906103979,0.011774473072422164,0.053677012278427944,FALSE
average,ica,4,rel_4_30,removed,mean,theta,parieto_occipital,68,0.45300338925584893,3.8922445688282267e-4,0.0051152226761741245,TRUE
average,ica,4,rel_4_30,removed,sd,alpha,centro_temporal,68,0.25882641704356285,0.03647781146579402,0.12289924694887969,FALSE
average,ica,4,rel_4_30,removed,sd,alpha,frontal,68,0.2992906148281863,0.016146024860307383,0.0673559492026557,FALSE
average,ica,4,rel_4_30,removed,sd,alpha,parieto_occipital,68,0.35154702656126746,0.0050574485882906636,0.030164756077896374,TRUE
average,ica,4,rel_4_30,removed,sd,beta,centro_temporal,68,0.2428017572406573,0.049314110299557054,0.15014350888385108,FALSE
average,ica,4,rel_4_30,removed,sd,beta,frontal,68,0.3897750261466803,0.002013412996333498,0.015878599857494197,TRUE
average,ica,4,rel_4_30,removed,sd,beta,parieto_occipital,68,0.22477989598726578,0.06820211061057352,0.18684912808000712,FALSE
average,ica,4,rel_4_30,removed,sd,theta,centro_temporal,68,0.5894223510034513,7.390243388435754e-6,3.980033721915421e-4,TRUE
average,ica,4,rel_4_30,removed,sd,theta,frontal,68,0.5013681819185581,1.012341256098493e-4,0.002127558272276184,TRUE
average,ica,4,rel_4_30,removed,sd,theta,parieto_occipital,68,0.6116517295352801,3.7100765909067486e-6,2.773995727970277e-4,TRUE
average,ica,4,rel_4_30,retained,cv,alpha,centro_temporal,68,0.2467687344341196,0.045819865197462374,0.14419833424362943,FALSE
average,ica,4,rel_4_30,retained,cv,alpha,frontal,68,0.3655704192539866,0.0036318965185508636,0.024034179410787886,TRUE
average,ica,4,rel_4_30,retained,cv,alpha,parieto_occipital,68,0.2735538651229785,0.02735379635824168,0.10004850445987172,FALSE
average,ica,4,rel_4_30,retained,cv,beta,centro_temporal,68,0.21102994712464387,0.0864157334690077,0.2206069413837833,FALSE
average,ica,4,rel_4_30,retained,cv,beta,frontal,68,0.12784429104217018,0.29556414326188374,0.49004408912673947,FALSE
average,ica,4,rel_4_30,retained,cv,beta,parieto_occipital,68,0.20434509140481424,0.09662734576067432,0.2399023756816742,FALSE
average,ica,4,rel_4_30,retained,cv,theta,centro_temporal,68,0.33689139212829083,0.007086802890381944,0.03759002679100273,TRUE
average,ica,4,rel_4_30,retained,cv,theta,frontal,68,0.3107906362689062,0.012634260983480783,0.0566574471785159,FALSE
average,ica,4,rel_4_30,retained,cv,theta,parieto_occipital,68,0.47095627436509657,2.3809995969622714e-4,0.0036446167059013034,TRUE
average,ica,4,rel_4_30,retained,mean,alpha,centro_temporal,68,-0.20536649430209822,0.09500598106980512,0.23724036891419545,FALSE
average,ica,4,rel_4_30,retained,mean,alpha,frontal,68,-0.16584656629106057,0.17600564627650211,0.3539955638339045,FALSE
average,ica,4,rel_4_30,retained,mean,alpha,parieto_occipital,68,-0.15159735417783732,0.21561042558868612,0.4009356646066803,FALSE
average,ica,4,rel_4_30,retained,mean,beta,centro_temporal,68,-0.07471110917243358,0.53992686294999,0.7049145880287311,FALSE
average,ica,4,rel_4_30,retained,mean,beta,frontal,68,0.06273262337852292,0.6066459512199773,0.7557319635832335,FALSE
average,ica,4,rel_4_30,retained,mean,beta,parieto_occipital,68,-0.15258711442159675,0.21266298220141847,0.398078294843304,FALSE
average,ica,4,rel_4_30,retained,mean,theta,centro_temporal,68,0.3737807104906806,0.002980904762643839,0.020995937893404433,TRUE
average,ica,4,rel_4_30,retained,mean,theta,frontal,68,0.1006172279034139,0.4096487722721084,0.5965222571512949,FALSE
average,ica,4,rel_4_30,retained,mean,theta,parieto_occipital,68,0.33807034734196667,0.006899354625485708,0.03693370783386334,TRUE
average,ica,4,rel_4_30,retained,sd,alpha,centro_temporal,68,0.09742079465126983,0.424611953970389,0.6085113442819285,FALSE
average,ica,4,rel_4_30,retained,sd,alpha,frontal,68,0.1795782921005752,0.14333664274726704,0.31168504865848673,FALSE
average,ica,4,rel_4_30,retained,sd,alpha,parieto_occipital,68,0.16874614993073575,0.16867190468283147,0.3464323113612513,FALSE
average,ica,4,rel_4_30,retained,sd,beta,centro_temporal,68,0.1977638649292798,0.10762437584412597,0.2597415104171085,FALSE
average,ica,4,rel_4_30,retained,sd,beta,frontal,68,0.24089662891737784,0.05107192546419075,0.1542097259609654,FALSE
average,ica,4,rel_4_30,retained,sd,beta,parieto_occipital,68,0.1565165744693412,0.20125469945719768,0.38659993650671176,FALSE
average,ica,4,rel_4_30,retained,sd,theta,centro_temporal,68,0.5414393057077174,3.15152906062473e-5,0.0010210954156424123,TRUE
average,ica,4,rel_4_30,retained,sd,theta,frontal,68,0.40607167799243105,0.0013364080583759923,0.012254609742844003,TRUE
average,ica,4,rel_4_30,retained,sd,theta,parieto_occipital,68,0.6284858053036493,2.1873652194050445e-6,1.9777851100108868e-4,TRUE
average,ica,8,absolute,removed,cv,alpha,centro_temporal,55,0.2906454530226852,0.03559882616562704,0.12088055557376239,FALSE
average,ica,8,absolute,removed,cv,alpha,frontal,55,0.34872937898875656,0.012431992953793563,0.05594396829207103,FALSE
average,ica,8,absolute,removed,cv,alpha,parieto_occipital,55,0.3942902226389802,0.0050393250454110645,0.030142916579320337,TRUE
average,ica,8,absolute,removed,cv,beta,centro_temporal,55,0.30059684343180126,0.029976022716074552,0.10624136401102813,FALSE
average,ica,8,absolute,removed,cv,beta,frontal,55,0.3453076354939276,0.013268892159624065,0.05875791881163823,FALSE
average,ica,8,absolute,removed,cv,beta,parieto_occipital,55,0.3343236700778011,0.016312585929237112,0.06775997232144647,FALSE
average,ica,8,absolute,removed,cv,theta,centro_temporal,55,-0.03219684587309927,0.8121814529421036,0.8978565507645434,FALSE
average,ica,8,absolute,removed,cv,theta,frontal,55,0.15460484654126297,0.2566104148310293,0.4488084988137841,FALSE
average,ica,8,absolute,removed,cv,theta,parieto_occipital,55,0.15193429022064162,0.26482002257098614,0.4580161244466166,FALSE
average,ica,8,absolute,removed,mean,alpha,centro_temporal,55,-0.14106883895122682,0.3001317454508633,0.4948655755250818,FALSE
average,ica,8,absolute,removed,mean,alpha,frontal,55,-0.08483604810070206,0.5318964247073287,0.6993619544342556,FALSE
average,ica,8,absolute,removed,mean,alpha,parieto_occipital,55,-0.07820226578393719,0.5643513814679917,0.727107510287768,FALSE
average,ica,8,absolute,removed,mean,beta,centro_temporal,55,-0.10941292247126902,0.42068225027784156,0.6057061289489747,FALSE
average,ica,8,absolute,removed,mean,beta,frontal,55,-0.11558914955234997,0.3951051853369021,0.5832753148708631,FALSE
average,ica,8,absolute,removed,mean,beta,parieto_occipital,55,-0.37875684809776256,0.006906071397947184,0.03693370783386334,TRUE
average,ica,8,absolute,removed,mean,theta,centro_temporal,55,0.5123955013085201,3.6936480706491957e-4,0.004986424895376414,TRUE
average,ica,8,absolute,removed,mean,theta,frontal,55,0.32122789061872853,0.020756400020584438,0.08151604371720433,FALSE
average,ica,8,absolute,removed,mean,theta,parieto_occipital,55,0.42572561824115607,0.0026059047092582784,0.019106149367968773,TRUE
average,ica,8,absolute,removed,sd,alpha,centro_temporal,55,0.09354742761190944,0.49080249730608516,0.6637356902699336,FALSE
average,ica,8,absolute,removed,sd,alpha,frontal,55,0.07759362423919376,0.5673774973309278,0.728513256550717,FALSE
average,ica,8,absolute,removed,sd,alpha,parieto_occipital,55,0.2689646726328609,0.05113391940253095,0.15423481663075278,FALSE
average,ica,8,absolute,removed,sd,beta,centro_temporal,55,0.26859498727118303,0.05144294359844765,0.15446811479016676,FALSE
average,ica,8,absolute,removed,sd,beta,frontal,55,0.33046319374767247,0.017523821636544423,0.07141783912252067,FALSE
average,ica,8,absolute,removed,sd,beta,parieto_occipital,55,0.10111491814133332,0.45657678000831303,0.6369467243173021,FALSE
average,ica,8,absolute,removed,sd,theta,centro_temporal,55,0.40591151450869917,0.00396216131337694,0.02571766809083396,TRUE
average,ica,8,absolute,removed,sd,theta,frontal,55,0.47958048725426616,7.909196220373799e-4,0.00861371285849113,TRUE
average,ica,8,absolute,removed,sd,theta,parieto_occipital,55,0.644154727938416,1.4032335303266591e-5,6.418555254011824e-4,TRUE
average,ica,8,absolute,retained,cv,alpha,centro_temporal,55,0.11663354543212442,0.3908775764722694,0.5793651741813052,FALSE
average,ica,8,absolute,retained,cv,alpha,frontal,55,0.058867204002336276,0.6641632692046056,0.7974881997120156,FALSE
average,ica,8,absolute,retained,cv,alpha,parieto_occipital,55,0.1379906573092785,0.31069755802687815,0.505151709949776,FALSE
average,ica,8,absolute,retained,cv,beta,centro_temporal,55,0.3860855343328252,0.0059574023238573885,0.03356866700747468,TRUE
average,ica,8,absolute,retained,cv,beta,frontal,55,0.5733263700266993,8.455743883213865e-5,0.0018366442579852238,TRUE
average,ica,8,absolute,retained,cv,beta,parieto_occipital,55,0.46772880756053076,0.001034786916266857,0.010164535339323637,TRUE
average,ica,8,absolute,retained,cv,theta,centro_temporal,55,0.2213310834575633,0.10651930778868907,0.2578748870998898,FALSE
average,ica,8,absolute,retained,cv,theta,frontal,55,0.1147979305265871,0.3983268041672925,0.5858058452974724,FALSE
average,ica,8,absolute,retained,cv,theta,parieto_occipital,55,0.45839052272494474,0.0012757068554587023,0.012020585920499023,TRUE
average,ica,8,absolute,retained,mean,alpha,centro_temporal,55,0.02559945623528171,0.8501380252533935,0.9168756289001926,FALSE
average,ica,8,absolute,retained,mean,alpha,frontal,55,0.07242647195806942,0.5933849021994673,0.7469724074118724,FALSE
average,ica,8,absolute,retained,mean,alpha,parieto_occipital,55,-0.1467895888196147,0.2811559096985902,0.47589646360823634,FALSE
average,ica,8,absolute,retained,mean,beta,centro_temporal,55,0.24569936936923725,0.07397099644603318,0.197526946553693,FALSE
average,ica,8,absolute,retained,mean,beta,frontal,55,0.4466874394241585,0.001653116421450911,0.014146667349662686,TRUE
average,ica,8,absolute,retained,mean,beta,parieto_occipital,55,-0.09085006588732791,0.5033364412866379,0.675602103492778,FALSE
average,ica,8,absolute,retained,mean,theta,centro_temporal,55,0.5317394046969522,2.3317265289986676e-4,0.003626301097898728,TRUE
average,ica,8,absolute,retained,mean,theta,frontal,55,0.3149950111264971,0.023230297576078588,0.08837514381193107,FALSE
average,ica,8,absolute,retained,mean,theta,parieto_occipital,55,0.18794922123758986,0.16906706341977543,0.346714094901499,FALSE
average,ica,8,absolute,retained,sd,alpha,centro_temporal,55,0.002376651542666092,0.9860024023041233,0.9911177246139289,FALSE
average,ica,8,absolute,retained,sd,alpha,frontal,55,0.03766983775561932,0.7810304366842091,0.8773725707758557,FALSE
average,ica,8,absolute,retained,sd,alpha,parieto_occipital,55,-0.1659871992144521,0.22365989170241085,0.4094113271840741,FALSE
average,ica,8,absolute,retained,sd,beta,centro_temporal,55,0.303704139130153,0.02838882431937536,0.10267511530579665,FALSE
average,ica,8,absolute,retained,sd,beta,frontal,55,0.4579070930270192,0.0012895273653937274,0.012037455577557622,TRUE
average,ica,8,absolute,retained,sd,beta,parieto_occipital,55,0.34600659193985434,0.013093889378220596,0.05811534463758183,FALSE
average,ica,8,absolute,retained,sd,theta,centro_temporal,55,0.10408372677956625,0.4435354298329607,0.6236612329248709,FALSE
average,ica,8,absolute,retained,sd,theta,frontal,55,0.2838279972145444,0.03996614686964894,0.13114873640503,FALSE
average,ica,8,absolute,retained,sd,theta,parieto_occipital,55,0.07993913548448885,0.5557599765048695,0.7183493313334218,FALSE
average,ica,8,rel_1_30,removed,cv,alpha,centro_temporal,55,0.3417400539205102,0.014195678911343919,0.0615304343448218,FALSE
average,ica,8,rel_1_30,removed,cv,alpha,frontal,55,0.3502724560442492,0.012070541986329413,0.05469766856269992,FALSE
average,ica,8,rel_1_30,removed,cv,alpha,parieto_occipital,55,0.37102568732733404,0.008056561249281056,0.04089283307729079,TRUE
average,ica,8,rel_1_30,removed,cv,beta,centro_temporal,55,0.16381848252596967,0.22968592940122717,0.41690891387113505,FALSE
average,ica,8,rel_1_30,removed,cv,beta,frontal,55,0.2600210637271953,0.05907381878378243,0.16913034420570403,FALSE
average,ica,8,rel_1_30,removed,cv,beta,parieto_occipital,55,0.30566065941179704,0.027428042100920206,0.10022577790261068,FALSE
average,ica,8,rel_1_30,removed,cv,theta,centro_temporal,55,-0.07493452448855714,0.5806912231970462,0.7373375165872357,FALSE
average,ica,8,rel_1_30,removed,cv,theta,frontal,55,0.10630017117799438,0.4339432575809383,0.6151978869477525,FALSE
average,ica,8,rel_1_30,removed,cv,theta,parieto_occipital,55,0.12474834820042277,0.3589995803668605,0.5506076404206524,FALSE
average,ica,8,rel_1_30,removed,mean,alpha,centro_temporal,55,-0.13469238941758213,0.32229573538089196,0.51482572685329,FALSE
average,ica,8,rel_1_30,removed,mean,alpha,frontal,55,-0.04739425298854277,0.7265921883945486,0.8392722603915642,FALSE
average,ica,8,rel_1_30,removed,mean,alpha,parieto_occipital,55,-0.02886357898587898,0.8313080400635201,0.9073906961726462,FALSE
average,ica,8,rel_1_30,removed,mean,beta,centro_temporal,55,-0.0877495682984562,0.5179557036557674,0.6880122226899978,FALSE
average,ica,8,rel_1_30,removed,mean,beta,frontal,55,-0.11764995234130991,0.38679049190959103,0.5757432743279058,FALSE
average,ica,8,rel_1_30,removed,mean,beta,parieto_occipital,55,-0.22506592398809236,0.10087922624172348,0.24667825888542191,FALSE
average,ica,8,rel_1_30,removed,mean,theta,centro_temporal,55,0.4715578879936325,9.490838684700214e-4,0.009621988098932069,TRUE
average,ica,8,rel_1_30,removed,mean,theta,frontal,55,0.3359501882706202,0.015825297043017144,0.0668919363858777,FALSE
average,ica,8,rel_1_30,removed,mean,theta,parieto_occipital,55,0.49241069472161825,5.890120547709289e-4,0.006918667277792663,TRUE
average,ica,8,rel_1_30,removed,sd,alpha,centro_temporal,55,0.22774413758400028,0.09698725812515713,0.24056510917523632,FALSE
average,ica,8,rel_1_30,removed,sd,alpha,frontal,55,0.2135987694854822,0.11901264697482053,0.2760866178031636,FALSE
average,ica,8,rel_1_30,removed,sd,alpha,parieto_occipital,55,0.39747838177921246,0.004719464105893876,0.029079677406838967,TRUE
average,ica,8,rel_1_30,removed,sd,beta,centro_temporal,55,0.21815783221211416,0.11151085938944125,0.2663109467482479,FALSE
average,ica,8,rel_1_30,removed,sd,beta,frontal,55,0.26350476599786915,0.05586394528968537,0.16332540352258992,FALSE
average,ica,8,rel_1_30,removed,sd,beta,parieto_occipital,55,0.30733506797318544,0.02662880883174598,0.09804243251688292,FALSE
average,ica,8,rel_1_30,removed,sd,theta,centro_temporal,55,0.40936093910949933,0.0036863983328249725,0.024292740200039818,TRUE
average,ica,8,rel_1_30,removed,sd,theta,frontal,55,0.4679356424924947,0.0010299753331008317,0.010163817500243741,TRUE
average,ica,8,rel_1_30,removed,sd,theta,parieto_occipital,55,0.6473704910243386,1.2910698271894933e-5,6.121560351357012e-4,TRUE
average,ica,8,rel_1_30,retained,cv,alpha,centro_temporal,55,0.21269689042988912,0.12054380010133299,0.27847551681163557,FALSE
average,ica,8,rel_1_30,retained,cv,alpha,frontal,55,0.002323535775730308,0.9863152026106188,0.9911177246139289,FALSE
average,ica,8,rel_1_30,retained,cv,alpha,parieto_occipital,55,0.3325330793368521,0.01686466513887888,0.0692395122069283,FALSE
average,ica,8,rel_1_30,retained,cv,beta,centro_temporal,55,0.19646802647369976,0.15089453240512624,0.3212913154387354,FALSE
average,ica,8,rel_1_30,retained,cv,beta,frontal,55,0.07887889155721829,0.5609966550530868,0.7239147012434124,FALSE
average,ica,8,rel_1_30,retained,cv,beta,parieto_occipital,55,0.22184612480405258,0.1057265785023705,0.2561152256805087,FALSE
average,ica,8,rel_1_30,retained,cv,theta,centro_temporal,55,0.3775275853730118,0.007078236153955593,0.03759002679100273,TRUE
average,ica,8,rel_1_30,retained,cv,theta,frontal,55,0.4192064638046727,0.0029947712240334236,0.021017455810545038,TRUE
average,ica,8,rel_1_30,retained,cv,theta,parieto_occipital,55,0.39445301860835974,0.005022515716943568,0.030135094301661405,TRUE
average,ica,8,rel_1_30,retained,mean,alpha,centro_temporal,55,-0.19689496928913944,0.15002565898700698,0.3196163080227305,FALSE
average,ica,8,rel_1_30,retained,mean,alpha,frontal,55,-0.12279647288462808,0.3665097471861699,0.558162905232992,FALSE
average,ica,8,rel_1_30,retained,mean,alpha,parieto_occipital,55,-0.12252577344457131,0.36755920718424084,0.5588241690887189,FALSE
average,ica,8,rel_1_30,retained,mean,beta,centro_temporal,55,-0.03094385527474897,0.8193583942650153,0.9006687692684139,FALSE
average,ica,8,rel_1_30,retained,mean,beta,frontal,55,0.12304005273043274,0.3655670692299897,0.5576477215291128,FALSE
average,ica,8,rel_1_30,retained,mean,beta,parieto_occipital,55,-0.27970685767296855,0.04282693687668732,0.13693349553993445,FALSE
average,ica,8,rel_1_30,retained,mean,theta,centro_temporal,55,0.3948307244632818,0.004983716565856834,0.03004137985744398,TRUE
average,ica,8,rel_1_30,retained,mean,theta,frontal,55,0.2819568106473306,0.04124375512612217,0.13314982774654505,FALSE
average,ica,8,rel_1_30,retained,mean,theta,parieto_occipital,55,0.33234363655173105,0.016924049859679425,0.06933688709634732,FALSE
average,ica,8,rel_1_30,retained,sd,alpha,centro_temporal,55,0.002211557872141246,0.9869746507885665,0.9911177246139289,FALSE
average,ica,8,rel_1_30,retained,sd,alpha,frontal,55,-0.11025301735245606,0.4171455992351707,0.6025743582854232,FALSE
average,ica,8,rel_1_30,retained,sd,alpha,parieto_occipital,55,0.12490917216488995,0.3583852474547221,0.5500994244389892,FALSE
average,ica,8,rel_1_30,retained,sd,beta,centro_temporal,55,0.14615692161233132,0.28321236663762445,0.4777883918336203,FALSE
average,ica,8,rel_1_30,retained,sd,beta,frontal,55,0.2772185666033911,0.044639071946303975,0.1412509404710805,FALSE
average,ica,8,rel_1_30,retained,sd,beta,parieto_occipital,55,0.11319699602391464,0.40489492403741256,0.5919629890104408,FALSE
average,ica,8,rel_1_30,retained,sd,theta,centro_temporal,55,0.5031686031497102,4.58681756383167e-4,0.0057527569961863005,TRUE
average,ica,8,rel_1_30,retained,sd,theta,frontal,55,0.5593363421919036,1.1938239802065378e-4,0.0023681569566546016,TRUE
average,ica,8,rel_1_30,retained,sd,theta,parieto_occipital,55,0.5768132328375839,7.754968509885703e-5,0.0017229324323677492,TRUE
average,ica,8,rel_4_30,removed,cv,alpha,centro_temporal,55,0.3533618083256142,0.011375511835688431,0.05246499408915376,FALSE
average,ica,8,rel_4_30,removed,cv,alpha,frontal,55,0.36111162856354834,0.009789736958323247,0.04711572377631204,TRUE
average,ica,8,rel_4_30,removed,cv,alpha,parieto_occipital,55,0.3771169844334449,0.007136619757259237,0.037767544153494606,TRUE
average,ica,8,rel_4_30,removed,cv,beta,centro_temporal,55,0.1704525070284114,0.21162013020470694,0.3974778097757974,FALSE
average,ica,8,rel_4_30,removed,cv,beta,frontal,55,0.24044178877847294,0.080180337806705207,0.20964435332378606,FALSE
average,ica,8,rel_4_30,removed,cv,beta,parieto_occipital,55,0.33086184548927694,0.01739509372767158,0.0711168500664428,FALSE
average,ica,8,rel_4_30,removed,cv,theta,centro_temporal,55,-0.10401259288363879,0.44384532703269486,0.6236612329248709,FALSE
average,ica,8,rel_4_30,removed,cv,theta,frontal,55,0.0841960959542443,0.5349844706402587,0.702234848699975,FALSE
average,ica,8,rel_4_30,removed,cv,theta,parieto_occipital,55,0.11768245607198777,0.3866602345706236,0.5757432743279058,FALSE
average,ica,8,rel_4_30,removed,mean,alpha,centro_temporal,55,-0.15213773823976692,0.2641881248578049,0.45733011106284305,FALSE
average,ica,8,rel_4_30,removed,mean,alpha,frontal,55,-0.07112003753630453,0.6000483364445461,0.7521501756249088,FALSE
average,ica,8,rel_4_30,removed,mean,alpha,parieto_occipital,55,-0.05172025471397843,0.7028049418430546,0.8250318882505425,FALSE
average,ica,8,rel_4_30,removed,mean,beta,centro_temporal,55,-0.06050458820358335,0.6554334809136794,0.7918972572381557,FALSE
average,ica,8,rel_4_30,removed,mean,beta,frontal,55,-0.10815712117492708,0.4260025713114921,0.609381161611141,FALSE
average,ica,8,rel_4_30,removed,mean,beta,parieto_occipital,55,-0.2176164168634185,0.11238116854190021,0.267077006901533,FALSE
average,ica,8,rel_4_30,removed,mean,theta,centro_temporal,55,0.48313871484880766,7.291237835671395e-4,0.008053503609400676,TRUE
average,ica,8,rel_4_30,removed,mean,theta,frontal,55,0.31772701438034956,0.022115225937724643,0.08496442534177215,FALSE
average,ica,8,rel_4_30,removed,mean,theta,parieto_occipital,55,0.4871982351263604,6.642518895242653e-4,0.007573640312229746,TRUE
average,ica,8,rel_4_30,removed,sd,alpha,centro_temporal,55,0.2684877590197201,0.05153287698763391,0.15459863096290172,FALSE
average,ica,8,rel_4_30,removed,sd,alpha,frontal,55,0.24208174881721456,0.0781983751953803,0.20601155907967372,FALSE
average,ica,8,rel_4_30,removed,sd,alpha,parieto_occipital,55,0.3995017851585166,0.004526367874964047,0.028338998869340125,TRUE
average,ica,8,rel_4_30,removed,sd,beta,centro_temporal,55,0.24710661112222937,0.07237925312456339,0.1945684536524152,FALSE
average,ica,8,rel_4_30,removed,sd,beta,frontal,55,0.25620218146586726,0.06277203053815612,0.17586483814186388,FALSE
average,ica,8,rel_4_30,removed,sd,beta,parieto_occipital,55,0.3392229794177376,0.014884475013469997,0.06394567828991309,FALSE
average,ica,8,rel_4_30,removed,sd,theta,centro_temporal,55,0.413476561488487,0.0033808566690623626,0.0228064700165305,TRUE
average,ica,8,rel_4_30,removed,sd,theta,frontal,55,0.44593154058903045,0.0016808149296891409,0.014268577394391658,TRUE
average,ica,8,rel_4_30,removed,sd,theta,parieto_occipital,55,0.6394266087616702,1.5856801057815775e-5,6.850138056976416e-4,TRUE
average,ica,8,rel_4_30,retained,cv,alpha,centro_temporal,55,0.30501990603409335,0.02773947165413217,0.10098414399931262,FALSE
average,ica,8,rel_4_30,retained,cv,alpha,frontal,55,0.28647679604464377,0.038216661543448785,0.12678018778236252,FALSE
average,ica,8,rel_4_30,retained,cv,alpha,parieto_occipital,55,0.3329886034181102,0.016722640548374933,0.06892783915357545,FALSE
average,ica,8,rel_4_30,retained,cv,beta,centro_temporal,55,0.1105342177927359,0.41596583162716805,0.6023371148478321,FALSE
average,ica,8,rel_4_30,retained,cv,beta,frontal,55,0.05628484619919431,0.6780265259037768,0.8062007953881977,FALSE
average,ica,8,rel_4_30,retained,cv,beta,parieto_occipital,55,0.1740125371756077,0.2023715432770063,0.3874054949586413,FALSE
average,ica,8,rel_4_30,retained,cv,theta,centro_temporal,55,0.37588155383667565,0.007314976531800775,0.038278100613245505,TRUE
average,ica,8,rel_4_30,retained,cv,theta,frontal,55,0.3394323000221018,0.014826061250320354,0.06383283213213224,FALSE
average,ica,8,rel_4_30,retained,cv,theta,parieto_occipital,55,0.5566136882360151,1.2761706029520807e-4,0.002480875652138845,TRUE
average,ica,8,rel_4_30,retained,mean,alpha,centro_temporal,55,-0.19813630439933677,0.1475216848055687,0.31734512963512584,FALSE
average,ica,8,rel_4_30,retained,mean,alpha,frontal,55,-0.17990678348926184,0.1877297909127385,0.36765801321270686,FALSE
average,ica,8,rel_4_30,retained,mean,alpha,parieto_occipital,55,-0.11233871304178361,0.4084434371808705,0.595436101896972,FALSE
average,ica,8,rel_4_30,retained,mean,beta,centro_temporal,55,-0.0709732983765987,0.600798944982058,0.7525471321167015,FALSE
average,ica,8,rel_4_30,retained,mean,beta,frontal,55,0.06671131086019455,0.622787606743451,0.7673480134109816,FALSE
average,ica,8,rel_4_30,retained,mean,beta,parieto_occipital,55,-0.26858699498962413,0.05144964214332972,0.15446811479016676,FALSE
average,ica,8,rel_4_30,retained,mean,theta,centro_temporal,55,0.35653085133215645,0.010700671937206238,0.050307391163068746,FALSE
average,ica,8,rel_4_30,retained,mean,theta,frontal,55,0.12121215119540259,0.37267920464254534,0.5631468121454397,FALSE
average,ica,8,rel_4_30,retained,mean,theta,parieto_occipital,55,0.40510729820879904,0.0040291647378992886,0.02606554492670954,TRUE
average,ica,8,rel_4_30,retained,sd,alpha,centro_temporal,55,0.07324185421136181,0.5892437975867717,0.7450114635652565,FALSE
average,ica,8,rel_4_30,retained,sd,alpha,frontal,55,0.055616539501960736,0.6816328680512529,0.80798432651929,FALSE
average,ica,8,rel_4_30,retained,sd,alpha,parieto_occipital,55,0.18068918304121723,0.18584823579570836,0.3658622484930198,FALSE
average,ica,8,rel_4_30,retained,sd,beta,centro_temporal,55,0.11745406578547338,0.3875760816732523,0.5762507860595047,FALSE
average,ica,8,rel_4_30,retained,sd,beta,frontal,55,0.17371341441974636,0.20313679057850045,0.3882968740261602,FALSE
average,ica,8,rel_4_30,retained,sd,beta,parieto_occipital,55,0.13637454751222342,0.3163446919648431,0.5103742070958757,FALSE
average,ica,8,rel_4_30,retained,sd,theta,centro_temporal,55,0.52690156602743,2.617956486098564e-4,0.003858550181345705,TRUE
average,ica,8,rel_4_30,retained,sd,theta,frontal,55,0.42642495364294486,0.002567131407819098,0.018903422184849722,TRUE
average,ica,8,rel_4_30,retained,sd,theta,parieto_occipital,55,0.7244849300642522,1.6879743472806417e-6,1.825149995169217e-4,TRUE
average,ica,10,absolute,removed,cv,alpha,centro_temporal,52,0.13072532324226355,0.35029208797030664,0.5419560835768215,FALSE
average,ica,10,absolute,removed,cv,alpha,frontal,52,0.2658964752771238,0.06079550245533383,0.17228346468391978,FALSE
average,ica,10,absolute,removed,cv,alpha,parieto_occipital,52,0.1907573883799701,0.17496630925425682,0.35285119235546974,FALSE
average,ica,10,absolute,removed,cv,beta,centro_temporal,52,0.14934881237163544,0.2865619337991311,0.48086007708719103,FALSE
average,ica,10,absolute,removed,cv,beta,frontal,52,0.31867970027471954,0.02569482971195176,0.09550812420656639,FALSE
average,ica,10,absolute,removed,cv,beta,parieto_occipital,52,0.4292420010238256,0.0031900265023926252,0.021951899188146065,TRUE
average,ica,10,absolute,removed,cv,theta,centro_temporal,52,-0.0012316380251058017,0.992948358218459,0.9949956744209713,FALSE
average,ica,10,absolute,removed,cv,theta,frontal,52,0.26450699058658067,0.062109671341375156,0.17461149774011936,FALSE
average,ica,10,absolute,removed,cv,theta,parieto_occipital,52,0.23508041504433372,0.0961376341004218,0.23901724504848756,FALSE
average,ica,10,absolute,removed,mean,alpha,centro_temporal,52,-0.10940413823962503,0.4338084223256947,0.6151978869477525,FALSE
average,ica,10,absolute,removed,mean,alpha,frontal,52,-0.11953729483373979,0.39272499123927607,0.5814603069071993,FALSE
average,ica,10,absolute,removed,mean,alpha,parieto_occipital,52,0.0067108473975541864,0.9615923676139692,0.9781975733341476,FALSE
average,ica,10,absolute,removed,mean,beta,centro_temporal,52,-0.12094614880315557,0.3872113707300068,0.5760939187770251,FALSE
average,ica,10,absolute,removed,mean,beta,frontal,52,-0.08834614375498537,0.5269268005125134,0.6951786224610288,FALSE
average,ica,10,absolute,removed,mean,beta,parieto_occipital,52,-0.3880810770092336,0.0072285924127640485,0.03813401261984616,TRUE
average,ica,10,absolute,removed,mean,theta,centro_temporal,52,0.6410314469488463,2.6166346715200648e-5,9.5531573733349e-4,TRUE
average,ica,10,absolute,removed,mean,theta,frontal,52,0.4143075635616588,0.004315074922148017,0.02750329720870736,TRUE
average,ica,10,absolute,removed,mean,theta,parieto_occipital,52,0.4997429841733996,7.116538970820544e-4,0.007905458148157221,TRUE
average,ica,10,absolute,removed,sd,alpha,centro_temporal,52,0.031848097640337206,0.819274669973551,0.9006687692684139,FALSE
average,ica,10,absolute,removed,sd,alpha,frontal,52,0.052516171883925926,0.7064829998363249,0.8276004529568037,FALSE
average,ica,10,absolute,removed,sd,alpha,parieto_occipital,52,0.17007877394628373,0.22565979245926185,0.411908578911554,FALSE
average,ica,10,absolute,removed,sd,beta,centro_temporal,52,0.09967289823746865,0.4755743724777176,0.652298853029027,FALSE
average,ica,10,absolute,removed,sd,beta,frontal,52,0.2828489102215073,0.04658140662450203,0.14563086198893097,FALSE
average,ica,10,absolute,removed,sd,beta,parieto_occipital,52,0.1910662305434966,0.17428154917129426,0.35236955963494127,FALSE
average,ica,10,absolute,removed,sd,theta,centro_temporal,52,0.5036257711227852,6.530740136970591e-4,0.007468093427218135,TRUE
average,ica,10,absolute,removed,sd,theta,frontal,52,0.5929980006794437,8.345075318484112e-5,0.0018227894852958554,TRUE
average,ica,10,absolute,removed,sd,theta,parieto_occipital,52,0.7037743130969878,5.506989448999897e-6,3.4534153189857416e-4,TRUE
average,ica,10,absolute,retained,cv,alpha,centro_temporal,52,-0.017335883505898774,0.9010064419098456,0.9441768163545919,FALSE
average,ica,10,absolute,retained,cv,alpha,frontal,52,0.061023150996639186,0.661764422633416,0.7958744148222247,FALSE
average,ica,10,absolute,retained,cv,alpha,parieto_occipital,52,-0.035897592296692524,0.7967842758459794,0.8886681768471508,FALSE
average,ica,10,absolute,retained,cv,beta,centro_temporal,52,0.28034193979816385,0.04848278966273733,0.1487005006541702,FALSE
average,ica,10,absolute,retained,cv,beta,frontal,52,0.4651097732336225,0.0015089494815476879,0.013183810301702048,TRUE
average,ica,10,absolute,retained,cv,beta,parieto_occipital,52,0.501266240752328,6.880970012261471e-4,0.007756436414921974,TRUE
average,ica,10,absolute,retained,cv,theta,centro_temporal,52,0.2783518817091565,0.050039553479323526,0.1517580217844071,FALSE
average,ica,10,absolute,retained,cv,theta,frontal,52,0.0878373575621294,0.5293001221172184,0.6980728883282719,FALSE
average,ica,10,absolute,retained,cv,theta,parieto_occipital,52,0.5171354408250828,4.8316605570505416e-4,0.005982642116500798,TRUE
average,ica,10,absolute,retained,mean,alpha,centro_temporal,52,0.03947095588593365,0.777080884657253,0.8744690244710274,FALSE
average,ica,10,absolute,retained,mean,alpha,frontal,52,0.05290954144519021,0.7043904870585352,0.825895721858741,FALSE
average,ica,10,absolute,retained,mean,alpha,parieto_occipital,52,-0.09862081071467538,0.48022223452303814,0.654936339038558,FALSE
average,ica,10,absolute,retained,mean,beta,centro_temporal,52,0.24019695101338392,0.08930328611568315,0.2263436612892934,FALSE
average,ica,10,absolute,retained,mean,beta,frontal,52,0.5612221526044826,1.763039871820872e-4,0.0031882321030881635,TRUE
average,ica,10,absolute,retained,mean,beta,parieto_occipital,52,-0.1099236481412866,0.43164176267746557,0.6135601188405893,FALSE
average,ica,10,absolute,retained,mean,theta,centro_temporal,52,0.7280881820180702,2.9783432337759215e-6,2.4564344999609814e-4,TRUE
average,ica,10,absolute,retained,mean,theta,frontal,52,0.3765965501713187,0.00900597835984525,0.04472144239945898,TRUE
average,ica,10,absolute,retained,mean,theta,parieto_occipital,52,0.398954411273743,0.005850039505094172,0.03320431181869509,TRUE
average,ica,10,absolute,retained,sd,alpha,centro_temporal,52,-0.039678921266919666,0.7759385670073361,0.8741956385176827,FALSE
average,ica,10,absolute,retained,sd,alpha,frontal,52,5.1447625791232e-4,0.9970543760854861,0.9978243022446256,FALSE
average,ica,10,absolute,retained,sd,alpha,parieto_occipital,52,-0.12350997416748534,0.3773031555977284,0.567130186651714,FALSE
average,ica,10,absolute,retained,sd,beta,centro_temporal,52,0.40262547649925984,0.005442646507659538,0.03167815811643755,TRUE
average,ica,10,absolute,retained,sd,beta,frontal,52,0.4231775009874037,0.00360890536566094,0.023985340276392708,TRUE
average,ica,10,absolute,retained,sd,beta,parieto_occipital,52,0.25599180978173103,0.07070253716822664,0.19094984810444854,FALSE
average,ica,10,absolute,retained,sd,theta,centro_temporal,52,0.4459628662219403,0.0022591535482278623,0.017055512612640638,TRUE
average,ica,10,absolute,retained,sd,theta,frontal,52,0.33569663211226825,0.019087675750035258,0.07603779028292734,FALSE
average,ica,10,absolute,retained,sd,theta,parieto_occipital,52,0.4636934737936195,0.0015551421867843072,0.013466353724314893,TRUE
average,ica,10,rel_1_30,removed,cv,alpha,centro_temporal,52,0.18985363684842213,0.1769819701976689,0.3552431079651712,FALSE
average,ica,10,rel_1_30,removed,cv,alpha,frontal,52,0.3130939542209685,0.02827076349503255,0.10253426163123747,FALSE
average,ica,10,rel_1_30,removed,cv,alpha,parieto_occipital,52,0.20385317731261896,0.1477027402865305,0.31734512963512584,FALSE
average,ica,10,rel_1_30,removed,cv,beta,centro_temporal,52,0.062293855941871375,0.6551852533006128,0.7918434146200755,FALSE
average,ica,10,rel_1_30,removed,cv,beta,frontal,52,0.213852010093425,0.12922981625773058,0.2915588779071801,FALSE
average,ica,10,rel_1_30,removed,cv,beta,parieto_occipital,52,0.26927304768043747,0.05770047115885386,0.1666711975227517,FALSE
average,ica,10,rel_1_30,removed,cv,theta,centro_temporal,52,-0.05219258738875557,0.7082060087525099,0.8293689644667948,FALSE
average,ica,10,rel_1_30,removed,cv,theta,frontal,52,0.16264246588392672,0.24631236903133666,0.4354990863091573,FALSE
average,ica,10,rel_1_30,removed,cv,theta,parieto_occipital,52,0.1543449728352654,0.27092811061538147,0.46506335279143624,FALSE
average,ica,10,rel_1_30,removed,mean,alpha,centro_temporal,52,-0.08902218172685274,0.5237819783469368,0.6919688521280634,FALSE
average,ica,10,rel_1_30,removed,mean,alpha,frontal,52,-0.0861971241540777,0.5369892135186443,0.7037557467568121,FALSE
average,ica,10,rel_1_30,removed,mean,alpha,parieto_occipital,52,0.09802930180318856,0.48284653135542344,0.6573204880636857,FALSE
average,ica,10,rel_1_30,removed,mean,beta,centro_temporal,52,-0.14991243851443523,0.284767478270071,0.47908955236436,FALSE
average,ica,10,rel_1_30,removed,mean,beta,frontal,52,-0.12936505811112012,0.35528541484357135,0.5476989585180452,FALSE
average,ica,10,rel_1_30,removed,mean,beta,parieto_occipital,52,-0.37455800792323035,0.009360638313491963,0.04595222444805145,TRUE
average,ica,10,rel_1_30,removed,mean,theta,centro_temporal,52,0.5539827533257302,2.0855904047659355e-4,0.0034505427632893436,TRUE
average,ica,10,rel_1_30,removed,mean,theta,frontal,52,0.41345095893484324,0.004389707941386417,0.02779671738780194,TRUE
average,ica,10,rel_1_30,removed,mean,theta,parieto_occipital,52,0.4865614486405421,9.503198122402043e-4,0.009621988098932069,TRUE
average,ica,10,rel_1_30,removed,sd,alpha,centro_temporal,52,0.17312715926237235,0.2175717001739879,0.4026267350197358,FALSE
average,ica,10,rel_1_30,removed,sd,alpha,frontal,52,0.20116925637239536,0.1529998074536159,0.32488435356617074,FALSE
average,ica,10,rel_1_30,removed,sd,alpha,parieto_occipital,52,0.2743029680632633,0.053340473661653044,0.15782934672489118,FALSE
average,ica,10,rel_1_30,removed,sd,beta,centro_temporal,52,0.06595459574288846,0.6363864529340468,0.7774485438132592,FALSE
average,ica,10,rel_1_30,removed,sd,beta,frontal,52,0.1816585203780417,0.19607991842386166,0.3791367245546558,FALSE
average,ica,10,rel_1_30,removed,sd,beta,parieto_occipital,52,0.22005962670930396,0.11872292055691204,0.27593459993361874,FALSE
average,ica,10,rel_1_30,removed,sd,theta,centro_temporal,52,0.4219289983377759,0.0037013024232948003,0.024317103021818623,TRUE
average,ica,10,rel_1_30,removed,sd,theta,frontal,52,0.4700668113533569,0.001357313427243299,0.0123646674896897,TRUE
average,ica,10,rel_1_30,removed,sd,theta,parieto_occipital,52,0.6118918070564343,5.308926819711828e-5,0.0013946694239891613,TRUE
average,ica,10,rel_1_30,retained,cv,alpha,centro_temporal,52,0.1190303153875304,0.39472101238339763,0.5832753148708631,FALSE
average,ica,10,rel_1_30,retained,cv,alpha,frontal,52,0.11734237496358643,0.4014119849277098,0.5882540159280192,FALSE
average,ica,10,rel_1_30,retained,cv,alpha,parieto_occipital,52,0.20300160090955618,0.14936758301757483,0.31954411362651103,FALSE
average,ica,10,rel_1_30,retained,cv,beta,centro_temporal,52,0.12659455908390585,0.36559774747369045,0.5576477215291128,FALSE
average,ica,10,rel_1_30,retained,cv,beta,frontal,52,0.14318931325311818,0.3066850013081576,0.5005840827397636,FALSE
average,ica,10,rel_1_30,retained,cv,beta,parieto_occipital,52,0.17019353480695895,0.2253513534109245,0.4115387797377522,FALSE
average,ica,10,rel_1_30,retained,cv,theta,centro_temporal,52,0.4654476323874111,0.0014981239787189658,0.013144333345048064,TRUE
average,ica,10,rel_1_30,retained,cv,theta,frontal,52,0.36305025874809976,0.01161460121844972,0.05335590398002227,FALSE
average,ica,10,rel_1_30,retained,cv,theta,parieto_occipital,52,0.4563192100085469,0.0018181099458968123,0.014829057993929029,TRUE
average,ica,10,rel_1_30,retained,mean,alpha,centro_temporal,52,-0.18865818084331543,0.17967553070613332,0.3587154348962262,FALSE
average,ica,10,rel_1_30,retained,mean,alpha,frontal,52,-0.16415133852092412,0.24201508731367835,0.43103740699751786,FALSE
average,ica,10,rel_1_30,retained,mean,alpha,parieto_occipital,52,-0.0744936852996232,0.5934782675309671,0.7469724074118724,FALSE
average,ica,10,rel_1_30,retained,mean,beta,centro_temporal,52,-0.05707806308234027,0.6823604318262859,0.808407057399581,FALSE
average,ica,10,rel_1_30,retained,mean,beta,frontal,52,0.16066007844100316,0.25204153865828854,0.44300972075200085,FALSE
average,ica,10,rel_1_30,retained,mean,beta,parieto_occipital,52,-0.36939090430947424,0.01031780719348453,0.049097511231723574,TRUE
average,ica,10,rel_1_30,retained,mean,theta,centro_temporal,52,0.49341886683537145,8.179615164343957e-4,0.008809513506639697,TRUE
average,ica,10,rel_1_30,retained,mean,theta,frontal,52,0.30112768137164103,0.03457237018972845,0.11822108645353054,FALSE
average,ica,10,rel_1_30,retained,mean,theta,parieto_occipital,52,0.3523260986808352,0.014150643852249296,0.06140368671601034,FALSE
average,ica,10,rel_1_30,retained,sd,alpha,centro_temporal,52,-0.042225575714318904,0.7619914179026378,0.8631544845193958,FALSE
average,ica,10,rel_1_30,retained,sd,alpha,frontal,52,-0.099073112245616,0.47822096002582637,0.6533738271843273,FALSE
average,ica,10,rel_1_30,retained,sd,alpha,parieto_occipital,52,0.07651098765054412,0.5835439071711824,0.7392697005805009,FALSE
average,ica,10,rel_1_30,retained,sd,beta,centro_temporal,52,0.06167129897341449,0.6584051863918967,0.7938921707260873,FALSE
average,ica,10,rel_1_30,retained,sd,beta,frontal,52,0.2946577434041804,0.03846981713508261,0.1275112097367444,FALSE
average,ica,10,rel_1_30,retained,sd,beta,parieto_occipital,52,-0.04364673914398553,0.7542423280424276,0.858961385890146,FALSE
average,ica,10,rel_1_30,retained,sd,theta,centro_temporal,52,0.6193510159849589,4.434397997226053e-5,0.0012648611128836908,TRUE
average,ica,10,rel_1_30,retained,sd,theta,frontal,52,0.5487844330280225,2.3516529005156639e-4,0.0036350940077593034,TRUE
average,ica,10,rel_1_30,retained,sd,theta,parieto_occipital,52,0.6960972980290273,6.678956642975509e-6,3.934512640589209e-4,TRUE
average,ica,10,rel_4_30,removed,cv,alpha,centro_temporal,52,0.1989333782567566,0.15752523862288653,0.3306381125476026,FALSE
average,ica,10,rel_4_30,removed,cv,alpha,frontal,52,0.3174273202447654,0.02625348326548693,0.09702808263898591,FALSE
average,ica,10,rel_4_30,removed,cv,alpha,parieto_occipital,52,0.20994362233592656,0.1362180807329614,0.30177544039302223,FALSE
average,ica,10,rel_4_30,removed,cv,beta,centro_temporal,52,0.09588433070022506,0.4924298896055792,0.665283503551303,FALSE
average,ica,10,rel_4_30,removed,cv,beta,frontal,52,0.26037939496210044,0.06615707042160505,0.1820372893129515,FALSE
average,ica,10,rel_4_30,removed,cv,beta,parieto_occipital,52,0.25584531798691923,0.07085874239682531,0.19118583652939405,FALSE
average,ica,10,rel_4_30,removed,cv,theta,centro_temporal,52,-0.07741207824544666,0.5791323364859307,0.7361301929637478,FALSE
average,ica,10,rel_4_30,removed,cv,theta,frontal,52,0.14391932225339965,0.3042508915823496,0.4984945075736094,FALSE
average,ica,10,rel_4_30,removed,cv,theta,parieto_occipital,52,0.13075292290207577,0.350191250409849,0.5419560835768215,FALSE
average,ica,10,rel_4_30,removed,mean,alpha,centro_temporal,52,-0.1090203541424198,0.43541317559951487,0.6169411176133068,FALSE
average,ica,10,rel_4_30,removed,mean,alpha,frontal,52,-0.10977383384880263,0.43226591228800193,0.614048179384637,FALSE
average,ica,10,rel_4_30,removed,mean,alpha,parieto_occipital,52,0.07971178507363609,0.5679470680992623,0.7285312440679419,FALSE
average,ica,10,rel_4_30,removed,mean,beta,centro_temporal,52,-0.1350766296003185,0.3346285515027837,0.5273756823035359,FALSE
average,ica,10,rel_4_30,removed,mean,beta,frontal,52,-0.10174880156655745,0.46647849288729415,0.6452039773553183,FALSE
average,ica,10,rel_4_30,removed,mean,beta,parieto_occipital,52,-0.38267471356164806,0.008020561748544059,0.0408442213554126,TRUE
average,ica,10,rel_4_30,removed,mean,theta,centro_temporal,52,0.5601784166214333,1.806370383704536e-4,0.0032216367210290077,TRUE
average,ica,10,rel_4_30,removed,mean,theta,frontal,52,0.40793702738114085,0.004899686895624079,0.02976559789091628,TRUE
average,ica,10,rel_4_30,removed,mean,theta,parieto_occipital,52,0.4723673086173526,0.0012919639508773915,0.012037455577557622,TRUE
average,ica,10,rel_4_30,removed,sd,alpha,centro_temporal,52,0.1929388995954515,0.17017354824175165,0.3474972455692912,FALSE
average,ica,10,rel_4_30,removed,sd,alpha,frontal,52,0.21630916647640566,0.12498516349468482,0.28434307528808345,FALSE
average,ica,10,rel_4_30,removed,sd,alpha,parieto_occipital,52,0.2704236359353817,0.056677085187421594,0.16500329501318156,FALSE
average,ica,10,rel_4_30,removed,sd,beta,centro_temporal,52,0.12635281887031333,0.36650659121288953,0.558162905232992,FALSE
average,ica,10,rel_4_30,removed,sd,beta,frontal,52,0.2549526084669862,0.07181695476769367,0.19336864275401178,FALSE
average,ica,10,rel_4_30,removed,sd,beta,parieto_occipital,52,0.1947564860758762,0.16625822552652064,0.3429241277703513,FALSE
average,ica,10,rel_4_30,removed,sd,theta,centro_temporal,52,0.41138704697832423,0.004574504683691762,0.02854843372422724,TRUE
average,ica,10,rel_4_30,removed,sd,theta,frontal,52,0.46023547513910096,0.001673620392616352,0.014238590998889225,TRUE
average,ica,10,rel_4_30,removed,sd,theta,parieto_occipital,52,0.5931294529923743,8.319012356772931e-5,0.0018227894852958554,TRUE
average,ica,10,rel_4_30,retained,cv,alpha,centro_temporal,52,0.17847049446081828,0.20391581476532772,0.38848050118336674,FALSE
average,ica,10,rel_4_30,retained,cv,alpha,frontal,52,0.3016450068739557,0.03427627330505258,0.11762237476614691,FALSE
average,ica,10,rel_4_30,retained,cv,alpha,parieto_occipital,52,0.172802326196329,0.21842320682231578,0.4036261540518839,FALSE
average,ica,10,rel_4_30,retained,cv,beta,centro_temporal,52,0.05122291527931476,0.7133784625312543,0.8327857155559032,FALSE
average,ica,10,rel_4_30,retained,cv,beta,frontal,52,0.12091765390336215,0.3873224032106851,0.5760939187770251,FALSE
average,ica,10,rel_4_30,retained,cv,beta,parieto_occipital,52,0.13531146394370927,0.3337966304022727,0.5264747879699052,FALSE
average,ica,10,rel_4_30,retained,cv,theta,centro_temporal,52,0.2582704995907714,0.06830995678781211,0.18684912808000712,FALSE
average,ica,10,rel_4_30,retained,cv,theta,frontal,52,0.22877306441379966,0.10514968202178043,0.255194733895557,FALSE
average,ica,10,rel_4_30,retained,cv,theta,parieto_occipital,52,0.47198767132157754,0.0013025382232306464,0.012057782409335128,TRUE
average,ica,10,rel_4_30,retained,mean,alpha,centro_temporal,52,-0.18504842294881124,0.18799933679244202,0.36786181250579497,FALSE
average,ica,10,rel_4_30,retained,mean,alpha,frontal,52,-0.22553663137414257,0.11003541236381235,0.26359684736321776,FALSE
average,ica,10,rel_4_30,retained,mean,alpha,parieto_occipital,52,-0.04956980016309151,0.722227801398764,0.8369662270755273,FALSE
average,ica,10,rel_4_30,retained,mean,beta,centro_temporal,52,-0.1189213039578785,0.3951510235004767,0.5832753148708631,FALSE
average,ica,10,rel_4_30,retained,mean,beta,frontal,52,0.0766072701972333,0.583071757305558,0.7391532417359014,FALSE
average,ica,10,rel_4_30,retained,mean,beta,parieto_occipital,52,-0.36776299550043845,0.01063745437918221,0.050192260468762656,FALSE
average,ica,10,rel_4_30,retained,mean,theta,centro_temporal,52,0.41819884200578566,0.003990714547699105,0.025859830269090202,TRUE
average,ica,10,rel_4_30,retained,mean,theta,frontal,52,0.1675678988332814,0.23248602683739655,0.4198354260770078,FALSE
average,ica,10,rel_4_30,retained,mean,theta,parieto_occipital,52,0.4119456274416899,0.004523787669057412,0.028338998869340125,TRUE
average,ica,10,rel_4_30,retained,sd,alpha,centro_temporal,52,0.026857833801701092,0.8472000108694132,0.9163935222669286,FALSE
average,ica,10,rel_4_30,retained,sd,alpha,frontal,52,0.06691945523104234,0.631470891508453,0.7737657819681265,FALSE
average,ica,10,rel_4_30,retained,sd,alpha,parieto_occipital,52,0.10472149370924975,0.45362796829638485,0.6339703597183122,FALSE
average,ica,10,rel_4_30,retained,sd,beta,centro_temporal,52,0.04031562234780955,0.7724443905955674,0.8712688687657575,FALSE
average,ica,10,rel_4_30,retained,sd,beta,frontal,52,0.21948804966536203,0.11966061321122613,0.27725891785771584,FALSE
average,ica,10,rel_4_30,retained,sd,beta,parieto_occipital,52,0.015644254430564133,0.9106222367210052,0.9504164667101586,FALSE
average,ica,10,rel_4_30,retained,sd,theta,centro_temporal,52,0.4470750454123264,0.002207347419262331,0.016794846900375623,TRUE
average,ica,10,rel_4_30,retained,sd,theta,frontal,52,0.39522077641928394,0.006293256140274588,0.03490467884934037,TRUE
average,ica,10,rel_4_30,retained,sd,theta,parieto_occipital,52,0.7111975939940623,4.567290558589e-6,3.1654530122736597e-4,TRUE
average,threshold,2,absolute,removed,cv,alpha,centro_temporal,71,0.39599872148420817,0.0013596530339518398,0.0123646674896897,TRUE
average,threshold,2,absolute,removed,cv,alpha,frontal,71,0.39219935970249004,0.0015010504128604271,0.013144333345048064,TRUE
average,threshold,2,absolute,removed,cv,alpha,parieto_occipital,71,0.42436475828355014,6.382029530740453e-4,0.0073630061767118345,TRUE
average,threshold,2,absolute,removed,cv,beta,centro_temporal,71,0.24222784151656374,0.045018039321933816,0.14206991630168725,FALSE
average,threshold,2,absolute,removed,cv,beta,frontal,71,0.23627075146461163,0.050401954370892774,0.1525002323688958,FALSE
average,threshold,2,absolute,removed,cv,beta,parieto_occipital,71,0.3619217989920779,0.003233856261059366,0.022097070550085793,TRUE
average,threshold,2,absolute,removed,cv,theta,centro_temporal,71,0.025185589610857807,0.8325540523021077,0.9077313952188993,FALSE
average,threshold,2,absolute,removed,cv,theta,frontal,71,0.09401890361798583,0.4309105784481465,0.6134976533091866,FALSE
average,threshold,2,absolute,removed,cv,theta,parieto_occipital,71,-0.07467027144650425,0.531277376188801,0.6987843161779629,FALSE
average,threshold,2,absolute,removed,mean,alpha,centro_temporal,71,-0.20172214128998353,0.09361953169119973,0.23453140413362406,FALSE
average,threshold,2,absolute,removed,mean,alpha,frontal,71,-0.148332383932235,0.2155093441600342,0.4009356646066803,FALSE
average,threshold,2,absolute,removed,mean,alpha,parieto_occipital,71,-0.14008461916203532,0.2418470393930451,0.4309355129056643,FALSE
average,threshold,2,absolute,removed,mean,beta,centro_temporal,71,-0.0612699960546693,0.6072928256237158,0.7560328140235064,FALSE
average,threshold,2,absolute,removed,mean,beta,frontal,71,0.1401060752311195,0.24177564456631204,0.4309355129056643,FALSE
average,threshold,2,absolute,removed,mean,beta,parieto_occipital,71,-0.24394007963769856,0.04356527174846708,0.13861029178235681,FALSE
average,threshold,2,absolute,removed,mean,theta,centro_temporal,71,0.17736046927305604,0.1395483733103115,0.3075760064798702,FALSE
average,threshold,2,absolute,removed,mean,theta,frontal,71,0.12605259698134688,0.2918237148102205,0.48591460521718943,FALSE
average,threshold,2,absolute,removed,mean,theta,parieto_occipital,71,0.14711162560239346,0.21926882592422922,0.4044199218185025,FALSE
average,threshold,2,absolute,removed,sd,alpha,centro_temporal,71,0.10201160282353107,0.39296306695605654,0.5815913225447841,FALSE
average,threshold,2,absolute,removed,sd,alpha,frontal,71,0.11016899880289754,0.35644170192913993,0.5486323583137356,FALSE
average,threshold,2,absolute,removed,sd,alpha,parieto_occipital,71,0.22656525091514032,0.06035245974447534,0.17177918264020506,FALSE
average,threshold,2,absolute,removed,sd,beta,centro_temporal,71,0.21056960131550714,0.08036344035872592,0.2098408704598565,FALSE
average,threshold,2,absolute,removed,sd,beta,frontal,71,0.2990746359547503,0.01401754788246574,0.061167481668941405,FALSE
average,threshold,2,absolute,removed,sd,beta,parieto_occipital,71,0.09196743918933709,0.44099008409818663,0.6213958910138354,FALSE
average,threshold,2,absolute,removed,sd,theta,centro_temporal,71,0.6488232349244505,6.6374976577142e-7,1.612669420976097e-4,TRUE
average,threshold,2,absolute,removed,sd,theta,frontal,71,0.551988274419446,1.514148792755444e-5,6.6146185463294e-4,TRUE
average,threshold,2,absolute,removed,sd,theta,parieto_occipital,71,0.6198941757907476,1.7247030112168813e-6,1.825149995169217e-4,TRUE
average,threshold,2,absolute,retained,cv,alpha,centro_temporal,71,0.15154510778395208,0.20584244388451864,0.39058829761981867,FALSE
average,threshold,2,absolute,retained,cv,alpha,frontal,71,0.2107613318186617,0.08009436396169738,0.20964435332378606,FALSE
average,threshold,2,absolute,retained,cv,alpha,parieto_occipital,71,0.16486595956228703,0.16917997243671495,0.34674313802527557,FALSE
average,threshold,2,absolute,retained,cv,beta,centro_temporal,71,0.2639207629650399,0.029387828315770585,0.10511488177710766,FALSE
average,threshold,2,absolute,retained,cv,beta,frontal,71,0.33780877078084043,0.005796512860457625,0.032948599417338076,TRUE
average,threshold,2,absolute,retained,cv,beta,parieto_occipital,71,0.4732108338796301,1.6202052212237498e-4,0.003024406433072847,TRUE
average,threshold,2,absolute,retained,cv,theta,centro_temporal,71,0.41423625053867513,8.390188981136975e-4,0.008864417053983848,TRUE
average,threshold,2,absolute,retained,cv,theta,frontal,71,-0.1183210193829513,0.3222030513010401,0.51482572685329,FALSE
average,threshold,2,absolute,retained,cv,theta,parieto_occipital,71,0.28606637075112884,0.018563415755747617,0.07471486589890966,FALSE
average,threshold,2,absolute,retained,mean,alpha,centro_temporal,71,-0.061210462677101334,0.6076413578276585,0.7560328140235064,FALSE
average,threshold,2,absolute,retained,mean,alpha,frontal,71,-0.015723403208674498,0.8949786166612179,0.9427463726845882,FALSE
average,threshold,2,absolute,retained,mean,alpha,parieto_occipital,71,-0.16215830466682862,0.17619607040544674,0.35403117402396744,FALSE
average,threshold,2,absolute,retained,mean,beta,centro_temporal,71,0.17698435147807237,0.1403765559098172,0.30831305616282156,FALSE
average,threshold,2,absolute,retained,mean,beta,frontal,71,0.1730214264896054,0.14933897708826535,0.31954411362651103,FALSE
average,threshold,2,absolute,retained,mean,beta,parieto_occipital,71,0.031646947592002,0.7905134531168261,0.8845880431202836,FALSE
average,threshold,2,absolute,retained,mean,theta,centro_temporal,71,0.03360032553695135,0.7779193952698495,0.8751593196785807,FALSE
average,threshold,2,absolute,retained,mean,theta,frontal,71,0.12269968474778939,0.3047482274756496,0.49867891768742667,FALSE
average,threshold,2,absolute,retained,mean,theta,parieto_occipital,71,0.06597814331738992,0.5800234042711057,0.7369200583765617,FALSE
average,threshold,2,absolute,retained,sd,alpha,centro_temporal,71,0.027730940623095803,0.815927018165698,0.8991848771621977,FALSE
average,threshold,2,absolute,retained,sd,alpha,frontal,71,0.05978195995396619,0.6160315633674645,0.7627804835581853,FALSE
average,threshold,2,absolute,retained,sd,alpha,parieto_occipital,71,-0.1210455745816461,0.311265251235967,0.5052751491771219,FALSE
average,threshold,2,absolute,retained,sd,beta,centro_temporal,71,0.2404212837592373,0.04659588279686989,0.14563086198893097,FALSE
average,threshold,2,absolute,retained,sd,beta,frontal,71,0.3639402337120852,0.003076191049172501,0.021472586713074837,TRUE
average,threshold,2,absolute,retained,sd,beta,parieto_occipital,71,0.333892709593486,0.006357466455554199,0.03506075117616273,TRUE
average,threshold,2,absolute,retained,sd,theta,centro_temporal,71,0.6325583491035456,1.1376574699838528e-6,1.825149995169217e-4,TRUE
average,threshold,2,absolute,retained,sd,theta,frontal,71,0.2146764510248424,0.07476141743480229,0.19922713570014483,FALSE
average,threshold,2,absolute,retained,sd,theta,parieto_occipital,71,0.34909053932238476,0.004425377276523305,0.027931602031043203,TRUE
average,threshold,2,rel_1_30,removed,cv,alpha,centro_temporal,71,0.3305875310848179,0.006869293801446045,0.03693370783386334,TRUE
average,threshold,2,rel_1_30,removed,cv,alpha,frontal,71,0.34525451046486644,0.004853757407275682,0.02957901065750447,TRUE
average,threshold,2,rel_1_30,removed,cv,alpha,parieto_occipital,71,0.3366866650680806,0.00595240184957364,0.03356866700747468,TRUE
average,threshold,2,rel_1_30,removed,cv,beta,centro_temporal,71,0.13988507080367743,0.24251176024900212,0.4317242325311906,FALSE
average,threshold,2,rel_1_30,removed,cv,beta,frontal,71,0.12820075370776654,0.28374373453081564,0.47840227227051657,FALSE
average,threshold,2,rel_1_30,removed,cv,beta,parieto_occipital,71,0.27458108054852004,0.023627972705880892,0.08945039715721997,FALSE
average,threshold,2,rel_1_30,removed,cv,theta,centro_temporal,71,-0.0786514077666014,0.5096807714112915,0.6812096387924035,FALSE
average,threshold,2,rel_1_30,removed,cv,theta,frontal,71,0.07850954030853294,0.5104422207723978,0.6815245035587508,FALSE
average,threshold,2,rel_1_30,removed,cv,theta,parieto_occipital,71,-0.16388777154665476,0.17168955219529985,0.34957185528421597,FALSE
average,threshold,2,rel_1_30,removed,mean,alpha,centro_temporal,71,-0.18516556464919653,0.12321486754931585,0.28125978675537316,FALSE
average,threshold,2,rel_1_30,removed,mean,alpha,frontal,71,-0.15997819037467656,0.18200451518261251,0.3621461387052188,FALSE
average,threshold,2,rel_1_30,removed,mean,alpha,parieto_occipital,71,-0.12748176484368756,0.28643070353118116,0.48084739867410725,FALSE
average,threshold,2,rel_1_30,removed,mean,beta,centro_temporal,71,-0.03871866406281789,0.745209168577087,0.8538827941323287,FALSE
average,threshold,2,rel_1_30,removed,mean,beta,frontal,71,-0.014940341612001671,0.9001802282334839,0.9440472476292019,FALSE
average,threshold,2,rel_1_30,removed,mean,beta,parieto_occipital,71,-0.08778737998818201,0.4619498100875524,0.6399458323629087,FALSE
average,threshold,2,rel_1_30,removed,mean,theta,centro_temporal,71,0.2602838125391054,0.03161789523953948,0.11044957474512983,FALSE
average,threshold,2,rel_1_30,removed,mean,theta,frontal,71,0.14049528433690142,0.24048318511555664,0.42988442470311916,FALSE
average,threshold,2,rel_1_30,removed,mean,theta,parieto_occipital,71,0.2357183547641504,0.05092804783553653,0.15397220061008246,FALSE
average,threshold,2,rel_1_30,removed,sd,alpha,centro_temporal,71,0.23794607544560387,0.04883476424655718,0.14903419418415567,FALSE
average,threshold,2,rel_1_30,removed,sd,alpha,frontal,71,0.17122152109746863,0.15355416773506933,0.32570573058044167,FALSE
average,threshold,2,rel_1_30,removed,sd,alpha,parieto_occipital,71,0.36294730927974145,0.0031528342046819534,0.02173443153865857,TRUE
average,threshold,2,rel_1_30,removed,sd,beta,centro_temporal,71,0.23170759276796585,0.054890504452322214,0.16131087022723264,FALSE
average,threshold,2,rel_1_30,removed,sd,beta,frontal,71,0.2123514265138957,0.07789150745745504,0.20587503806565957,FALSE
average,threshold,2,rel_1_30,removed,sd,beta,parieto_occipital,71,0.3717911197542291,0.0025285591475257643,0.018725786601105087,TRUE
average,threshold,2,rel_1_30,removed,sd,theta,centro_temporal,71,0.588815355233071,4.722126407198361e-6,3.1654530122736597e-4,TRUE
average,threshold,2,rel_1_30,removed,sd,theta,frontal,71,0.5143105033488508,4.811331527223707e-5,0.0013187582816317962,TRUE
average,threshold,2,rel_1_30,removed,sd,theta,parieto_occipital,71,0.6032018132483101,2.9700279094284804e-6,2.4564344999609814e-4,TRUE
average,threshold,2,rel_1_30,retained,cv,alpha,centro_temporal,71,0.365089482947902,0.002989649255984819,0.021017455810545038,TRUE
average,threshold,2,rel_1_30,retained,cv,alpha,frontal,71,0.46072037207166927,2.318520291573554e-4,0.003626301097898728,TRUE
average,threshold,2,rel_1_30,retained,cv,alpha,parieto_occipital,71,0.44091221674310893,4.048774158278676e-4,0.005247211309129164,TRUE
average,threshold,2,rel_1_30,retained,cv,beta,centro_temporal,71,0.36121486270556386,0.003290832691235525,0.02233620120427258,TRUE
average,threshold,2,rel_1_30,retained,cv,beta,frontal,71,0.25861055750275375,0.03269275540716857,0.1136935894660746,FALSE
average,threshold,2,rel_1_30,retained,cv,beta,parieto_occipital,71,0.270068103255974,0.025931671245028237,0.09601306141833423,FALSE
average,threshold,2,rel_1_30,retained,cv,theta,centro_temporal,71,0.5968853395793182,3.6426585996565112e-6,2.773995727970277e-4,TRUE
average,threshold,2,rel_1_30,retained,cv,theta,frontal,71,0.5204550879259341,3.995247925481715e-5,0.001176782116232796,TRUE
average,threshold,2,rel_1_30,retained,cv,theta,parieto_occipital,71,0.46612909185465173,1.98650599038258e-4,0.003371263057401349,TRUE
average,threshold,2,rel_1_30,retained,mean,alpha,centro_temporal,71,-0.28364858575051716,0.019540841167623692,0.07760448463710001,FALSE
average,threshold,2,rel_1_30,retained,mean,alpha,frontal,71,-0.278918568850136,0.02158671064899673,0.08342855964542673,FALSE
average,threshold,2,rel_1_30,retained,mean,alpha,parieto_occipital,71,-0.23717032638300106,0.0495551713099644,0.15064152154272215,FALSE
average,threshold,2,rel_1_30,retained,mean,beta,centro_temporal,71,-0.18527323444400115,0.12300069483731882,0.281030418206742,FALSE
average,threshold,2,rel_1_30,retained,mean,beta,frontal,71,-0.1522657841155777,0.20371884345562968,0.38848050118336674,FALSE
average,threshold,2,rel_1_30,retained,mean,beta,parieto_occipital,71,-0.2825371826246717,0.020005355771048887,0.07920654097539519,FALSE
average,threshold,2,rel_1_30,retained,mean,theta,centro_temporal,71,0.055964974507842644,0.6387008212369414,0.7793479132354938,FALSE
average,threshold,2,rel_1_30,retained,mean,theta,frontal,71,-0.058548686618663706,0.6233166165644201,0.767518329436316,FALSE
average,threshold,2,rel_1_30,retained,mean,theta,parieto_occipital,71,0.08035195514332746,0.500600850561272,0.6734727013779327,FALSE
average,threshold,2,rel_1_30,retained,sd,alpha,centro_temporal,71,0.010566212450413143,0.9293103305712153,0.9583974974166803,FALSE
average,threshold,2,rel_1_30,retained,sd,alpha,frontal,71,-0.0682834166994813,0.5668885675366189,0.7282023920397879,FALSE
average,threshold,2,rel_1_30,retained,sd,alpha,parieto_occipital,71,0.08601002978139846,0.47103121501321754,0.6484852498093118,FALSE
average,threshold,2,rel_1_30,retained,sd,beta,centro_temporal,71,0.14348366269153068,0.230725036859963,0.41826132492779666,FALSE
average,threshold,2,rel_1_30,retained,sd,beta,frontal,71,0.11429797322466502,0.3388167340868262,0.5314869506887535,FALSE
average,threshold,2,rel_1_30,retained,sd,beta,parieto_occipital,71,-0.019433144871228367,0.8704025056635677,0.9273747749888487,FALSE
average,threshold,2,rel_1_30,retained,sd,theta,centro_temporal,71,0.6468649347887689,7.084177076870436e-7,1.612669420976097e-4,TRUE
average,threshold,2,rel_1_30,retained,sd,theta,frontal,71,0.5004034431224845,7.29791596483342e-5,0.0016664195935513504,TRUE
average,threshold,2,rel_1_30,retained,sd,theta,parieto_occipital,71,0.5066204623700223,6.062068960027447e-5,0.0015186126765428351,TRUE
average,threshold,2,rel_4_30,removed,cv,alpha,centro_temporal,71,0.32934038083603345,0.007072057074405194,0.03759002679100273,TRUE
average,threshold,2,rel_4_30,removed,cv,alpha,frontal,71,0.3304762705848558,0.006887163547228806,0.03693370783386334,TRUE
average,threshold,2,rel_4_30,removed,cv,alpha,parieto_occipital,71,0.3360918813803591,0.006036588566503091,0.03386761377570565,TRUE
average,threshold,2,rel_4_30,removed,cv,beta,centro_temporal,71,0.16953780951842537,0.1575803555943178,0.3306381125476026,FALSE
average,threshold,2,rel_4_30,removed,cv,beta,frontal,71,0.19463788539738974,0.10548179254086051,0.25584105389823186,FALSE
average,threshold,2,rel_4_30,removed,cv,beta,parieto_occipital,71,0.3091461164674388,0.011216051789139432,0.051914296852588235,FALSE
average,threshold,2,rel_4_30,removed,cv,theta,centro_temporal,71,-0.1255062060409205,0.29390384294434974,0.4882163888974177,FALSE
average,threshold,2,rel_4_30,removed,cv,theta,frontal,71,0.04264036784434099,0.7204566426207201,0.8364066414871676,FALSE
average,threshold,2,rel_4_30,removed,cv,theta,parieto_occipital,71,-0.1857195632445977,0.1221160401591959,0.28060707100410975,FALSE
average,threshold,2,rel_4_30,removed,mean,alpha,centro_temporal,71,-0.18550936455014658,0.12253203366117829,0.28088279581764475,FALSE
average,threshold,2,rel_4_30,removed,mean,alpha,frontal,71,-0.16024544891676776,0.18128475429849328,0.3614539101089958,FALSE
average,threshold,2,rel_4_30,removed,mean,alpha,parieto_occipital,71,-0.13408527183763239,0.262407673416013,0.4553141091937055,FALSE
average,threshold,2,rel_4_30,removed,mean,beta,centro_temporal,71,0.019337044057696685,0.871037646509626,0.9273747749888487,FALSE
average,threshold,2,rel_4_30,removed,mean,beta,frontal,71,0.08837208296746313,0.45898422583568965,0.638929706426481,FALSE
average,threshold,2,rel_4_30,removed,mean,beta,parieto_occipital,71,-0.034383770051053954,0.7728847648019492,0.8715127510295761,FALSE
average,threshold,2,rel_4_30,removed,mean,theta,centro_temporal,71,0.28519351479371424,0.01891112385300225,0.075644495412009,FALSE
average,threshold,2,rel_4_30,removed,mean,theta,frontal,71,0.16128726780954397,0.17849960029496784,0.3573289605875876,FALSE
average,threshold,2,rel_4_30,removed,mean,theta,parieto_occipital,71,0.2467524342363388,0.0412668576220645,0.13314982774654505,FALSE
average,threshold,2,rel_4_30,removed,sd,alpha,centro_temporal,71,0.26601038719904674,0.028170067126072805,0.10226444536523908,FALSE
average,threshold,2,rel_4_30,removed,sd,alpha,frontal,71,0.2030522756922934,0.09151896353902805,0.23045707917081676,FALSE
average,threshold,2,rel_4_30,removed,sd,alpha,parieto_occipital,71,0.3701433829517675,0.0026353302582780573,0.019187573116451473,TRUE
average,threshold,2,rel_4_30,removed,sd,beta,centro_temporal,71,0.3151793211933003,0.009791539303307647,0.04711572377631204,TRUE
average,threshold,2,rel_4_30,removed,sd,beta,frontal,71,0.34543685929364676,0.00483255571714907,0.029542416082194316,TRUE
average,threshold,2,rel_4_30,removed,sd,beta,parieto_occipital,71,0.3772685609031441,0.002201975940795896,0.01678682834865577,TRUE
average,threshold,2,rel_4_30,removed,sd,theta,centro_temporal,71,0.5869983454899346,5.005299313138182e-6,3.243433954913542e-4,TRUE
average,threshold,2,rel_4_30,removed,sd,theta,frontal,71,0.5249403055522639,3.485999174963329e-5,0.0010672098261620018,TRUE
average,threshold,2,rel_4_30,removed,sd,theta,parieto_occipital,71,0.5846738559216536,5.391867280296204e-6,3.4366524566871546e-4,TRUE
average,threshold,2,rel_4_30,retained,cv,alpha,centro_temporal,71,0.28568785306666067,0.018713493047106164,0.07524101444379397,FALSE
average,threshold,2,rel_4_30,retained,cv,alpha,frontal,71,0.4128077828139274,8.717533952051939e-4,0.009135787602581654,TRUE
average,threshold,2,rel_4_30,retained,cv,alpha,parieto_occipital,71,0.3245304997289907,0.007906510572626617,0.04063469350618107,TRUE
average,threshold,2,rel_4_30,retained,cv,beta,centro_temporal,71,0.23651181700707002,0.050173829640596905,0.1520466482015906,FALSE
average,threshold,2,rel_4_30,retained,cv,beta,frontal,71,0.04166528572542558,0.7265843404502247,0.8392722603915642,FALSE
average,threshold,2,rel_4_30,retained,cv,beta,parieto_occipital,71,0.2434369900202655,0.04398786820039562,0.1394982312913036,FALSE
average,threshold,2,rel_4_30,retained,cv,theta,centro_temporal,71,0.29318405637331485,0.015934743434294848,0.06707783060039331,FALSE
average,threshold,2,rel_4_30,retained,cv,theta,frontal,71,-0.004246785566874624,0.9715563996060752,0.9834447491977143,FALSE
average,threshold,2,rel_4_30,retained,cv,theta,parieto_occipital,71,0.16258944695447963,0.17506428756525236,0.35285119235546974,FALSE
average,threshold,2,rel_4_30,retained,mean,alpha,centro_temporal,71,-0.16260801519818993,0.17501566921420975,0.35285119235546974,FALSE
average,threshold,2,rel_4_30,retained,mean,alpha,frontal,71,-0.1561134799658521,0.19265600464723662,0.37396232953991815,FALSE
average,threshold,2,rel_4_30,retained,mean,alpha,parieto_occipital,71,-0.13228420306627778,0.26881432620278234,0.4628654119913276,FALSE
average,threshold,2,rel_4_30,retained,mean,beta,centro_temporal,71,-0.0943853464116366,0.4291246027400796,0.6118245415525759,FALSE
average,threshold,2,rel_4_30,retained,mean,beta,frontal,71,0.0037740601534145056,0.9747214118144137,0.9858784727196775,FALSE
average,threshold,2,rel_4_30,retained,mean,beta,parieto_occipital,71,-0.17020727797334478,0.15596980459402168,0.3292155226298042,FALSE
average,threshold,2,rel_4_30,retained,mean,theta,centro_temporal,71,0.2551670048703532,0.035005805963970564,0.119283587719472,FALSE
average,threshold,2,rel_4_30,retained,mean,theta,frontal,71,0.12684857831753796,0.28881151185404336,0.48281058101028557,FALSE
average,threshold,2,rel_4_30,retained,mean,theta,parieto_occipital,71,0.27671497423411934,0.02260328015412893,0.08627121162640822,FALSE
average,threshold,2,rel_4_30,retained,sd,alpha,centro_temporal,71,0.10378994479497068,0.38480974606529483,0.5745546438947259,FALSE
average,threshold,2,rel_4_30,retained,sd,alpha,frontal,71,0.12008071541748663,0.31510975343060793,0.5092047885861195,FALSE
average,threshold,2,rel_4_30,retained,sd,alpha,parieto_occipital,71,0.18609041175767388,0.12138486325202931,0.28008566666106227,FALSE
average,threshold,2,rel_4_30,retained,sd,beta,centro_temporal,71,0.2553786683360325,0.03485961933616817,0.11895717111081949,FALSE
average,threshold,2,rel_4_30,retained,sd,beta,frontal,71,0.10802929757220035,0.36580341839942754,0.5577426238184212,FALSE
average,threshold,2,rel_4_30,retained,sd,beta,parieto_occipital,71,0.1733741995258344,0.148523490475518,0.3186861649938267,FALSE
average,threshold,2,rel_4_30,retained,sd,theta,centro_temporal,71,0.6027935581063923,3.009553322291216e-6,2.4564344999609814e-4,TRUE
average,threshold,2,rel_4_30,retained,sd,theta,frontal,71,0.29967121457591944,0.013835469180704368,0.06071366159658983,FALSE
average,threshold,2,rel_4_30,retained,sd,theta,parieto_occipital,71,0.5290308579575729,3.076864512193789e-5,0.0010138007816448689,TRUE
average,threshold,4,absolute,removed,cv,alpha,centro_temporal,56,0.45653091995111356,0.001200067151274033,0.011407973310888607,TRUE
average,threshold,4,absolute,removed,cv,alpha,frontal,56,0.37745764758335665,0.006581733639491514,0.03578990264383637,TRUE
average,threshold,4,absolute,removed,cv,alpha,parieto_occipital,56,0.38553590114669767,0.005578469627431188,0.032227473865456845,TRUE
average,threshold,4,absolute,removed,cv,beta,centro_temporal,56,0.11553748684996212,0.39101188710178625,0.5793651741813052,FALSE
average,threshold,4,absolute,removed,cv,beta,frontal,56,0.350315800904692,0.01129871657417111,0.05217269600994926,FALSE
average,threshold,4,absolute,removed,cv,beta,parieto_occipital,56,0.2106545589555958,0.12067003079491001,0.2786015912889609,FALSE
average,threshold,4,absolute,removed,cv,theta,centro_temporal,56,0.06020896036407299,0.6540760252023209,0.7913455870515217,FALSE
average,threshold,4,absolute,removed,cv,theta,frontal,56,0.22505096166563365,0.09782482381922612,0.2413343369347406,FALSE
average,threshold,4,absolute,removed,cv,theta,parieto_occipital,56,0.01644627660670447,0.9024981972674663,0.945034471041182,FALSE
average,threshold,4,absolute,removed,mean,alpha,centro_temporal,56,-0.3117642525637748,0.023331583642176076,0.08867370205354896,FALSE
average,threshold,4,absolute,removed,mean,alpha,frontal,56,-0.22936696095961245,0.09171210010004706,0.23064466053621152,FALSE
average,threshold,4,absolute,removed,mean,alpha,parieto_occipital,56,-0.2489249336843079,0.06783668408578396,0.18605678002579468,FALSE
average,threshold,4,absolute,removed,mean,beta,centro_temporal,56,0.0064954175178276365,0.9614083723810711,0.9781975733341476,FALSE
average,threshold,4,absolute,removed,mean,beta,frontal,56,0.04636545556011842,0.7299399977428446,0.8421498990850834,FALSE
average,threshold,4,absolute,removed,mean,beta,parieto_occipital,56,-0.2827342143173604,0.038904934327550725,0.128297188011465,FALSE
average,threshold,4,absolute,removed,mean,theta,centro_temporal,56,0.2544686899477969,0.062111034304162836,0.17461149774011936,FALSE
average,threshold,4,absolute,removed,mean,theta,frontal,56,0.13890835225786535,0.30312289441491036,0.49769502258664333,FALSE
average,threshold,4,absolute,removed,mean,theta,parieto_occipital,56,0.1584662517735168,0.24077834115506297,0.4300166239829512,FALSE
average,threshold,4,absolute,removed,sd,alpha,centro_temporal,56,0.08080066111975849,0.547893580243817,0.7112070226042063,FALSE
average,threshold,4,absolute,removed,sd,alpha,frontal,56,0.027371675540732814,0.8384604280915567,0.9114352729122686,FALSE
average,threshold,4,absolute,removed,sd,alpha,parieto_occipital,56,0.08257957281771033,0.5391464040560211,0.7046054517545579,FALSE
average,threshold,4,absolute,removed,sd,beta,centro_temporal,56,0.13928342397114443,0.3018318137920032,0.49641374451070575,FALSE
average,threshold,4,absolute,removed,sd,beta,frontal,56,0.33227474347278857,0.01596496000634782,0.06707783060039331,FALSE
average,threshold,4,absolute,removed,sd,beta,parieto_occipital,56,-0.0023118808286513833,0.9862594694074514,0.9911177246139289,FALSE
average,threshold,4,absolute,removed,sd,theta,centro_temporal,56,0.5783139767170596,6.414358582789448e-5,0.0015684922119424765,TRUE
average,threshold,4,absolute,removed,sd,theta,frontal,56,0.5570334314102173,1.0944820441567815e-4,0.0022279299411945377,TRUE
average,threshold,4,absolute,removed,sd,theta,parieto_occipital,56,0.5582553880935079,1.0616553537026738e-4,0.002195593625104253,TRUE
average,threshold,4,absolute,retained,cv,alpha,centro_temporal,56,0.0938659218972213,0.4853745030287844,0.6586236865480877,FALSE
average,threshold,4,absolute,retained,cv,alpha,frontal,56,0.068596241302020175,0.6097783668070684,0.757449932953956,FALSE
average,threshold,4,absolute,retained,cv,alpha,parieto_occipital,56,-0.01840161366892901,0.8909764177877564,0.940313874147339,FALSE
average,threshold,4,absolute,retained,cv,beta,centro_temporal,56,0.2715384686710569,0.046994126313092466,0.1461705304842428,FALSE
average,threshold,4,absolute,retained,cv,beta,frontal,56,0.3269278742089094,0.01764971891428324,0.07179825478193223,FALSE
average,threshold,4,absolute,retained,cv,beta,parieto_occipital,56,0.35943154389954246,0.009448612215769283,0.046209062006177325,TRUE
average,threshold,4,absolute,retained,cv,theta,centro_temporal,56,0.38385525694404865,0.005774719641896626,0.032948599417338076,TRUE
average,threshold,4,absolute,retained,cv,theta,frontal,56,0.02789947285746748,0.835390877772514,0.9091230795481137,FALSE
average,threshold,4,absolute,retained,cv,theta,parieto_occipital,56,0.3564505947246334,0.010020629147874986,0.04786266108960436,TRUE
average,threshold,4,absolute,retained,mean,alpha,centro_temporal,56,-0.20761548047366693,0.12600336174665494,0.28632441289947075,FALSE
average,threshold,4,absolute,retained,mean,alpha,frontal,56,-0.12766126328791585,0.3435913987622795,0.5363526114358511,FALSE
average,threshold,4,absolute,retained,mean,alpha,parieto_occipital,56,-0.22821169054696624,0.09331656768891096,0.2339231561408677,FALSE
average,threshold,4,absolute,retained,mean,beta,centro_temporal,56,0.27459933936698844,0.04464953853882663,0.1412509404710805,FALSE
average,threshold,4,absolute,retained,mean,beta,frontal,56,0.33240277437931626,0.01592646165494352,0.06707783060039331,FALSE
average,threshold,4,absolute,retained,mean,beta,parieto_occipital,56,0.01412331464631874,0.9162134710058376,0.9535535018565959,FALSE
average,threshold,4,absolute,retained,mean,theta,centro_temporal,56,0.003032774198193838,0.9819755411016704,0.9893549893245127,FALSE
average,threshold,4,absolute,retained,mean,theta,frontal,56,0.070971931709177,0.597484176553728,0.7502129084996022,FALSE
average,threshold,4,absolute,retained,mean,theta,parieto_occipital,56,-0.012664458135013004,0.9248402676591165,0.9565786008668915,FALSE
average,threshold,4,absolute,retained,sd,alpha,centro_temporal,56,-0.13745310914146983,0.3081678377926782,0.5025273014664275,FALSE
average,threshold,4,absolute,retained,sd,alpha,frontal,56,-0.1450418415406683,0.28248189316580774,0.4768951804727141,FALSE
average,threshold,4,absolute,retained,sd,alpha,parieto_occipital,56,-0.2597238624083861,0.0570679932597359,0.16545887978661683,FALSE
average,threshold,4,absolute,retained,sd,beta,centro_temporal,56,0.29785126509416904,0.029924732622935806,0.10624136401102813,FALSE
average,threshold,4,absolute,retained,sd,beta,frontal,56,0.46841814918225666,9.153460361361642e-4,0.009390146143792629,TRUE
average,threshold,4,absolute,retained,sd,beta,parieto_occipital,56,0.17325476709211907,0.20020995110904088,0.3851639237565319,FALSE
average,threshold,4,absolute,retained,sd,theta,centro_temporal,56,0.5062765613019473,3.77465009540774e-4,0.005025972455803183,TRUE
average,threshold,4,absolute,retained,sd,theta,frontal,56,0.2701495952579757,0.04809261557655968,0.14800735665445952,FALSE
average,threshold,4,absolute,retained,sd,theta,parieto_occipital,56,0.18195673587618127,0.17886355251796324,0.35754318364516247,FALSE
average,threshold,4,rel_1_30,removed,cv,alpha,centro_temporal,56,0.4381389534847833,0.001811368304103767,0.014826526244958832,TRUE
average,threshold,4,rel_1_30,removed,cv,alpha,frontal,56,0.3786998801592499,0.0064173124300215285,0.03521190700543268,TRUE
average,threshold,4,rel_1_30,removed,cv,alpha,parieto_occipital,56,0.39333813343418034,0.004745799374660995,0.029149554452894078,TRUE
average,threshold,4,rel_1_30,removed,cv,beta,centro_temporal,56,-0.01827023096297991,0.8917498750711166,0.9406195101129954,FALSE
average,threshold,4,rel_1_30,removed,cv,beta,frontal,56,0.15244278941612896,0.25890566307434054,0.4514014430641417,FALSE
average,threshold,4,rel_1_30,removed,cv,beta,parieto_occipital,56,0.08609370076390262,0.5220807360942269,0.6904251367123654,FALSE
average,threshold,4,rel_1_30,removed,cv,theta,centro_temporal,56,-0.030224272775816182,0.8219016306089543,0.9017674684571504,FALSE
average,threshold,4,rel_1_30,removed,cv,theta,frontal,56,0.14156815312427193,0.29404855145359976,0.4882163888974177,FALSE
average,threshold,4,rel_1_30,removed,cv,theta,parieto_occipital,56,-0.05758411269075299,0.6682107003362738,0.8006173198482073,FALSE
average,threshold,4,rel_1_30,removed,mean,alpha,centro_temporal,56,-0.29552428644586604,0.031175350465203432,0.1092964496020838,FALSE
average,threshold,4,rel_1_30,removed,mean,alpha,frontal,56,-0.19210702421573828,0.1562137478115817,0.3292155226298042,FALSE
average,threshold,4,rel_1_30,removed,mean,alpha,parieto_occipital,56,-0.22109950196337042,0.10371080409079765,0.2523326697778606,FALSE
average,threshold,4,rel_1_30,removed,mean,beta,centro_temporal,56,0.057598947923725566,0.6681304665222916,0.8006173198482073,FALSE
average,threshold,4,rel_1_30,removed,mean,beta,frontal,56,0.07105262602715005,0.5970686231163045,0.7500493721086242,FALSE
average,threshold,4,rel_1_30,removed,mean,beta,parieto_occipital,56,0.009931945892279453,0.9410223431136248,0.9644242174384041,FALSE
average,threshold,4,rel_1_30,removed,mean,theta,centro_temporal,56,0.31670698367463956,0.021321707854281096,0.0829502458209228,FALSE
average,threshold,4,rel_1_30,removed,mean,theta,frontal,56,0.15534085135466028,0.25006618026645966,0.440533443079291,FALSE
average,threshold,4,rel_1_30,removed,mean,theta,parieto_occipital,56,0.27961453827346605,0.041026940524456344,0.13281660679357724,FALSE
average,threshold,4,rel_1_30,removed,sd,alpha,centro_temporal,56,0.2598850302190112,0.056919028129180045,0.16527347376120388,FALSE
average,threshold,4,rel_1_30,removed,sd,alpha,frontal,56,0.23036424722966045,0.09034542515439824,0.22848740268182982,FALSE
average,threshold,4,rel_1_30,removed,sd,alpha,parieto_occipital,56,0.3488209122428004,0.01163189917172986,0.05335590398002227,FALSE
average,threshold,4,rel_1_30,removed,sd,beta,centro_temporal,56,0.12191942786249471,0.3655603967141222,0.5576477215291128,FALSE
average,threshold,4,rel_1_30,removed,sd,beta,frontal,56,0.25809548705717056,0.05859185619610764,0.16874454584479,FALSE
average,threshold,4,rel_1_30,removed,sd,beta,parieto_occipital,56,0.1672462953187891,0.21602846278104593,0.4012409212214754,FALSE
average,threshold,4,rel_1_30,removed,sd,theta,centro_temporal,56,0.5285236539392646,2.2085652965058014e-4,0.0035380471310235435,TRUE
average,threshold,4,rel_1_30,removed,sd,theta,frontal,56,0.46851418854651344,9.133319048573742e-4,0.009390146143792629,TRUE
average,threshold,4,rel_1_30,removed,sd,theta,parieto_occipital,56,0.5801655815599486,6.120575650055311e-5,0.0015186126765428351,TRUE
average,threshold,4,rel_1_30,retained,cv,alpha,centro_temporal,56,0.3550636035165659,0.010297435110717523,0.04906424964518349,TRUE
average,threshold,4,rel_1_30,retained,cv,alpha,frontal,56,0.37782089318455736,0.006533256441568072,0.03562594816944834,TRUE
average,threshold,4,rel_1_30,retained,cv,alpha,parieto_occipital,56,0.39019530884354714,0.005066251470901834,0.030164756077896374,TRUE
average,threshold,4,rel_1_30,retained,cv,beta,centro_temporal,56,0.28502419061220646,0.03740885938030376,0.12516836942394238,FALSE
average,threshold,4,rel_1_30,retained,cv,beta,frontal,56,0.3038258273966681,0.02691449656444453,0.09890695901943321,FALSE
average,threshold,4,rel_1_30,retained,cv,beta,parieto_occipital,56,0.18836620628566098,0.16428645475170725,0.33993918897000414,FALSE
average,threshold,4,rel_1_30,retained,cv,theta,centro_temporal,56,0.5342973652528961,1.9184216299098872e-4,0.003320334378617867,TRUE
average,threshold,4,rel_1_30,retained,cv,theta,frontal,56,0.6631520957204659,7.0753880987426225e-6,3.9632025275658256e-4,TRUE
average,threshold,4,rel_1_30,retained,cv,theta,parieto_occipital,56,0.45193036486366034,0.0013313691517708463,0.01223726539500012,TRUE
average,threshold,4,rel_1_30,retained,mean,alpha,centro_temporal,56,-0.44922566461831387,0.0014148016362479853,0.012674536317355222,TRUE
average,threshold,4,rel_1_30,retained,mean,alpha,frontal,56,-0.3689912547771351,0.007810102160867876,0.040219440001926225,TRUE
average,threshold,4,rel_1_30,retained,mean,alpha,parieto_occipital,56,-0.3171919619405946,0.02113309502399564,0.08255952454067955,FALSE
average,threshold,4,rel_1_30,retained,mean,beta,centro_temporal,56,-0.10651448935486642,0.4288313643750252,0.6118245415525759,FALSE
average,threshold,4,rel_1_30,retained,mean,beta,frontal,56,-0.1043740447229414,0.4381140576115735,0.6191884609210461,FALSE
average,threshold,4,rel_1_30,retained,mean,beta,parieto_occipital,56,-0.16996714546588618,0.20875422152218526,0.39399825887293993,FALSE
average,threshold,4,rel_1_30,retained,mean,theta,centro_temporal,56,0.01954942949513664,0.8842237768257881,0.9354726651152828,FALSE
average,threshold,4,rel_1_30,retained,mean,theta,frontal,56,-0.06748796039607505,0.6155529613929096,0.7626736500623431,FALSE
average,threshold,4,rel_1_30,retained,mean,theta,parieto_occipital,56,0.023049495925225923,0.8636881294008056,0.9260947179013603,FALSE
average,threshold,4,rel_1_30,retained,sd,alpha,centro_temporal,56,-0.09397169229217028,0.48488506340030657,0.6585052107966536,FALSE
average,threshold,4,rel_1_30,retained,sd,alpha,frontal,56,-0.1440205844629069,0.2858491041053402,0.4803538093988538,FALSE
average,threshold,4,rel_1_30,retained,sd,alpha,parieto_occipital,56,-0.021868415382001852,0.8706079467944262,0.9273747749888487,FALSE
average,threshold,4,rel_1_30,retained,sd,beta,centro_temporal,56,0.05953195564723647,0.6577097469175625,0.793701529922046,FALSE
average,threshold,4,rel_1_30,retained,sd,beta,frontal,56,0.09453567087265641,0.48227996439621457,0.6571508966877493,FALSE
average,threshold,4,rel_1_30,retained,sd,beta,parieto_occipital,56,-0.06735776264960006,0.616232962787872,0.7627869338806896,FALSE
average,threshold,4,rel_1_30,retained,sd,theta,centro_temporal,56,0.5889448293760053,4.896614525274852e-5,0.001331331277920883,TRUE
average,threshold,4,rel_1_30,retained,sd,theta,frontal,56,0.518240095283198,2.8332857803689966e-4,0.004110378773908455,TRUE
average,threshold,4,rel_1_30,retained,sd,theta,parieto_occipital,56,0.4440741286412137,0.0015875893052747468,0.013686357469863006,TRUE
average,threshold,4,rel_4_30,removed,cv,alpha,centro_temporal,56,0.42227998501526376,0.00256421257296484,0.018903422184849722,TRUE
average,threshold,4,rel_4_30,removed,cv,alpha,frontal,56,0.3706999990872828,0.0075463616300748505,0.039277448484245005,TRUE
average,threshold,4,rel_4_30,removed,cv,alpha,parieto_occipital,56,0.39127514789677537,0.004953947584511433,0.029954818364821854,TRUE
average,threshold,4,rel_4_30,removed,cv,beta,centro_temporal,56,0.06180660243193865,0.6455343720891933,0.7848147713204452,FALSE
average,threshold,4,rel_4_30,removed,cv,beta,frontal,56,0.25057996533408317,0.06608238268260866,0.18196055514871282,FALSE
average,threshold,4,rel_4_30,removed,cv,beta,parieto_occipital,56,0.1661893523522266,0.2189042360990521,0.40424713067294665,FALSE
average,threshold,4,rel_4_30,removed,cv,theta,centro_temporal,56,-0.07574798764098982,0.5731249807412955,0.731944732022479,FALSE
average,threshold,4,rel_4_30,removed,cv,theta,frontal,56,0.10365079394157059,0.44127730116779396,0.6214002705325545,FALSE
average,threshold,4,rel_4_30,removed,cv,theta,parieto_occipital,56,-0.08686384385473812,0.5183791561722348,0.6882779220128122,FALSE
average,threshold,4,rel_4_30,removed,mean,alpha,centro_temporal,56,-0.28030978741841256,0.0405454970165871,0.13209148908377144,FALSE
average,threshold,4,rel_4_30,removed,mean,alpha,frontal,56,-0.1900732343087503,0.16056347952531574,0.33472965597556437,FALSE
average,threshold,4,rel_4_30,removed,mean,alpha,parieto_occipital,56,-0.22452728103954014,0.09858876262949914,0.24260323360980546,FALSE
average,threshold,4,rel_4_30,removed,mean,beta,centro_temporal,56,0.1196912374168261,0.37432331150843345,0.5643152520918144,FALSE
average,threshold,4,rel_4_30,removed,mean,beta,frontal,56,0.13453925457645555,0.3184400882493122,0.5118210265040619,FALSE
average,threshold,4,rel_4_30,removed,mean,beta,parieto_occipital,56,0.0839587177803162,0.5324147564865684,0.6998068198849825,FALSE
average,threshold,4,rel_4_30,removed,mean,theta,centro_temporal,56,0.35279760372719327,0.01076474318728541,0.050504500641482174,FALSE
average,threshold,4,rel_4_30,removed,mean,theta,frontal,56,0.17173515730010544,0.20412613712941868,0.38865936393691475,FALSE
average,threshold,4,rel_4_30,removed,mean,theta,parieto_occipital,56,0.29824048410694975,0.02971993118059355,0.10591300864358177,FALSE
average,threshold,4,rel_4_30,removed,sd,alpha,centro_temporal,56,0.29118723803981644,0.03362968164434108,0.11612096113072658,FALSE
average,threshold,4,rel_4_30,removed,sd,alpha,frontal,56,0.25710577876010016,0.05953490309954204,0.17007472685600253,FALSE
average,threshold,4,rel_4_30,removed,sd,alpha,parieto_occipital,56,0.3682373827625448,0.007929135931228227,0.04063469350618107,TRUE
average,threshold,4,rel_4_30,removed,sd,beta,centro_temporal,56,0.25700375197210584,0.05963285129258293,0.17010456773702304,FALSE
average,threshold,4,rel_4_30,removed,sd,beta,frontal,56,0.39419358088740253,0.004661896568931784,0.028904824425959895,TRUE
average,threshold,4,rel_4_30,removed,sd,beta,parieto_occipital,56,0.28289886115384916,0.03879565159711201,0.1281388162636909,FALSE
average,threshold,4,rel_4_30,removed,sd,theta,centro_temporal,56,0.5264842292414709,2.320826905981005e-4,0.003626301097898728,TRUE
average,threshold,4,rel_4_30,removed,sd,theta,frontal,56,0.46287488872409716,0.0010390359170146894,0.010164535339323637,TRUE
average,threshold,4,rel_4_30,removed,sd,theta,parieto_occipital,56,0.5757812289073333,6.838505912754789e-5,0.00161140066598731,TRUE
average,threshold,4,rel_4_30,retained,cv,alpha,centro_temporal,56,0.2584952035577271,0.05821461411487581,0.16778237188927883,FALSE
average,threshold,4,rel_4_30,retained,cv,alpha,frontal,56,0.2662630833377655,0.05128505338826686,0.15442005446725376,FALSE
average,threshold,4,rel_4_30,retained,cv,alpha,parieto_occipital,56,0.26636518050063185,0.05119891297201481,0.15431114235286322,FALSE
average,threshold,4,rel_4_30,retained,cv,beta,centro_temporal,56,0.01104417951362994,0.93443222794327,0.9608760915745659,FALSE
average,threshold,4,rel_4_30,retained,cv,beta,frontal,56,0.017169705877554252,0.8982328113376616,0.943617716963207,FALSE
average,threshold,4,rel_4_30,retained,cv,beta,parieto_occipital,56,0.04209528828669661,0.7539443808635351,0.858961385890146,FALSE
average,threshold,4,rel_4_30,retained,cv,theta,centro_temporal,56,0.2234036903133619,0.10024436141186466,0.24558921056668542,FALSE
average,threshold,4,rel_4_30,retained,cv,theta,frontal,56,0.08575928574323753,0.5236923900789582,0.6919688521280634,FALSE
average,threshold,4,rel_4_30,retained,cv,theta,parieto_occipital,56,0.24989951379995062,0.06679894429879785,0.18354367168461203,FALSE
average,threshold,4,rel_4_30,retained,mean,alpha,centro_temporal,56,-0.28961730493109455,0.03455908868149482,0.11822108645353054,FALSE
average,threshold,4,rel_4_30,retained,mean,alpha,frontal,56,-0.2176061976159898,0.10915223942204041,0.2622036199143185,FALSE
average,threshold,4,rel_4_30,retained,mean,alpha,parieto_occipital,56,-0.2151041155114246,0.11319049900195291,0.2683443049509713,FALSE
average,threshold,4,rel_4_30,retained,mean,beta,centro_temporal,56,0.012014506979488488,0.9286866755269361,0.9583974974166803,FALSE
average,threshold,4,rel_4_30,retained,mean,beta,frontal,56,0.04990862927255509,0.7102255115014868,0.830511799002385,FALSE
average,threshold,4,rel_4_30,retained,mean,beta,parieto_occipital,56,-0.034900499097660534,0.7949358158406041,0.8878800494077188,FALSE
average,threshold,4,rel_4_30,retained,mean,theta,centro_temporal,56,0.25379612162016274,0.06278302349303165,0.17586483814186388,FALSE
average,threshold,4,rel_4_30,retained,mean,theta,frontal,56,0.14247365138185275,0.29100243321440916,0.48496247764150147,FALSE
average,threshold,4,rel_4_30,retained,mean,theta,parieto_occipital,56,0.24477200149475745,0.0724126935275321,0.1945684536524152,FALSE
average,threshold,4,rel_4_30,retained,sd,alpha,centro_temporal,56,0.014088720465295251,0.9164179269700623,0.9535535018565959,FALSE
average,threshold,4,rel_4_30,retained,sd,alpha,frontal,56,0.008662283245572756,0.9485502918928497,0.9705167197051051,FALSE
average,threshold,4,rel_4_30,retained,sd,alpha,parieto_occipital,56,0.06751326817899425,0.6154208223491464,0.7626736500623431,FALSE
average,threshold,4,rel_4_30,retained,sd,beta,centro_temporal,56,0.07380254452272093,0.5829887764542794,0.7391532417359014,FALSE
average,threshold,4,rel_4_30,retained,sd,beta,frontal,56,0.0962403598758398,0.47445348809359433,0.6513683480606972,FALSE
average,threshold,4,rel_4_30,retained,sd,beta,parieto_occipital,56,0.04640563742910379,0.729715361689458,0.8421498990850834,FALSE
average,threshold,4,rel_4_30,retained,sd,theta,centro_temporal,56,0.5503393500929539,1.2925129497140222e-4,0.002500144451984138,TRUE
average,threshold,4,rel_4_30,retained,sd,theta,frontal,56,0.41843678784870963,0.0027865665880976416,0.020100502587242355,TRUE
average,threshold,4,rel_4_30,retained,sd,theta,parieto_occipital,56,0.54832051824005,1.3587588246886478e-4,0.0026023912859061394,TRUE
average,threshold,8,absolute,removed,cv,alpha,centro_temporal,27,0.3165636309282712,0.11202595690259451,0.2667219353565753,FALSE
average,threshold,8,absolute,removed,cv,alpha,frontal,27,0.3401743346240891,0.08886429159370392,0.22567234860634933,FALSE
average,threshold,8,absolute,removed,cv,alpha,parieto_occipital,27,0.2690876750126815,0.17386121880343103,0.35188569427784483,FALSE
average,threshold,8,absolute,removed,cv,beta,centro_temporal,27,0.10973646405664127,0.5734320097069112,0.731944732022479,FALSE
average,threshold,8,absolute,removed,cv,beta,frontal,27,0.38395739879563123,0.0566115345842283,0.16500329501318156,FALSE
average,threshold,8,absolute,removed,cv,beta,parieto_occipital,27,0.38964981663698856,0.053284612330788086,0.15778413765582947,FALSE
average,threshold,8,absolute,removed,cv,theta,centro_temporal,27,0.031037923876849078,0.873121302575585,0.9282733454782265,FALSE
average,threshold,8,absolute,removed,cv,theta,frontal,27,0.08265611179738831,0.6711023103203761,0.802597902960819,FALSE
average,threshold,8,absolute,removed,cv,theta,parieto_occipital,27,0.1531333654427311,0.4334089081738811,0.6149977499927188,FALSE
average,threshold,8,absolute,removed,mean,alpha,centro_temporal,27,-0.14872166347905857,0.44662110213912465,0.6268212472231489,FALSE
average,threshold,8,absolute,removed,mean,alpha,frontal,27,-0.11554508172360216,0.5534442737711184,0.7158963522635479,FALSE
average,threshold,8,absolute,removed,mean,alpha,parieto_occipital,27,0.13527922430320713,0.4883452700902259,0.6615632090978392,FALSE
average,threshold,8,absolute,removed,mean,beta,centro_temporal,27,-0.06296388673406754,0.7461589278222017,0.8539720224903552,FALSE
average,threshold,8,absolute,removed,mean,beta,frontal,27,-0.00317281208554065,0.986972202960601,0.9911177246139289,FALSE
average,threshold,8,absolute,removed,mean,beta,parieto_occipital,27,-0.06922600328393445,0.7219701797602589,0.8369662270755273,FALSE
average,threshold,8,absolute,removed,mean,theta,centro_temporal,27,0.21588367248571766,0.2722161646691261,0.46624513138042395,FALSE
average,threshold,8,absolute,removed,mean,theta,frontal,27,0.06407149112532326,0.7418604116026117,0.851595299767037,FALSE
average,threshold,8,absolute,removed,mean,theta,parieto_occipital,27,0.21149356966808874,0.2818610736126944,0.47667501270385204,FALSE
average,threshold,8,absolute,removed,sd,alpha,centro_temporal,27,-0.07390418730667443,0.7040882189695343,0.8258198690266083,FALSE
average,threshold,8,absolute,removed,sd,alpha,frontal,27,-0.0317186243724577,0.8703644643871693,0.9273747749888487,FALSE
average,threshold,8,absolute,removed,sd,alpha,parieto_occipital,27,0.14195284885499795,0.46735757867540406,0.6455228894569847,FALSE
average,threshold,8,absolute,removed,sd,beta,centro_temporal,27,0.15142169519758494,0.4385064111535112,0.6192440736165401,FALSE
average,threshold,8,absolute,removed,sd,beta,frontal,27,0.3498738583085038,0.08060530039596765,0.21013593738967057,FALSE
average,threshold,8,absolute,removed,sd,beta,parieto_occipital,27,0.3632002557277672,0.07033975772183487,0.19048774531315668,FALSE
average,threshold,8,absolute,removed,sd,theta,centro_temporal,27,0.42349838053967687,0.03684949931482698,0.12382960530341167,FALSE
average,threshold,8,absolute,removed,sd,theta,frontal,27,0.40087588194752044,0.047226458260458196,0.14637553915285167,FALSE
average,threshold,8,absolute,removed,sd,theta,parieto_occipital,27,0.5200648107725849,0.011965194658632515,0.054346585085003764,FALSE
average,threshold,8,absolute,retained,cv,alpha,centro_temporal,27,5.469458865280451e-4,0.9977540979262645,0.9980107879437397,FALSE
average,threshold,8,absolute,retained,cv,alpha,frontal,27,-0.1707019939006094,0.383213923410216,0.5733085697215873,FALSE
average,threshold,8,absolute,retained,cv,alpha,parieto_occipital,27,-0.13658499841971902,0.4841968719259616,0.6583427383161599,FALSE
average,threshold,8,absolute,retained,cv,beta,centro_temporal,27,0.2928970358678729,0.14009519132738726,0.3080473406796131,FALSE
average,threshold,8,absolute,retained,cv,beta,frontal,27,0.4389086593694373,0.031007620644832926,0.10905104744824498,FALSE
average,threshold,8,absolute,retained,cv,beta,parieto_occipital,27,0.18780298165927667,0.3381301179197399,0.5309571480096723,FALSE
average,threshold,8,absolute,retained,cv,theta,centro_temporal,27,0.4809925634757854,0.019087223107474058,0.07603779028292734,FALSE
average,threshold,8,absolute,retained,cv,theta,frontal,27,0.22483909538971392,0.25328792859763616,0.44422732569446544,FALSE
average,threshold,8,absolute,retained,cv,theta,parieto_occipital,27,0.24443659544647792,0.2152879130315627,0.4008809415070478,FALSE
average,threshold,8,absolute,retained,mean,alpha,centro_temporal,27,-0.11696704695569138,0.5486067963609558,0.7112314852455471,FALSE
average,threshold,8,absolute,retained,mean,alpha,frontal,27,-0.08751694832520653,0.6530623827836086,0.7913455870515217,FALSE
average,threshold,8,absolute,retained,mean,alpha,parieto_occipital,27,-0.11223792971224443,0.5647800105630296,0.727107510287768,FALSE
average,threshold,8,absolute,retained,mean,beta,centro_temporal,27,0.33840869973075666,0.0904429302282243,0.22848740268182982,FALSE
average,threshold,8,absolute,retained,mean,beta,frontal,27,0.4993655770254292,0.0153524432138953,0.06548275032629498,FALSE
average,threshold,8,absolute,retained,mean,beta,parieto_occipital,27,0.033731041361818655,0.8622240514158522,0.9250350750289275,FALSE
average,threshold,8,absolute,retained,mean,theta,centro_temporal,27,-0.11382586691776803,0.559322388188348,0.7219938397331663,FALSE
average,threshold,8,absolute,retained,mean,theta,frontal,27,-0.11685154378789776,0.5489989082722437,0.7115025851208279,FALSE
average,threshold,8,absolute,retained,mean,theta,parieto_occipital,27,-0.06715212387404956,0.7299498868098588,0.8421498990850834,FALSE
average,threshold,8,absolute,retained,sd,alpha,centro_temporal,27,-0.2047187477861444,0.2972223443283197,0.4911179238200199,FALSE
average,threshold,8,absolute,retained,sd,alpha,frontal,27,-0.25016786218441994,0.2050386100456743,0.38963348771142803,FALSE
average,threshold,8,absolute,retained,sd,alpha,parieto_occipital,27,-0.23236869607775926,0.2381389276954831,0.42673180858631615,FALSE
average,threshold,8,absolute,retained,sd,beta,centro_temporal,27,0.36329159384289966,0.07027350300937174,0.19048774531315668,FALSE
average,threshold,8,absolute,retained,sd,beta,frontal,27,0.38561388846228783,0.0556250104779234,0.16285394633898054,FALSE
average,threshold,8,absolute,retained,sd,beta,parieto_occipital,27,0.0995851075905381,0.6092103634580885,0.75698622343402,FALSE
average,threshold,8,absolute,retained,sd,theta,centro_temporal,27,0.3802294811187548,0.05888822658593452,0.1690938932707265,FALSE
average,threshold,8,absolute,retained,sd,theta,frontal,27,0.16498926824201535,0.3991075612192163,0.5862222130790755,FALSE
average,threshold,8,absolute,retained,sd,theta,parieto_occipital,27,0.16630905118152453,0.3953988772720912,0.5833447218738899,FALSE
average,threshold,8,rel_1_30,removed,cv,alpha,centro_temporal,27,0.39919449127581885,0.048092958358829374,0.14800735665445952,FALSE
average,threshold,8,rel_1_30,removed,cv,alpha,frontal,27,0.3897361885432899,0.05323549147933859,0.15775883450584485,FALSE
average,threshold,8,rel_1_30,removed,cv,alpha,parieto_occipital,27,0.2778804298061693,0.16070738365748394,0.3348501112863331,FALSE
average,threshold,8,rel_1_30,removed,cv,beta,centro_temporal,27,-0.03798935038480702,0.8450508552003122,0.9154521384839269,FALSE
average,threshold,8,rel_1_30,removed,cv,beta,frontal,27,0.28105977718454184,0.1561516258812911,0.3292155226298042,FALSE
average,threshold,8,rel_1_30,removed,cv,beta,parieto_occipital,27,0.19920987304685175,0.31014292617827466,0.5045337644272518,FALSE
average,threshold,8,rel_1_30,removed,cv,theta,centro_temporal,27,-0.10351597369915785,0.5952313574669504,0.748339585601895,FALSE
average,threshold,8,rel_1_30,removed,cv,theta,frontal,27,-0.00817401033663625,0.9664458172300028,0.9803134196165538,FALSE
average,threshold,8,rel_1_30,removed,cv,theta,parieto_occipital,27,0.08803619024763697,0.6511477153585778,0.790403470906697,FALSE
average,threshold,8,rel_1_30,removed,mean,alpha,centro_temporal,27,-0.11076967675603087,0.5698503050209405,0.7302498305607834,FALSE
average,threshold,8,rel_1_30,removed,mean,alpha,frontal,27,-0.04945988975151337,0.799200843944796,0.8893225189631845,FALSE
average,threshold,8,rel_1_30,removed,mean,alpha,parieto_occipital,27,0.10243680630535948,0.599053662615828,0.7514233143492896,FALSE
average,threshold,8,rel_1_30,removed,mean,beta,centro_temporal,27,-0.08182361957025563,0.6742125377451891,0.8038449392067756,FALSE
average,threshold,8,rel_1_30,removed,mean,beta,frontal,27,-0.06887881774730528,0.7233038516425034,0.837713844261559,FALSE
average,threshold,8,rel_1_30,removed,mean,beta,parieto_occipital,27,-0.19981496217663977,0.30870482797221316,0.5030355640531826,FALSE
average,threshold,8,rel_1_30,removed,mean,theta,centro_temporal,27,0.17998814596200352,0.3582674470829389,0.5500994244389892,FALSE
average,threshold,8,rel_1_30,removed,mean,theta,frontal,27,0.0368352122685616,0.8496980243365573,0.9168756289001926,FALSE
average,threshold,8,rel_1_30,removed,mean,theta,parieto_occipital,27,0.17334133652982067,0.37601133910135753,0.5660474618388456,FALSE
average,threshold,8,rel_1_30,removed,sd,alpha,centro_temporal,27,0.09966456762562007,0.6089262601207646,0.75698622343402,FALSE
average,threshold,8,rel_1_30,removed,sd,alpha,frontal,27,0.19955013699938598,0.30933365524213274,0.5034641640048468,FALSE
average,threshold,8,rel_1_30,removed,sd,alpha,parieto_occipital,27,0.21682628033463372,0.27017682192089254,0.46420319888095735,FALSE
average,threshold,8,rel_1_30,removed,sd,beta,centro_temporal,27,0.02905673429131631,0.8811542848457334,0.9341358494907634,FALSE
average,threshold,8,rel_1_30,removed,sd,beta,frontal,27,0.2889705843852508,0.1452655033420504,0.31427465597957266,FALSE
average,threshold,8,rel_1_30,removed,sd,beta,parieto_occipital,27,0.2138986572917868,0.2765471816839854,0.4703479625491405,FALSE
average,threshold,8,rel_1_30,removed,sd,theta,centro_temporal,27,0.2717258883335412,0.1698278811827543,0.346992299983909,FALSE
average,threshold,8,rel_1_30,removed,sd,theta,frontal,27,0.31731251312739106,0.11122036424434384,0.26578044018562313,FALSE
average,threshold,8,rel_1_30,removed,sd,theta,parieto_occipital,27,0.42138112586291626,0.03772539233201882,0.12580487829536005,FALSE
average,threshold,8,rel_1_30,retained,cv,alpha,centro_temporal,27,0.12236761932253316,0.5304377638957669,0.6985427180985165,FALSE
average,threshold,8,rel_1_30,retained,cv,alpha,frontal,27,0.13059269004266233,0.5034000241302927,0.675602103492778,FALSE
average,threshold,8,rel_1_30,retained,cv,alpha,parieto_occipital,27,0.13334920923199017,0.4945138490085781,0.6671542573384827,FALSE
average,threshold,8,rel_1_30,retained,cv,beta,centro_temporal,27,-0.020041920891332235,0.9178567433796935,0.9543798360581114,FALSE
average,threshold,8,rel_1_30,retained,cv,beta,frontal,27,0.1533254811358697,0.43283904317280997,0.6144133624884576,FALSE
average,threshold,8,rel_1_30,retained,cv,beta,parieto_occipital,27,-0.13981684917549914,0.47401687846939466,0.6510399560224875,FALSE
average,threshold,8,rel_1_30,retained,cv,theta,centro_temporal,27,0.3054574669186374,0.12455497354186969,0.2836963896489686,FALSE
average,threshold,8,rel_1_30,retained,cv,theta,frontal,27,0.35703521866901816,0.07493884101000317,0.19956316016910436,FALSE
average,threshold,8,rel_1_30,retained,cv,theta,parieto_occipital,27,0.285726171057695,0.14965348415987195,0.31954411362651103,FALSE
average,threshold,8,rel_1_30,retained,mean,alpha,centro_temporal,27,-0.13984084077674513,0.4739417756552835,0.6510399560224875,FALSE
average,threshold,8,rel_1_30,retained,mean,alpha,frontal,27,-0.12544091492401804,0.5202444778784271,0.6889133662369478,FALSE
average,threshold,8,rel_1_30,retained,mean,alpha,parieto_occipital,27,0.1270950927142062,0.5148025708999839,0.6850827605041557,FALSE
average,threshold,8,rel_1_30,retained,mean,beta,centro_temporal,27,0.06315589175538999,0.7454131690607487,0.8538827941323287,FALSE
average,threshold,8,rel_1_30,retained,mean,beta,frontal,27,0.2827287317066412,0.1538019694993575,0.3260534664195758,FALSE
average,threshold,8,rel_1_30,retained,mean,beta,parieto_occipital,27,-0.024586204570712967,0.8993269145078961,0.9440019016216793,FALSE
average,threshold,8,rel_1_30,retained,mean,theta,centro_temporal,27,-0.07389757069499601,0.7041133914154337,0.8258198690266083,FALSE
average,threshold,8,rel_1_30,retained,mean,theta,frontal,27,-0.14446809575615047,0.4595867448700557,0.6392426544181812,FALSE
average,threshold,8,rel_1_30,retained,mean,theta,parieto_occipital,27,-0.028647233937088925,0.8828163007665839,0.9350013013839494,FALSE
average,threshold,8,rel_1_30,retained,sd,alpha,centro_temporal,27,-0.08134675528377484,0.6759967866181535,0.8052314664128005,FALSE
average,threshold,8,rel_1_30,retained,sd,alpha,frontal,27,-0.11755608008127973,0.5466094169637906,0.7107750545669625,FALSE
average,threshold,8,rel_1_30,retained,sd,alpha,parieto_occipital,27,0.0756904577375268,0.6973051117829505,0.8208760683435482,FALSE
average,threshold,8,rel_1_30,retained,sd,beta,centro_temporal,27,0.07694752978766879,0.6925468258668852,0.8174323190559957,FALSE
average,threshold,8,rel_1_30,retained,sd,beta,frontal,27,0.281230835047892,0.15590948198341334,0.3292155226298042,FALSE
average,threshold,8,rel_1_30,retained,sd,beta,parieto_occipital,27,-0.1314791150669884,0.5005327554914727,0.6734727013779327,FALSE
average,threshold,8,rel_1_30,retained,sd,theta,centro_temporal,27,0.4124711636211234,0.04162018412675891,0.13384555490888228,FALSE
average,threshold,8,rel_1_30,retained,sd,theta,frontal,27,0.3053930356409143,0.12463090750380228,0.28370314307657096,FALSE
average,threshold,8,rel_1_30,retained,sd,theta,parieto_occipital,27,0.4419514154990031,0.029958671615240125,0.10624136401102813,FALSE
average,threshold,8,rel_4_30,removed,cv,alpha,centro_temporal,27,0.39834863134199466,0.04853419118573611,0.1487005006541702,FALSE
average,threshold,8,rel_4_30,removed,cv,alpha,frontal,27,0.38981940443531865,0.05318820335737322,0.15775883450584485,FALSE
average,threshold,8,rel_4_30,removed,cv,alpha,parieto_occipital,27,0.2910027301583049,0.14257059235802982,0.31092712295898994,FALSE
average,threshold,8,rel_4_30,removed,cv,beta,centro_temporal,27,0.014295367127295424,0.9413554282867138,0.9644242174384041,FALSE
average,threshold,8,rel_4_30,removed,cv,beta,frontal,27,0.3078119816134718,0.12180621149598649,0.2805583828770115,FALSE
average,threshold,8,rel_4_30,removed,cv,beta,parieto_occipital,27,0.19290743993840995,0.3254000609474019,0.5178696017042566,FALSE
average,threshold,8,rel_4_30,removed,cv,theta,centro_temporal,27,-0.14130039534683198,0.46938585822253576,0.6466946196914313,FALSE
average,threshold,8,rel_4_30,removed,cv,theta,frontal,27,-0.036225291404179814,0.8521561335518436,0.9180035112837949,FALSE
average,threshold,8,rel_4_30,removed,cv,theta,parieto_occipital,27,0.07369920983207756,0.7048682009660258,0.8262066823502888,FALSE
average,threshold,8,rel_4_30,removed,mean,alpha,centro_temporal,27,-0.0996186631160988,0.6090903806044518,0.75698622343402,FALSE
average,threshold,8,rel_4_30,removed,mean,alpha,frontal,27,-0.039611268947127215,0.8385298279853871,0.9114352729122686,FALSE
average,threshold,8,rel_4_30,removed,mean,alpha,parieto_occipital,27,0.06831218512965641,0.7254824135190173,0.8388820318553306,FALSE
average,threshold,8,rel_4_30,removed,mean,beta,centro_temporal,27,-0.001386022167515391,0.9943086756043522,0.9961020692475449,FALSE
average,threshold,8,rel_4_30,removed,mean,beta,frontal,27,0.029026156958379026,0.8812783682952985,0.9341358494907634,FALSE
average,threshold,8,rel_4_30,removed,mean,beta,parieto_occipital,27,-0.19549708720270012,0.3190694351190052,0.5124089069569154,FALSE
average,threshold,8,rel_4_30,removed,mean,theta,centro_temporal,27,0.2012454068421801,0.30532370977934814,0.49941042642915673,FALSE
average,threshold,8,rel_4_30,removed,mean,theta,frontal,27,0.03902438394051748,0.8408881078171381,0.9127227702939791,FALSE
average,threshold,8,rel_4_30,removed,mean,theta,parieto_occipital,27,0.15534216797172984,0.4268847736640844,0.6097457751675093,FALSE
average,threshold,8,rel_4_30,removed,sd,alpha,centro_temporal,27,0.1426610375672456,0.46516186730208375,0.6436118647937727,FALSE
average,threshold,8,rel_4_30,removed,sd,alpha,frontal,27,0.22977848785433116,0.2432720594493064,0.4328795272946926,FALSE
average,threshold,8,rel_4_30,removed,sd,alpha,parieto_occipital,27,0.2283096489434683,0.24621926245482778,0.4354990863091573,FALSE
average,threshold,8,rel_4_30,removed,sd,beta,centro_temporal,27,0.1567542269399057,0.4227458969230763,0.6067316527268072,FALSE
average,threshold,8,rel_4_30,removed,sd,beta,frontal,27,0.3290462474795473,0.09921796584879741,0.24368885105503746,FALSE
average,threshold,8,rel_4_30,removed,sd,beta,parieto_occipital,27,0.20598289005120246,0.2943118874115751,0.4882163888974177,FALSE
average,threshold,8,rel_4_30,removed,sd,theta,centro_temporal,27,0.26033344253834534,0.18778889327610618,0.36765801321270686,FALSE
average,threshold,8,rel_4_30,removed,sd,theta,frontal,27,0.3008100173277451,0.13013087409497293,0.29316869761551156,FALSE
average,threshold,8,rel_4_30,removed,sd,theta,parieto_occipital,27,0.3913266873511675,0.05233808195146077,0.15614725873378893,FALSE
average,threshold,8,rel_4_30,retained,cv,alpha,centro_temporal,27,0.11531200259824974,0.5542393068615465,0.7166220236374103,FALSE
average,threshold,8,rel_4_30,retained,cv,alpha,frontal,27,0.12237266591893263,0.5304209380974075,0.6985427180985165,FALSE
average,threshold,8,rel_4_30,retained,cv,alpha,parieto_occipital,27,0.16048707749289104,0.4119249860579183,0.5980449386830419,FALSE
average,threshold,8,rel_4_30,retained,cv,beta,centro_temporal,27,-0.11039945725987538,0.5711323978677747,0.7309291517149138,FALSE
average,threshold,8,rel_4_30,retained,cv,beta,frontal,27,-0.08728567291639627,0.6539159745455617,0.7913455870515217,FALSE
average,threshold,8,rel_4_30,retained,cv,beta,parieto_occipital,27,-0.06486482761436864,0.7387867638804135,0.8495578107256974,FALSE
average,threshold,8,rel_4_30,retained,cv,theta,centro_temporal,27,0.28216276473058477,0.15459556526280333,0.3273788440859365,FALSE
average,threshold,8,rel_4_30,retained,cv,theta,frontal,27,0.2694614643504676,0.17328519962684158,0.35110064586084505,FALSE
average,threshold,8,rel_4_30,retained,cv,theta,parieto_occipital,27,0.5788489750712833,0.005775179177653917,0.032948599417338076,TRUE
average,threshold,8,rel_4_30,retained,mean,alpha,centro_temporal,27,-0.09001659428120663,0.6438675466154722,0.7832781668463566,FALSE
average,threshold,8,rel_4_30,retained,mean,alpha,frontal,27,-0.05394355496150059,0.781466361264606,0.8773725707758557,FALSE
average,threshold,8,rel_4_30,retained,mean,alpha,parieto_occipital,27,0.13208717206832243,0.49857122019518785,0.6714391770415277,FALSE
average,threshold,8,rel_4_30,retained,mean,beta,centro_temporal,27,0.10476674326108974,0.5908160512131891,0.745325375443504,FALSE
average,threshold,8,rel_4_30,retained,mean,beta,frontal,27,0.40821887795506684,0.04360301768087001,0.13861695236567667,FALSE
average,threshold,8,rel_4_30,retained,mean,beta,parieto_occipital,27,-0.10745885380086949,0.5813671898775123,0.7378442620396426,FALSE
average,threshold,8,rel_4_30,retained,mean,theta,centro_temporal,27,-0.023307264993429357,0.9045365327768189,0.9460057548165614,FALSE
average,threshold,8,rel_4_30,retained,mean,theta,frontal,27,-0.18005170703245413,0.358100501299803,0.5500967005348218,FALSE
average,threshold,8,rel_4_30,retained,mean,theta,parieto_occipital,27,-0.0556982122833328,0.7745581027341494,0.872893305342137,FALSE
average,threshold,8,rel_4_30,retained,sd,alpha,centro_temporal,27,-0.04073871875594716,0.8340037199877071,0.9087444293630695,FALSE
average,threshold,8,rel_4_30,retained,sd,alpha,frontal,27,-0.020369346972216467,0.9165199167793465,0.9535535018565959,FALSE
average,threshold,8,rel_4_30,retained,sd,alpha,parieto_occipital,27,0.09703773664645009,0.6183511665507029,0.7643910390470262,FALSE
average,threshold,8,rel_4_30,retained,sd,beta,centro_temporal,27,0.014409514746981327,0.9408880593225322,0.9644242174384041,FALSE
average,threshold,8,rel_4_30,retained,sd,beta,frontal,27,0.18853244389772694,0.33629043314617413,0.5289228171813612,FALSE
average,threshold,8,rel_4_30,retained,sd,beta,parieto_occipital,27,-0.08429256481284768,0.6650058463594547,0.7982533901344736,FALSE
average,threshold,8,rel_4_30,retained,sd,theta,centro_temporal,27,0.41516810433267587,0.04040484255560435,0.13190094698252705,FALSE
average,threshold,8,rel_4_30,retained,sd,theta,frontal,27,0.4545377699909247,0.025954148032579543,0.09601306141833423,FALSE
average,threshold,8,rel_4_30,retained,sd,theta,parieto_occipital,27,0.4941358559942463,0.016339729498858577,0.06779807139224103,FALSE
average,threshold,10,absolute,removed,cv,alpha,centro_temporal,21,0.19489987219240687,0.3824017958658429,0.5728956266834514,FALSE
average,threshold,10,absolute,removed,cv,alpha,frontal,21,0.24456488338673518,0.2756774150989514,0.4697056121601655,FALSE
average,threshold,10,absolute,removed,cv,alpha,parieto_occipital,21,0.1485009220320097,0.5039800199578562,0.6761471075210991,FALSE
average,threshold,10,absolute,removed,cv,beta,centro_temporal,21,-0.03460351138921278,0.8755954002968495,0.9298866201459031,FALSE
average,threshold,10,absolute,removed,cv,beta,frontal,21,0.15816359446062792,0.47697158154904007,0.6529808130502351,FALSE
average,threshold,10,absolute,removed,cv,beta,parieto_occipital,21,0.2464607680615088,0.2720833087027034,0.4662229635240683,FALSE
average,threshold,10,absolute,removed,cv,theta,centro_temporal,21,-0.026407933782234737,0.9048856487044218,0.9460057548165614,FALSE
average,threshold,10,absolute,removed,cv,theta,frontal,21,0.2821985922715393,0.21068169917723387,0.39676196158884286,FALSE
average,threshold,10,absolute,removed,cv,theta,parieto_occipital,21,0.44253336095574064,0.05609764491026827,0.16386750068454023,FALSE
average,threshold,10,absolute,removed,mean,alpha,centro_temporal,21,-0.1089996861291533,0.6228781713799016,0.7673480134109816,FALSE
average,threshold,10,absolute,removed,mean,alpha,frontal,21,-0.07352306271679324,0.7396833694020941,0.8498489776109167,FALSE
average,threshold,10,absolute,removed,mean,alpha,parieto_occipital,21,0.13623900963243646,0.5394710259250224,0.7047927919343034,FALSE
average,threshold,10,absolute,removed,mean,beta,centro_temporal,21,-0.09796943416797207,0.6582928369804767,0.7938921707260873,FALSE
average,threshold,10,absolute,removed,mean,beta,frontal,21,-0.009433471718045074,0.9659472001460353,0.9800755197873133,FALSE
average,threshold,10,absolute,removed,mean,beta,parieto_occipital,21,-0.11988803180591352,0.5888162785516176,0.7447357485389359,FALSE
average,threshold,10,absolute,removed,mean,theta,centro_temporal,21,0.17922588982183293,0.4211491652073649,0.6060059046359122,FALSE
average,threshold,10,absolute,removed,mean,theta,frontal,21,-0.026096052672186495,0.9060033190046504,0.9469195979274411,FALSE
average,threshold,10,absolute,removed,mean,theta,parieto_occipital,21,0.1552940184695446,0.4849023710161572,0.6585052107966536,FALSE
average,threshold,10,absolute,removed,sd,alpha,centro_temporal,21,-0.022139246527270933,0.9201997018222409,0.9549942112398896,FALSE
average,threshold,10,absolute,removed,sd,alpha,frontal,21,0.047971009979888915,0.8282311668299691,0.9058123141026498,FALSE
average,threshold,10,absolute,removed,sd,alpha,parieto_occipital,21,0.19333602620293658,0.38615905393391836,0.5754643164795227,FALSE
average,threshold,10,absolute,removed,sd,beta,centro_temporal,21,-0.0942887388495777,0.6703021014354626,0.8022875727739505,FALSE
average,threshold,10,absolute,removed,sd,beta,frontal,21,0.11430104640268668,0.6061787048099876,0.7555789390110385,FALSE
average,threshold,10,absolute,removed,sd,beta,parieto_occipital,21,0.22427924599510754,0.316325411045112,0.5103742070958757,FALSE
average,threshold,10,absolute,removed,sd,theta,centro_temporal,21,0.34159239889609916,0.13318137283058107,0.2974205500087876,FALSE
average,threshold,10,absolute,removed,sd,theta,frontal,21,0.41109797078182947,0.07420212669784748,0.1980081459171112,FALSE
average,threshold,10,absolute,removed,sd,theta,parieto_occipital,21,0.7706216643573608,0.002096755495589866,0.016226075136948244,TRUE
average,threshold,10,absolute,retained,cv,alpha,centro_temporal,21,-0.07474756848144021,0.7355209709952394,0.8470691751272188,FALSE
average,threshold,10,absolute,retained,cv,alpha,frontal,21,-0.12584718708619572,0.5705738484251011,0.7305500762599559,FALSE
average,threshold,10,absolute,retained,cv,alpha,parieto_occipital,21,-0.27962190687563226,0.21471530731397828,0.4004164514475883,FALSE
average,threshold,10,absolute,retained,cv,beta,centro_temporal,21,-0.04006034278431525,0.8561917164004944,0.9205955180766378,FALSE
average,threshold,10,absolute,retained,cv,beta,frontal,21,0.1222145966582138,0.5816596355842347,0.7378442620396426,FALSE
average,threshold,10,absolute,retained,cv,beta,parieto_occipital,21,0.10723818313329211,0.628474137431847,0.7714742006641734,FALSE
average,threshold,10,absolute,retained,cv,theta,centro_temporal,21,0.45435830545294187,0.05038352427730335,0.1525002323688958,FALSE
average,threshold,10,absolute,retained,cv,theta,frontal,21,0.021957580566505895,0.920852185683731,0.9549942112398896,FALSE
average,threshold,10,absolute,retained,cv,theta,parieto_occipital,21,0.3851745374848463,0.09281408353634277,0.2328136495414843,FALSE
average,threshold,10,absolute,retained,mean,alpha,centro_temporal,21,-0.11008483120202137,0.6194424740572466,0.764811793945562,FALSE
average,threshold,10,absolute,retained,mean,alpha,frontal,21,-0.1273295121011544,0.5660814615009752,0.7278190219298253,FALSE
average,threshold,10,absolute,retained,mean,alpha,parieto_occipital,21,-0.14769966082091218,0.5062580933077757,0.6782672180498388,FALSE
average,threshold,10,absolute,retained,mean,beta,centro_temporal,21,0.3257389642924308,0.1511173581673741,0.3215896489079094,FALSE
average,threshold,10,absolute,retained,mean,beta,frontal,21,0.4528415278422019,0.051085938024105826,0.1542097259609654,FALSE
average,threshold,10,absolute,retained,mean,beta,parieto_occipital,21,-0.07453870458280833,0.7362303642095419,0.8476350773013619,FALSE
average,threshold,10,absolute,retained,mean,theta,centro_temporal,21,-0.1368765501208635,0.5375929838567859,0.7042323184754661,FALSE
average,threshold,10,absolute,retained,mean,theta,frontal,21,-0.1366680821673939,0.5382066915363494,0.7043243408594165,FALSE
average,threshold,10,absolute,retained,mean,theta,parieto_occipital,21,-0.08186728983895981,0.7114882804276743,0.8317096916123865,FALSE
average,threshold,10,absolute,retained,sd,alpha,centro_temporal,21,-0.19485059594013493,0.38251981658185186,0.5728956266834514,FALSE
average,threshold,10,absolute,retained,sd,alpha,frontal,21,-0.18412011922833357,0.4087910960726727,0.5957195582948094,FALSE
average,threshold,10,absolute,retained,sd,alpha,parieto_occipital,21,-0.19652012959826312,0.37853453523019054,0.5684597423619084,FALSE
average,threshold,10,absolute,retained,sd,beta,centro_temporal,21,0.1675039362566762,0.4516929932559869,0.6317202725824738,FALSE
average,threshold,10,absolute,retained,sd,beta,frontal,21,0.259933497100169,0.24753394250598054,0.4372612305603146,FALSE
average,threshold,10,absolute,retained,sd,beta,parieto_occipital,21,-0.03655124668264004,0.8686596213636489,0.9273747749888487,FALSE
average,threshold,10,absolute,retained,sd,theta,centro_temporal,21,0.35756738670150273,0.11693766815361395,0.2738877432417175,FALSE
average,threshold,10,absolute,retained,sd,theta,frontal,21,0.07874924294707458,0.721977092949333,0.8369662270755273,FALSE
average,threshold,10,absolute,retained,sd,theta,parieto_occipital,21,0.16914354307761317,0.44734107384003574,0.627420402810739,FALSE
average,threshold,10,rel_1_30,removed,cv,alpha,centro_temporal,21,0.29982361663165746,0.18465689373685998,0.3652702632140246,FALSE
average,threshold,10,rel_1_30,removed,cv,alpha,frontal,21,0.24437007164185431,0.27604869438939766,0.4697056121601655,FALSE
average,threshold,10,rel_1_30,removed,cv,alpha,parieto_occipital,21,0.1551287638609602,0.4853614248067536,0.6586236865480877,FALSE
average,threshold,10,rel_1_30,removed,cv,beta,centro_temporal,21,-0.021165726736159206,0.9236969257601403,0.9559046173424075,FALSE
average,threshold,10,rel_1_30,removed,cv,beta,frontal,21,0.29833617378148136,0.18674961242932409,0.36707911684793326,FALSE
average,threshold,10,rel_1_30,removed,cv,beta,parieto_occipital,21,0.1991535447966148,0.37230454274863556,0.5627994021021365,FALSE
average,threshold,10,rel_1_30,removed,cv,theta,centro_temporal,21,-0.14833107953069657,0.5044624140278562,0.6765608367507088,FALSE
average,threshold,10,rel_1_30,removed,cv,theta,frontal,21,0.10501087690627509,0.6355828770268658,0.7770900081385076,FALSE
average,threshold,10,rel_1_30,removed,cv,theta,parieto_occipital,21,0.3347505725608502,0.14069263917277428,0.3083551013783679,FALSE
average,threshold,10,rel_1_30,removed,mean,alpha,centro_temporal,21,-0.038499527901614546,0.8617327668690753,0.9247631790193114,FALSE
average,threshold,10,rel_1_30,removed,mean,alpha,frontal,21,0.010965019904627421,0.9604231837077802,0.9777995895060588,FALSE
average,threshold,10,rel_1_30,removed,mean,alpha,parieto_occipital,21,0.17169730596409968,0.44061409614373126,0.6213958910138354,FALSE
average,threshold,10,rel_1_30,removed,mean,beta,centro_temporal,21,-0.14192398555514546,0.5228501550434257,0.6912075494079697,FALSE
average,threshold,10,rel_1_30,removed,mean,beta,frontal,21,-0.11213077717067262,0.6129890930744315,0.7605391509720366,FALSE
average,threshold,10,rel_1_30,removed,mean,beta,parieto_occipital,21,-0.285529077390926,0.20555578627561563,0.39023481300761403,FALSE
average,threshold,10,rel_1_30,removed,mean,theta,centro_temporal,21,0.1363968557630969,0.539005719622619,0.7046054517545579,FALSE
average,threshold,10,rel_1_30,removed,mean,theta,frontal,21,-0.051853602666802515,0.8145907776969509,0.8979974673986721,FALSE
average,threshold,10,rel_1_30,removed,mean,theta,parieto_occipital,21,0.13317438605059453,0.5485477968539498,0.7112314852455471,FALSE
average,threshold,10,rel_1_30,removed,sd,alpha,centro_temporal,21,0.1332324886420105,0.5483749567477751,0.7112314852455471,FALSE
average,threshold,10,rel_1_30,removed,sd,alpha,frontal,21,0.22875467615881706,0.30701064472311346,0.5009053238285628,FALSE
average,threshold,10,rel_1_30,removed,sd,alpha,parieto_occipital,21,0.21008179395407972,0.34718660333364015,0.5397287140188697,FALSE
average,threshold,10,rel_1_30,removed,sd,beta,centro_temporal,21,-0.03628406360052608,0.869610415371741,0.9273747749888487,FALSE
average,threshold,10,rel_1_30,removed,sd,beta,frontal,21,0.28091442002313044,0.21268454348308735,0.398078294843304,FALSE
average,threshold,10,rel_1_30,removed,sd,beta,parieto_occipital,21,0.17874283353837522,0.42238157671691445,0.6064326330411238,FALSE
average,threshold,10,rel_1_30,removed,sd,theta,centro_temporal,21,0.1649596518990735,0.4584969516297681,0.6384799956792759,FALSE
average,threshold,10,rel_1_30,removed,sd,theta,frontal,21,0.29810300327595357,0.1870793687561144,0.3674909262104438,FALSE
average,threshold,10,rel_1_30,removed,sd,theta,parieto_occipital,21,0.5510545537838363,0.020117247523925987,0.07948766094819536,FALSE
average,threshold,10,rel_1_30,retained,cv,alpha,centro_temporal,21,0.0019779714692881914,0.9928577168777746,0.9949956744209713,FALSE
average,threshold,10,rel_1_30,retained,cv,alpha,frontal,21,-0.022460125865710973,0.9190473512763877,0.9546503077110863,FALSE
average,threshold,10,rel_1_30,retained,cv,alpha,parieto_occipital,21,0.022669363311209664,0.9182960305281365,0.9543798360581114,FALSE
average,threshold,10,rel_1_30,retained,cv,beta,centro_temporal,21,-0.12455927735131374,0.5744918249755406,0.7325759972138085,FALSE
average,threshold,10,rel_1_30,retained,cv,beta,frontal,21,0.18540787280421084,0.4055784531436004,0.592370032239789,FALSE
average,threshold,10,rel_1_30,retained,cv,beta,parieto_occipital,21,-0.03197020864633857,0.8849887217627475,0.9360272443453651,FALSE
average,threshold,10,rel_1_30,retained,cv,theta,centro_temporal,21,0.2661664557143374,0.23675702124085246,0.4256394027413365,FALSE
average,threshold,10,rel_1_30,retained,cv,theta,frontal,21,0.47723908705305945,0.04079510543447125,0.13241109858903402,FALSE
average,threshold,10,rel_1_30,retained,cv,theta,parieto_occipital,21,0.42045365568454207,0.06833845782093301,0.18684912808000712,FALSE
average,threshold,10,rel_1_30,retained,mean,alpha,centro_temporal,21,-0.19264712371587842,0.3878218677613454,0.5763958034618161,FALSE
average,threshold,10,rel_1_30,retained,mean,alpha,frontal,21,-0.17150656573823003,0.44111436707772267,0.6213958910138354,FALSE
average,threshold,10,rel_1_30,retained,mean,alpha,parieto_occipital,21,0.054109745407019114,0.8066918657572357,0.8942098426312661,FALSE
average,threshold,10,rel_1_30,retained,mean,beta,centro_temporal,21,0.06892157907132697,0.7553974888446429,0.8598993521886485,FALSE
average,threshold,10,rel_1_30,retained,mean,beta,frontal,21,0.1643638196401316,0.46009923331515434,0.6392426544181812,FALSE
average,threshold,10,rel_1_30,retained,mean,beta,parieto_occipital,21,-0.14954686369022008,0.5010150741946908,0.6735638341870532,FALSE
average,threshold,10,rel_1_30,retained,mean,theta,centro_temporal,21,-0.10768121330746279,0.6270645303036024,0.7705521156195974,FALSE
average,threshold,10,rel_1_30,retained,mean,theta,frontal,21,-0.16591144843862718,0.45594442742392116,0.6365213406909176,FALSE
average,threshold,10,rel_1_30,retained,mean,theta,parieto_occipital,21,-0.02538456003256474,0.9085538005276985,0.9488200849991114,FALSE
average,threshold,10,rel_1_30,retained,sd,alpha,centro_temporal,21,-0.14274679442611615,0.5204681884453459,0.6889133662369478,FALSE
average,threshold,10,rel_1_30,retained,sd,alpha,frontal,21,-0.12517165413096873,0.5726271921251991,0.7318785414144556,FALSE
average,threshold,10,rel_1_30,retained,sd,alpha,parieto_occipital,21,0.02468563233128976,0.9110602292769447,0.9504164667101586,FALSE
average,threshold,10,rel_1_30,retained,sd,beta,centro_temporal,21,-0.019927878978115574,0.9281459929487273,0.9582133883655474,FALSE
average,threshold,10,rel_1_30,retained,sd,beta,frontal,21,0.175382923625813,0.43101642527592865,0.6134976533091866,FALSE
average,threshold,10,rel_1_30,retained,sd,beta,parieto_occipital,21,-0.10572652881739183,0.633294791270948,0.7752676789866013,FALSE
average,threshold,10,rel_1_30,retained,sd,theta,centro_temporal,21,0.3558255376499736,0.11862356707895866,0.27593459993361874,FALSE
average,threshold,10,rel_1_30,retained,sd,theta,frontal,21,0.440411946338974,0.057182171851070426,0.16566638163708033,FALSE
average,threshold,10,rel_1_30,retained,sd,theta,parieto_occipital,21,0.7393941982698037,0.002918841455733225,0.020708860547245946,TRUE
average,threshold,10,rel_4_30,removed,cv,alpha,centro_temporal,21,0.2917179701844382,0.19629021754210754,0.3791367245546558,FALSE
average,threshold,10,rel_4_30,removed,cv,alpha,frontal,21,0.25224301926284554,0.2613351629116104,0.45441463032215623,FALSE
average,threshold,10,rel_4_30,removed,cv,alpha,parieto_occipital,21,0.17582836636691546,0.4298653518639406,0.6126526715714813,FALSE
average,threshold,10,rel_4_30,removed,cv,beta,centro_temporal,21,0.052238417347200826,0.8132420529234677,0.8979974673986721,FALSE
average,threshold,10,rel_4_30,removed,cv,beta,frontal,21,0.2866715823406078,0.2038200047422682,0.38848050118336674,FALSE
average,threshold,10,rel_4_30,removed,cv,beta,parieto_occipital,21,0.15922892249402484,0.47404684040629175,0.6510399560224875,FALSE
average,threshold,10,rel_4_30,removed,cv,theta,centro_temporal,21,-0.18996452388421317,0.3943415658803022,0.5831875268705269,FALSE
average,threshold,10,rel_4_30,removed,cv,theta,frontal,21,0.08079178727752767,0.7150996587299618,0.8344260123475665,FALSE
average,threshold,10,rel_4_30,removed,cv,theta,parieto_occipital,21,0.3153345423916181,0.16393215885502543,0.3395675192479163,FALSE
average,threshold,10,rel_4_30,removed,mean,alpha,centro_temporal,21,-0.019530055289084067,0.929576370087795,0.9584176417134308,FALSE
average,threshold,10,rel_4_30,removed,mean,alpha,frontal,21,0.029652452931061918,0.8932709194569955,0.9414576673485494,FALSE
average,threshold,10,rel_4_30,removed,mean,alpha,parieto_occipital,21,0.1613047864135928,0.46837836567614965,0.6459932904394714,FALSE
average,threshold,10,rel_4_30,removed,mean,beta,centro_temporal,21,-0.06139408238782022,0.7813375353629499,0.8773725707758557,FALSE
average,threshold,10,rel_4_30,removed,mean,beta,frontal,21,-0.008915503906321787,0.9678158285503621,0.9814470374031841,FALSE
average,threshold,10,rel_4_30,removed,mean,beta,parieto_occipital,21,-0.2991120000697821,0.1856557427555269,0.3658622484930198,FALSE
average,threshold,10,rel_4_30,removed,mean,theta,centro_temporal,21,0.15272817773389089,0.4920584016658843,0.6652027349363554,FALSE
average,threshold,10,rel_4_30,removed,mean,theta,frontal,21,-0.045768405423510725,0.8359945631028718,0.9091879332430673,FALSE
average,threshold,10,rel_4_30,removed,mean,theta,parieto_occipital,21,0.10719594392047273,0.6286086079485858,0.7714742006641734,FALSE
average,threshold,10,rel_4_30,removed,sd,alpha,centro_temporal,21,0.1683741070287939,0.44938014343522825,0.6289380841166909,FALSE
average,threshold,10,rel_4_30,removed,sd,alpha,frontal,21,0.2534495673506746,0.2591327661452166,0.4515948878407002,FALSE
average,threshold,10,rel_4_30,removed,sd,alpha,parieto_occipital,21,0.22272292058374193,0.3196109510378656,0.5128670994197111,FALSE
average,threshold,10,rel_4_30,removed,sd,beta,centro_temporal,21,0.12583896303503056,0.57059882345535,0.7305500762599559,FALSE
average,threshold,10,rel_4_30,removed,sd,beta,frontal,21,0.25377937462834244,0.25853316061185594,0.451156610618894,FALSE
average,threshold,10,rel_4_30,removed,sd,beta,parieto_occipital,21,0.1092054552557531,0.622225999260871,0.7672739248735383,FALSE
average,threshold,10,rel_4_30,removed,sd,theta,centro_temporal,21,0.1370704240294927,0.5370225792426939,0.7037557467568121,FALSE
average,threshold,10,rel_4_30,removed,sd,theta,frontal,21,0.29439526966204194,0.19238534460383055,0.3736234864234232,FALSE
average,threshold,10,rel_4_30,removed,sd,theta,parieto_occipital,21,0.5143962485093702,0.02871183616296196,0.10336261018666307,FALSE
average,threshold,10,rel_4_30,retained,cv,alpha,centro_temporal,21,0.08566410218135258,0.6987952820393897,0.8218136892223675,FALSE
average,threshold,10,rel_4_30,retained,cv,alpha,frontal,21,0.09912911914383345,0.6545284296908702,0.7915416904006543,FALSE
average,threshold,10,rel_4_30,retained,cv,alpha,parieto_occipital,21,0.1039201467942966,0.6390773737682178,0.7793479132354938,FALSE
average,threshold,10,rel_4_30,retained,cv,beta,centro_temporal,21,-0.20740079311319526,0.35323890710532435,0.5452135255361259,FALSE
average,threshold,10,rel_4_30,retained,cv,beta,frontal,21,-0.12226521437990494,0.5815044202016635,0.7378442620396426,FALSE
average,threshold,10,rel_4_30,retained,cv,beta,parieto_occipital,21,-0.0979014054664045,0.658513953341469,0.7938921707260873,FALSE
average,threshold,10,rel_4_30,retained,cv,theta,centro_temporal,21,0.14286257350323778,0.5201335008684203,0.6889133662369478,FALSE
average,threshold,10,rel_4_30,retained,cv,theta,frontal,21,0.12543919757356894,0.5718135179771796,0.7315600387941015,FALSE
average,threshold,10,rel_4_30,retained,cv,theta,parieto_occipital,21,0.40458806616534415,0.07853906348688156,0.2064734779036218,FALSE
average,threshold,10,rel_4_30,retained,mean,alpha,centro_temporal,21,-0.04682955002527549,0.8322522060660495,0.9076568238947548,FALSE
average,threshold,10,rel_4_30,retained,mean,alpha,frontal,21,-0.012655438303409573,0.954328536717109,0.9736104305316504,FALSE
average,threshold,10,rel_4_30,retained,mean,alpha,parieto_occipital,21,0.14945897133120611,0.5012638405028158,0.6736653342118727,FALSE
average,threshold,10,rel_4_30,retained,mean,beta,centro_temporal,21,0.09561061682243902,0.6659784533779464,0.7989275614728342,FALSE
average,threshold,10,rel_4_30,retained,mean,beta,frontal,21,0.31376272310135056,0.16594270842681252,0.3424550161164793,FALSE
average,threshold,10,rel_4_30,retained,mean,beta,parieto_occipital,21,-0.20148988195425274,0.3668349392576996,0.5584394063562789,FALSE
average,threshold,10,rel_4_30,retained,mean,theta,centro_temporal,21,-0.04954948840059413,0.8226786333340887,0.9022244924473161,FALSE
average,threshold,10,rel_4_30,retained,mean,theta,frontal,21,-0.15620226552454158,0.4823839143896185,0.6571508966877493,FALSE
average,threshold,10,rel_4_30,retained,mean,theta,parieto_occipital,21,-0.03223381905719933,0.8840475819188643,0.9354726651152828,FALSE
average,threshold,10,rel_4_30,retained,sd,alpha,centro_temporal,21,-0.02844273856190247,0.8975987208409422,0.9434614292050779,FALSE
average,threshold,10,rel_4_30,retained,sd,alpha,frontal,21,0.043004430678250986,0.845760882233244,0.9157439520234036,FALSE
average,threshold,10,rel_4_30,retained,sd,alpha,parieto_occipital,21,0.1088315717560085,0.6234112356892711,0.767518329436316,FALSE
average,threshold,10,rel_4_30,retained,sd,beta,centro_temporal,21,-0.09349641790464883,0.6728993134980774,0.8035112195579008,FALSE
average,threshold,10,rel_4_30,retained,sd,beta,frontal,21,0.059211309971780354,0.7889102512054703,0.8834340601056648,FALSE
average,threshold,10,rel_4_30,retained,sd,beta,parieto_occipital,21,-0.17738507955539826,0.4258577505798937,0.609381161611141,FALSE
average,threshold,10,rel_4_30,retained,sd,theta,centro_temporal,21,0.30829882552055515,0.17308736415824638,0.3510504287153166,FALSE
average,threshold,10,rel_4_30,retained,sd,theta,frontal,21,0.3810512440991311,0.09611981228395469,0.23901724504848756,FALSE
average,threshold,10,rel_4_30,retained,sd,theta,parieto_occipital,21,0.5913629771264235,0.013480612649717094,0.059424741476303916,FALSE
cz,ica,2,absolute,removed,cv,alpha,centro_temporal,61,0.2688350373567326,0.039972029999989854,0.13114873640503,FALSE
cz,ica,2,absolute,removed,cv,alpha,frontal,61,0.2124917969677515,0.10221061553117831,0.2494631972286386,FALSE
cz,ica,2,absolute,removed,cv,alpha,parieto_occipital,61,0.4328435813089861,0.0012768780826044486,0.012020585920499023,TRUE
cz,ica,2,absolute,removed,cv,beta,centro_temporal,61,0.34180470730543,0.00975639059210677,0.04711572377631204,TRUE
cz,ica,2,absolute,removed,cv,beta,frontal,61,0.2067071650994981,0.11168046602493702,0.2665376779910547,FALSE
cz,ica,2,absolute,removed,cv,beta,parieto_occipital,61,0.2574797736684466,0.04882699692208735,0.14903419418415567,FALSE
cz,ica,2,absolute,removed,cv,theta,centro_temporal,61,0.10668797085320406,0.40800311775211506,0.5952405710394834,FALSE
cz,ica,2,absolute,removed,cv,theta,frontal,61,0.19823539922194758,0.1268166783092633,0.2876029270029693,FALSE
cz,ica,2,absolute,removed,cv,theta,parieto_occipital,61,0.18682461454230614,0.14974042825682837,0.31954411362651103,FALSE
cz,ica,2,absolute,removed,mean,alpha,centro_temporal,61,-0.16510901112444815,0.20215835934871662,0.3873788571452983,FALSE
cz,ica,2,absolute,removed,mean,alpha,frontal,61,-0.1830479564681663,0.158003947638904,0.33116946006472164,FALSE
cz,ica,2,absolute,removed,mean,alpha,parieto_occipital,61,-0.12546608381363425,0.3310596938624635,0.5245151139923626,FALSE
cz,ica,2,absolute,removed,mean,beta,centro_temporal,61,0.16284972094140734,0.20831752595060005,0.39381001754065564,FALSE
cz,ica,2,absolute,removed,mean,beta,frontal,61,0.1956390090365471,0.1317701768419601,0.2949467170763045,FALSE
cz,ica,2,absolute,removed,mean,beta,parieto_occipital,61,0.05682057601437176,0.6587958954924638,0.7939858777664907,FALSE
cz,ica,2,absolute,removed,mean,theta,centro_temporal,61,0.12483630413743631,0.33347359033536494,0.5264680407036385,FALSE
cz,ica,2,absolute,removed,mean,theta,frontal,61,0.09751333967859183,0.44927995326744985,0.6289380841166909,FALSE
cz,ica,2,absolute,removed,mean,theta,parieto_occipital,61,0.07401901759373405,0.5653554172313653,0.7273665990058069,FALSE
cz,ica,2,absolute,removed,sd,alpha,centro_temporal,61,0.05475618055875571,0.6704301244708244,0.8022875727739505,FALSE
cz,ica,2,absolute,removed,sd,alpha,frontal,61,-0.013915861521065935,0.9138139327870632,0.9517569168701051,FALSE
cz,ica,2,absolute,removed,sd,alpha,parieto_occipital,61,0.2006811054080057,0.12228765366711206,0.28069788639644316,FALSE
cz,ica,2,absolute,removed,sd,beta,centro_temporal,61,0.48399491975980397,3.631432952512765e-4,0.004964988280601016,TRUE
cz,ica,2,absolute,removed,sd,beta,frontal,61,0.33771434533504147,0.010616900341949438,0.05015614645139661,FALSE
cz,ica,2,absolute,removed,sd,beta,parieto_occipital,61,0.24390969120019676,0.061576754193878244,0.1740874428313669,FALSE
cz,ica,2,absolute,removed,sd,theta,centro_temporal,61,0.4826963645188201,3.7526224606902205e-4,0.005013813102118068,TRUE
cz,ica,2,absolute,removed,sd,theta,frontal,61,0.5009474119384579,2.3560794494736226e-4,0.0036350940077593034,TRUE
cz,ica,2,absolute,removed,sd,theta,parieto_occipital,61,0.44812716415781584,8.83952496426718e-4,0.0092139606061852,TRUE
cz,ica,2,absolute,retained,cv,alpha,centro_temporal,61,0.17230755968192554,0.18344171805581913,0.36407422144003304,FALSE
cz,ica,2,absolute,retained,cv,alpha,frontal,61,0.11247545280126639,0.38319780968043005,0.5733085697215873,FALSE
cz,ica,2,absolute,retained,cv,alpha,parieto_occipital,61,0.4051395036887227,0.0024416165319527416,0.018220739109850784,TRUE
cz,ica,2,absolute,retained,cv,beta,centro_temporal,61,0.5805278993243722,2.8210905866751513e-5,9.881441622516206e-4,TRUE
cz,ica,2,absolute,retained,cv,beta,frontal,61,0.5247341825595985,1.268372352046203e-4,0.002480875652138845,TRUE
cz,ica,2,absolute,retained,cv,beta,parieto_occipital,61,0.7334825553052611,3.4706730408142836e-7,1.612669420976097e-4,TRUE
cz,ica,2,absolute,retained,cv,theta,centro_temporal,61,0.46639519686582703,5.644333117977629e-4,0.006757024571521152,TRUE
cz,ica,2,absolute,retained,cv,theta,frontal,61,0.3837677786982629,0.003957770028326092,0.02571766809083396,TRUE
cz,ica,2,absolute,retained,cv,theta,parieto_occipital,61,0.4789266630373405,4.1267772852385373e-4,0.005312884134108422,TRUE
cz,ica,2,absolute,retained,mean,alpha,centro_temporal,61,0.14612358233089773,0.25829565555148276,0.4511471288338567,FALSE
cz,ica,2,absolute,retained,mean,alpha,frontal,61,0.37969550907213123,0.00433172206311097,0.027519175459763807,TRUE
cz,ica,2,absolute,retained,mean,alpha,parieto_occipital,61,-0.07859997739428647,0.5416116451013611,0.7057187800705733,FALSE
cz,ica,2,absolute,retained,mean,beta,centro_temporal,61,0.35169546131841833,0.007932544334154175,0.04063469350618107,TRUE
cz,ica,2,absolute,retained,mean,beta,frontal,61,0.5327405584308932,1.0265887508712115e-4,0.0021459016469824034,TRUE
cz,ica,2,absolute,retained,mean,beta,parieto_occipital,61,0.2840347748312476,0.03032437241813118,0.10718287269244912,FALSE
cz,ica,2,absolute,retained,mean,theta,centro_temporal,61,0.0393288132695912,0.7597792224469999,0.8620820503420412,FALSE
cz,ica,2,absolute,retained,mean,theta,frontal,61,0.2154550903995623,0.0976193053140598,0.2412866236878986,FALSE
cz,ica,2,absolute,retained,mean,theta,parieto_occipital,61,0.08297435529626584,0.5194246740703288,0.6889133662369478,FALSE
cz,ica,2,absolute,retained,sd,alpha,centro_temporal,61,0.1617862234383968,0.21126460316478787,0.39719379937364374,FALSE
cz,ica,2,absolute,retained,sd,alpha,frontal,61,0.243514180389626,0.06198725104092357,0.17451588127958786,FALSE
cz,ica,2,absolute,retained,sd,alpha,parieto_occipital,61,0.027596428476242482,0.8300812422141215,0.9070267310765325,FALSE
cz,ica,2,absolute,retained,sd,beta,centro_temporal,61,0.5086676944103878,1.9300297571184103e-4,0.003320334378617867,TRUE
cz,ica,2,absolute,retained,sd,beta,frontal,61,0.6818617065634834,1.587721459508976e-6,1.825149995169217e-4,TRUE
cz,ica,2,absolute,retained,sd,beta,parieto_occipital,61,0.5224509660051997,1.3468537295690364e-4,0.002592360049784363,TRUE
cz,ica,2,absolute,retained,sd,theta,centro_temporal,61,0.4859632374417629,3.454861289675723e-4,0.00478024935738762,TRUE
cz,ica,2,absolute,retained,sd,theta,frontal,61,0.5734824550988241,3.423128816155689e-5,0.001056279748985184,TRUE
cz,ica,2,absolute,retained,sd,theta,parieto_occipital,61,0.3954237924356324,0.00304694042691363,0.021306662553669413,TRUE
cz,ica,2,rel_1_30,removed,cv,alpha,centro_temporal,61,0.27402258484761244,0.036414828186783495,0.12289924694887969,FALSE
cz,ica,2,rel_1_30,removed,cv,alpha,frontal,61,0.22957264013312462,0.07801044946843556,0.20601155907967372,FALSE
cz,ica,2,rel_1_30,removed,cv,alpha,parieto_occipital,61,0.37159275624678384,0.005175307868399268,0.030487268170206597,TRUE
cz,ica,2,rel_1_30,removed,cv,beta,centro_temporal,61,0.09231962745102772,0.4736855250677694,0.6510399560224875,FALSE
cz,ica,2,rel_1_30,removed,cv,beta,frontal,61,-0.0364757833048341,0.7767133001592293,0.8743796330082143,FALSE
cz,ica,2,rel_1_30,removed,cv,beta,parieto_occipital,61,0.12507664514545017,0.3325510115603135,0.5258065607753147,FALSE
cz,ica,2,rel_1_30,removed,cv,theta,centro_temporal,61,0.057652474337082656,0.654131223489109,0.7913455870515217,FALSE
cz,ica,2,rel_1_30,removed,cv,theta,frontal,61,0.1446514215772792,0.2630721935073616,0.45600744019465983,FALSE
cz,ica,2,rel_1_30,removed,cv,theta,parieto_occipital,61,0.14698197638318566,0.2555391423972068,0.44742950997723097,FALSE
cz,ica,2,rel_1_30,removed,mean,alpha,centro_temporal,61,-0.15647708257598023,0.22643987912557506,0.41294477018772785,FALSE
cz,ica,2,rel_1_30,removed,mean,alpha,frontal,61,-0.1778982046714405,0.16983702337175383,0.346992299983909,FALSE
cz,ica,2,rel_1_30,removed,mean,alpha,parieto_occipital,61,-0.16915771435240134,0.1914630602342188,0.3722041890953213,FALSE
cz,ica,2,rel_1_30,removed,mean,beta,centro_temporal,61,0.07894456614741864,0.5398464331149297,0.7049145880287311,FALSE
cz,ica,2,rel_1_30,removed,mean,beta,frontal,61,0.13950824078739757,0.28024883094698455,0.4747744900748915,FALSE
cz,ica,2,rel_1_30,removed,mean,beta,parieto_occipital,61,0.10670394729521314,0.4079333186054427,0.5952405710394834,FALSE
cz,ica,2,rel_1_30,removed,mean,theta,centro_temporal,61,0.13863044469774083,0.2832567497881931,0.4777883918336203,FALSE
cz,ica,2,rel_1_30,removed,mean,theta,frontal,61,0.10346033711854637,0.422253412239328,0.6064326330411238,FALSE
cz,ica,2,rel_1_30,removed,mean,theta,parieto_occipital,61,0.09503860755485777,0.4608166434700912,0.6393272119510169,FALSE
cz,ica,2,rel_1_30,removed,sd,alpha,centro_temporal,61,0.18776548881044092,0.14773525839495313,0.31734512963512584,FALSE
cz,ica,2,rel_1_30,removed,sd,alpha,frontal,61,0.06967448434895825,0.5883376120050541,0.7443724814434267,FALSE
cz,ica,2,rel_1_30,removed,sd,alpha,parieto_occipital,61,0.2563403548571402,0.04980241696801593,0.1512748415403484,FALSE
cz,ica,2,rel_1_30,removed,sd,beta,centro_temporal,61,0.2595252019259587,0.047117186696993024,0.14637553915285167,FALSE
cz,ica,2,rel_1_30,removed,sd,beta,frontal,61,0.10957748249483087,0.3954981190482443,0.5833447218738899,FALSE
cz,ica,2,rel_1_30,removed,sd,beta,parieto_occipital,61,0.2576478229946193,0.048684535476586445,0.14903419418415567,FALSE
cz,ica,2,rel_1_30,removed,sd,theta,centro_temporal,61,0.41327278426528713,0.0020236054782162157,0.015926676314381875,TRUE
cz,ica,2,rel_1_30,removed,sd,theta,frontal,61,0.42957040527807605,0.001380244860950536,0.012481303516945978,TRUE
cz,ica,2,rel_1_30,removed,sd,theta,parieto_occipital,61,0.4663673635356006,5.648232988025655e-4,0.006757024571521152,TRUE
cz,ica,2,rel_1_30,retained,cv,alpha,centro_temporal,61,0.19115042142795388,0.14069494594784585,0.3083551013783679,FALSE
cz,ica,2,rel_1_30,retained,cv,alpha,frontal,61,-0.04053304823828379,0.7526662649676846,0.8580217252929497,FALSE
cz,ica,2,rel_1_30,retained,cv,alpha,parieto_occipital,61,0.3901641499563165,0.003430564702231646,0.022996613038408,TRUE
cz,ica,2,rel_1_30,retained,cv,beta,centro_temporal,61,0.41726030786315416,0.0018441900525883544,0.01490688341884308,TRUE
cz,ica,2,rel_1_30,retained,cv,beta,frontal,61,0.042585377983811845,0.7405937013425974,0.8506435187060616,FALSE
cz,ica,2,rel_1_30,retained,cv,beta,parieto_occipital,61,0.4265944183965433,0.0014810469794284355,0.013116463214465725,TRUE
cz,ica,2,rel_1_30,retained,cv,theta,centro_temporal,61,0.48122822046658764,3.8943053295975843e-4,0.0051152226761741245,TRUE
cz,ica,2,rel_1_30,retained,cv,theta,frontal,61,0.5980885605005757,1.7346992061907642e-5,7.199528126442537e-4,TRUE
cz,ica,2,rel_1_30,retained,cv,theta,parieto_occipital,61,0.3537339325169244,0.007597929055957254,0.039464724126133166,TRUE
cz,ica,2,rel_1_30,retained,mean,alpha,centro_temporal,61,-0.15292138906261132,0.2370397530806648,0.42583891621989595,FALSE
cz,ica,2,rel_1_30,retained,mean,alpha,frontal,61,-0.16992284368041674,0.18949067383727575,0.36929310269640503,FALSE
cz,ica,2,rel_1_30,retained,mean,alpha,parieto_occipital,61,-0.16358080108648382,0.2063094081288241,0.390902036454614,FALSE
cz,ica,2,rel_1_30,retained,mean,beta,centro_temporal,61,0.19390139160064307,0.13517028266245443,0.30065335182587116,FALSE
cz,ica,2,rel_1_30,retained,mean,beta,frontal,61,0.2825799528951221,0.03114959353660613,0.1092964496020838,FALSE
cz,ica,2,rel_1_30,retained,mean,beta,parieto_occipital,61,0.11601048849977717,0.3685226755781662,0.5589958723080447,FALSE
cz,ica,2,rel_1_30,retained,mean,theta,centro_temporal,61,0.009470972157039095,0.9412797940818219,0.9644242174384041,FALSE
cz,ica,2,rel_1_30,retained,mean,theta,frontal,61,-0.007307996479217243,0.9546732949397639,0.973706655489455,FALSE
cz,ica,2,rel_1_30,retained,mean,theta,parieto_occipital,61,0.009078297821113582,0.9437101479033342,0.966327378205995,FALSE
cz,ica,2,rel_1_30,retained,sd,alpha,centro_temporal,61,0.008180234424253802,0.9492704558450382,0.9705582670222974,FALSE
cz,ica,2,rel_1_30,retained,sd,alpha,frontal,61,-0.1916385321883063,0.13970190641716593,0.3077399502265955,FALSE
cz,ica,2,rel_1_30,retained,sd,alpha,parieto_occipital,61,0.14871136772033083,0.2500494453233247,0.440533443079291,FALSE
cz,ica,2,rel_1_30,retained,sd,beta,centro_temporal,61,0.5308888111284853,1.0781956102467009e-4,0.0022180023982217847,TRUE
cz,ica,2,rel_1_30,retained,sd,beta,frontal,61,0.4427328312763831,0.0010072776602218134,0.010041783443442079,TRUE
cz,ica,2,rel_1_30,retained,sd,beta,parieto_occipital,61,0.4270582143428724,0.0014648926624178267,0.013033186891259749,TRUE
cz,ica,2,rel_1_30,retained,sd,theta,centro_temporal,61,0.45169303474142314,8.10457105093354e-4,0.008752936735008224,TRUE
cz,ica,2,rel_1_30,retained,sd,theta,frontal,61,0.4437914220014883,9.818562794035235e-4,0.009838807253404379,TRUE
cz,ica,2,rel_1_30,retained,sd,theta,parieto_occipital,61,0.324243722404331,0.013962175058303102,0.061062920839912785,FALSE
cz,ica,2,rel_4_30,removed,cv,alpha,centro_temporal,61,0.2782133800574542,0.0337462240265102,0.1164199813798329,FALSE
cz,ica,2,rel_4_30,removed,cv,alpha,frontal,61,0.2238850739030233,0.08547506637864387,0.2190685946474406,FALSE
cz,ica,2,rel_4_30,removed,cv,alpha,parieto_occipital,61,0.37973586149948046,0.004327860612552848,0.027519175459763807,TRUE
cz,ica,2,rel_4_30,removed,cv,beta,centro_temporal,61,0.12806905850689462,0.321205899522,0.5139985515762613,FALSE
cz,ica,2,rel_4_30,removed,cv,beta,frontal,61,-0.005121323378390317,0.9682268713952449,0.9814930715431281,FALSE
cz,ica,2,rel_4_30,removed,cv,beta,parieto_occipital,61,0.15465204874961389,0.23183639035802234,0.41905155077265965,FALSE
cz,ica,2,rel_4_30,removed,cv,theta,centro_temporal,61,0.02816800583769282,0.8266186207569718,0.905067078992708,FALSE
cz,ica,2,rel_4_30,removed,cv,theta,frontal,61,0.11868369565044273,0.35766663456751757,0.5498647193351159,FALSE
cz,ica,2,rel_4_30,removed,cv,theta,parieto_occipital,61,0.13564627582027272,0.29364980803139124,0.4882163888974177,FALSE
cz,ica,2,rel_4_30,removed,mean,alpha,centro_temporal,61,-0.1617466542407702,0.2113748474266256,0.39720899313422925,FALSE
cz,ica,2,rel_4_30,removed,mean,alpha,frontal,61,-0.1836977000847336,0.15655757966436354,0.3292155226298042,FALSE
cz,ica,2,rel_4_30,removed,mean,alpha,parieto_occipital,61,-0.1820482753596947,0.16024953084786484,0.33461341349973067,FALSE
cz,ica,2,rel_4_30,removed,mean,beta,centro_temporal,61,0.072668693325804,0.5724509930902861,0.7318785414144556,FALSE
cz,ica,2,rel_4_30,removed,mean,beta,frontal,61,0.1378234534961342,0.2860417591882385,0.48040188325005234,FALSE
cz,ica,2,rel_4_30,removed,mean,beta,parieto_occipital,61,0.10468182204688187,0.41682560065820673,0.6025743582854232,FALSE
cz,ica,2,rel_4_30,removed,mean,theta,centro_temporal,61,0.14358288582674422,0.2665780654067012,0.4599519557669262,FALSE
cz,ica,2,rel_4_30,removed,mean,theta,frontal,61,0.10463247355944659,0.4170440655651917,0.6025743582854232,FALSE
cz,ica,2,rel_4_30,removed,mean,theta,parieto_occipital,61,0.0964930717138804,0.4540157663913881,0.6342843333559888,FALSE
cz,ica,2,rel_4_30,removed,sd,alpha,centro_temporal,61,0.203598420031677,0.11705578193156628,0.27399932579766995,FALSE
cz,ica,2,rel_4_30,removed,sd,alpha,frontal,61,0.06599190902084598,0.6081581666356289,0.7564040153164829,FALSE
cz,ica,2,rel_4_30,removed,sd,alpha,parieto_occipital,61,0.269153552188447,0.039745213506556035,0.13062501277556202,FALSE
cz,ica,2,rel_4_30,removed,sd,beta,centro_temporal,61,0.3243686769388782,0.013927187497433166,0.06102350239186203,FALSE
cz,ica,2,rel_4_30,removed,sd,beta,frontal,61,0.16968990103812268,0.19008953238248838,0.3699879741353609,FALSE
cz,ica,2,rel_4_30,removed,sd,beta,parieto_occipital,61,0.281688333931208,0.031665055791006015,0.11051502416106947,FALSE
cz,ica,2,rel_4_30,removed,sd,theta,centro_temporal,61,0.3939967481383392,0.0031468586173664277,0.021731769634672594,TRUE
cz,ica,2,rel_4_30,removed,sd,theta,frontal,61,0.4266752502255331,0.0014782195010593071,0.013116463214465725,TRUE
cz,ica,2,rel_4_30,removed,sd,theta,parieto_occipital,61,0.4574248974910347,7.043607747523926e-4,0.007846861582341842,TRUE
cz,ica,2,rel_4_30,retained,cv,alpha,centro_temporal,61,0.2348559918234152,0.0715716497981444,0.19297543302023956,FALSE
cz,ica,2,rel_4_30,retained,cv,alpha,frontal,61,0.18878879486631728,0.14557835787531131,0.31427465597957266,FALSE
cz,ica,2,rel_4_30,retained,cv,alpha,parieto_occipital,61,0.3490202651946359,0.008392206236418181,0.042229626874204534,TRUE
cz,ica,2,rel_4_30,retained,cv,beta,centro_temporal,61,0.32405102175664,0.01401628760613566,0.061167481668941405,FALSE
cz,ica,2,rel_4_30,retained,cv,beta,frontal,61,0.03019767259097811,0.8143512345164194,0.8979974673986721,FALSE
cz,ica,2,rel_4_30,retained,cv,beta,parieto_occipital,61,0.30837063682726107,0.01910907886318639,0.0760451367656793,FALSE
cz,ica,2,rel_4_30,retained,cv,theta,centro_temporal,61,0.4380145819472248,0.0011283701609831897,0.010913192004732938,TRUE
cz,ica,2,rel_4_30,retained,cv,theta,frontal,61,0.4204337674191524,0.0017122221128060557,0.014387924036312694,TRUE
cz,ica,2,rel_4_30,retained,cv,theta,parieto_occipital,61,0.44566581463119465,9.383307476517807e-4,0.009579223447177876,TRUE
cz,ica,2,rel_4_30,retained,mean,alpha,centro_temporal,61,-0.19826944255474022,0.12675272959833245,0.2876029270029693,FALSE
cz,ica,2,rel_4_30,retained,mean,alpha,frontal,61,-0.2450574482921873,0.06039854778350308,0.17178460408358448,FALSE
cz,ica,2,rel_4_30,retained,mean,alpha,parieto_occipital,61,-0.17012529249206046,0.18897136870125544,0.36902093496257216,FALSE
cz,ica,2,rel_4_30,retained,mean,beta,centro_temporal,61,0.13423204125607932,0.2986657095667406,0.4928599639553713,FALSE
cz,ica,2,rel_4_30,retained,mean,beta,frontal,61,0.27007012061733054,0.03909875473966886,0.1288270834134174,FALSE
cz,ica,2,rel_4_30,retained,mean,beta,parieto_occipital,61,0.09124081953787411,0.4788471136669056,0.6539366273048574,FALSE
cz,ica,2,rel_4_30,retained,mean,theta,centro_temporal,61,0.01142179805866315,0.9292144344551285,0.9583974974166803,FALSE
cz,ica,2,rel_4_30,retained,mean,theta,frontal,61,-0.08421070972332134,0.5132421121162052,0.6836195039081212,FALSE
cz,ica,2,rel_4_30,retained,mean,theta,parieto_occipital,61,0.039624105368717744,0.7580330891569663,0.8614768856051945,FALSE
cz,ica,2,rel_4_30,retained,sd,alpha,centro_temporal,61,0.08067841117566711,0.5310095548808618,0.6986684092645653,FALSE
cz,ica,2,rel_4_30,retained,sd,alpha,frontal,61,-0.06492457135907641,0.6139593909598067,0.7614271489798176,FALSE
cz,ica,2,rel_4_30,retained,sd,alpha,parieto_occipital,61,0.15666723347572026,0.22588294264040606,0.4121224218610506,FALSE
cz,ica,2,rel_4_30,retained,sd,beta,centro_temporal,61,0.48315430168553436,3.709449092372365e-4,0.0049904283983196384,TRUE
cz,ica,2,rel_4_30,retained,sd,beta,frontal,61,0.3366741814589666,0.010846490665069004,0.05068648522330323,FALSE
cz,ica,2,rel_4_30,retained,sd,beta,parieto_occipital,61,0.3643375691220674,0.006057301036572206,0.03393485076396648,TRUE
cz,ica,2,rel_4_30,retained,sd,theta,centro_temporal,61,0.47182411943712227,4.930880678676761e-4,0.0060659075373706225,TRUE
cz,ica,2,rel_4_30,retained,sd,theta,frontal,61,0.28699416818801793,0.028704922464238378,0.10336261018666307,FALSE
cz,ica,2,rel_4_30,retained,sd,theta,parieto_occipital,61,0.47998031842406264,4.0187485691562503e-4,0.005240611692310468,TRUE
cz,ica,4,absolute,removed,cv,alpha,centro_temporal,56,0.15475602391640014,0.2518323186850467,0.44284217776909157,FALSE
cz,ica,4,absolute,removed,cv,alpha,frontal,56,0.14857231145544775,0.2710548240721553,0.46507553221206527,FALSE
cz,ica,4,absolute,removed,cv,alpha,parieto_occipital,56,0.30860793026565303,0.024701850202823256,0.09252484931462121,FALSE
cz,ica,4,absolute,removed,cv,beta,centro_temporal,56,0.2707791077832372,0.04759200374764868,0.14720581588771525,FALSE
cz,ica,4,absolute,removed,cv,beta,frontal,56,0.3754725647335574,0.0068525744865776785,0.03690139834323271,TRUE
cz,ica,4,absolute,removed,cv,beta,parieto_occipital,56,0.21778678972984986,0.10886535778365271,0.2617789488403289,FALSE
cz,ica,4,absolute,removed,cv,theta,centro_temporal,56,0.2593377013059566,0.05742627262682815,0.16600248919933672,FALSE
cz,ica,4,absolute,removed,cv,theta,frontal,56,0.310198476540922,0.024002633187481207,0.09042852503190595,FALSE
cz,ica,4,absolute,removed,cv,theta,parieto_occipital,56,0.20234296305738814,0.13570211271388685,0.30119375675380455,FALSE
cz,ica,4,absolute,removed,mean,alpha,centro_temporal,56,-0.14038578475715513,0.29805903524474386,0.4922912187899593,FALSE
cz,ica,4,absolute,removed,mean,alpha,frontal,56,-0.14438832977340185,0.2846334051225609,0.47908955236436,FALSE
cz,ica,4,absolute,removed,mean,alpha,parieto_occipital,56,-0.08232071698693277,0.5404147546057927,0.7053147250444183,FALSE
cz,ica,4,absolute,removed,mean,beta,centro_temporal,56,0.1465158742482918,0.2776707058487253,0.4715579582216795,FALSE
cz,ica,4,absolute,removed,mean,beta,frontal,56,0.11728853417009703,0.38392080300104325,0.5737409153229356,FALSE
cz,ica,4,absolute,removed,mean,beta,parieto_occipital,56,0.019969015133753487,0.8817574677114075,0.9343889437072642,FALSE
cz,ica,4,absolute,removed,mean,theta,centro_temporal,56,0.2345412403695128,0.08480303824725434,0.21777689082253956,FALSE
cz,ica,4,absolute,removed,mean,theta,frontal,56,0.1919242222377285,0.15660091720487956,0.3292155226298042,FALSE
cz,ica,4,absolute,removed,mean,theta,parieto_occipital,56,0.14305001645707072,0.28907492144053804,0.48281058101028557,FALSE
cz,ica,4,absolute,removed,sd,alpha,centro_temporal,56,0.041102862727347214,0.7595593878388794,0.8620820503420412,FALSE
cz,ica,4,absolute,removed,sd,alpha,frontal,56,0.02699952142842611,0.8406263147745352,0.912693412969392,FALSE
cz,ica,4,absolute,removed,sd,alpha,parieto_occipital,56,0.1790406562191517,0.18581430155633544,0.3658622484930198,FALSE
cz,ica,4,absolute,removed,sd,beta,centro_temporal,56,0.3773717087146859,0.006593251176145564,0.035802458900634014,TRUE
cz,ica,4,absolute,removed,sd,beta,frontal,56,0.47024198618216484,8.778094003274368e-4,0.009174524055035145,TRUE
cz,ica,4,absolute,removed,sd,beta,parieto_occipital,56,0.21712819784785026,0.10991453649421418,0.2634837151588557,FALSE
cz,ica,4,absolute,removed,sd,theta,centro_temporal,56,0.6588603945329381,7.929818729744677e-6,4.1562135105403905e-4,TRUE
cz,ica,4,absolute,removed,sd,theta,frontal,56,0.7280827695918245,1.2286785329537485e-6,1.825149995169217e-4,TRUE
cz,ica,4,absolute,removed,sd,theta,parieto_occipital,56,0.48071043700230826,6.891646662307659e-4,0.007756436414921974,TRUE
cz,ica,4,absolute,retained,cv,alpha,centro_temporal,56,-0.025472705938517953,0.84952497983806885,0.9168756289001926,FALSE
cz,ica,4,absolute,retained,cv,alpha,frontal,56,0.010967285084023412,0.9348876933318686,0.9608922292737929,FALSE
cz,ica,4,absolute,retained,cv,alpha,parieto_occipital,56,0.0880792498324857,0.5125659630777519,0.68318699501073,FALSE
cz,ica,4,absolute,retained,cv,beta,centro_temporal,56,0.33502727201537863,0.01515554614713282,0.06488979411901714,FALSE
cz,ica,4,absolute,retained,cv,beta,frontal,56,0.34879702151143005,0.011637295929799096,0.05335590398002227,FALSE
cz,ica,4,absolute,retained,cv,beta,parieto_occipital,56,0.6084378215376526,2.9697873618827413e-5,9.953907985344912e-4,TRUE
cz,ica,4,absolute,retained,cv,theta,centro_temporal,56,0.5717668664285729,7.567168548443908e-5,0.0016908707653074664,TRUE
cz,ica,4,absolute,retained,cv,theta,frontal,56,0.4724941042272627,8.334789541848988e-4,0.008846763197930622,TRUE
cz,ica,4,absolute,retained,cv,theta,parieto_occipital,56,0.580662216409229,6.044029603660071e-5,0.0015186126765428351,TRUE
cz,ica,4,absolute,retained,mean,alpha,centro_temporal,56,0.1806805022394288,0.18188073719028428,0.3620851542221328,FALSE
cz,ica,4,absolute,retained,mean,alpha,frontal,56,0.3820712172933317,0.005990026559877196,0.03370365161331771,TRUE
cz,ica,4,absolute,retained,mean,alpha,parieto_occipital,56,-0.035602839942045175,0.7909065005620286,0.8846503090291045,FALSE
cz,ica,4,absolute,retained,mean,beta,centro_temporal,56,0.32972811160662346,0.01674838906728824,0.06892783915357545,FALSE
cz,ica,4,absolute,retained,mean,beta,frontal,56,0.4531729621941947,0.0012946216834809118,0.012037455577557622,TRUE
cz,ica,4,absolute,retained,mean,beta,parieto_occipital,56,0.24941983125118297,0.06730802338816787,0.1848118608285287,FALSE
cz,ica,4,absolute,retained,mean,theta,centro_temporal,56,0.03775636498884595,0.7785879595861984,0.8756261795963466,FALSE
cz,ica,4,absolute,retained,mean,theta,frontal,56,0.20602298584533388,0.1288724775441835,0.29097339877571743,FALSE
cz,ica,4,absolute,retained,mean,theta,parieto_occipital,56,0.08143856532850191,0.5447486357572907,0.7088295501420168,FALSE
cz,ica,4,absolute,retained,sd,alpha,centro_temporal,56,0.06092054144501857,0.6502657807427745,0.7895794364546869,FALSE
cz,ica,4,absolute,retained,sd,alpha,frontal,56,0.22507001452762548,0.09779712161070976,0.2413343369347406,FALSE
cz,ica,4,absolute,retained,sd,alpha,parieto_occipital,56,-0.0034479159810333164,0.9795087840129977,0.9884064760556801,FALSE
cz,ica,4,absolute,retained,sd,beta,centro_temporal,56,0.4569022124139494,0.0011900240880671328,0.011340229545110325,TRUE
cz,ica,4,absolute,retained,sd,beta,frontal,56,0.5763349295371688,6.743513176722519e-5,0.00160742151016813,TRUE
cz,ica,4,absolute,retained,sd,beta,parieto_occipital,56,0.48902012314387655,5.676536936242284e-4,0.006770053867518405,TRUE
cz,ica,4,absolute,retained,sd,theta,centro_temporal,56,0.4530831078553526,0.0012972463701123053,0.012037455577557622,TRUE
cz,ica,4,absolute,retained,sd,theta,frontal,56,0.5866555354600332,5.190616532221374e-5,0.0013728651072977347,TRUE
cz,ica,4,absolute,retained,sd,theta,parieto_occipital,56,0.35121820048953606,0.011101825809780919,0.05150823239669238,FALSE
cz,ica,4,rel_1_30,removed,cv,alpha,centro_temporal,56,0.22560121480611203,0.09702736386903649,0.24056510917523632,FALSE
cz,ica,4,rel_1_30,removed,cv,alpha,frontal,56,0.17394817362328796,0.19844181118805873,0.3827092072912561,FALSE
cz,ica,4,rel_1_30,removed,cv,alpha,parieto_occipital,56,0.3159635382495874,0.021613765932708497,0.08345017075111286,FALSE
cz,ica,4,rel_1_30,removed,cv,beta,centro_temporal,56,0.1450454244355014,0.28247012875210137,0.4768951804727141,FALSE
cz,ica,4,rel_1_30,removed,cv,beta,frontal,56,0.19622532197344297,0.14768764711852772,0.31734512963512584,FALSE
cz,ica,4,rel_1_30,removed,cv,beta,parieto_occipital,56,0.11921830642360935,0.37620026784762783,0.5660474618388456,FALSE
cz,ica,4,rel_1_30,removed,cv,theta,centro_temporal,56,0.14097934403150156,0.29604106731822,0.4902076957978021,FALSE
cz,ica,4,rel_1_30,removed,cv,theta,frontal,56,0.2157044432672841,0.11221072828604173,0.2669646918267354,FALSE
cz,ica,4,rel_1_30,removed,cv,theta,parieto_occipital,56,0.16411447272686167,0.22463162446314103,0.4108032718309935,FALSE
cz,ica,4,rel_1_30,removed,mean,alpha,centro_temporal,56,-0.14166367684850548,0.2937261745327912,0.4882163888974177,FALSE
cz,ica,4,rel_1_30,removed,mean,alpha,frontal,56,-0.11989894339046162,0.3735008571866474,0.5637311074307784,FALSE
cz,ica,4,rel_1_30,removed,mean,alpha,parieto_occipital,56,-0.1410192384089964,0.29590577315618133,0.4902076957978021,FALSE
cz,ica,4,rel_1_30,removed,mean,beta,centro_temporal,56,0.042305776698093656,0.752755171032472,0.8580217252929497,FALSE
cz,ica,4,rel_1_30,removed,mean,beta,frontal,56,0.07724924340650051,0.5655693240211568,0.7274011021482824,FALSE
cz,ica,4,rel_1_30,removed,mean,beta,parieto_occipital,56,0.04895983718165083,0.7154858190962787,0.8346261220061002,FALSE
cz,ica,4,rel_1_30,removed,mean,theta,centro_temporal,56,0.19874692006908565,0.14265028756862147,0.31092712295898994,FALSE
cz,ica,4,rel_1_30,removed,mean,theta,frontal,56,0.19622977530521307,0.14767862919095265,0.31734512963512584,FALSE
cz,ica,4,rel_1_30,removed,mean,theta,parieto_occipital,56,0.14980486803780702,0.2671430916683492,0.4602903345452329,FALSE
cz,ica,4,rel_1_30,removed,sd,alpha,centro_temporal,56,0.1418589176853786,0.29306802664352716,0.48777760598888426,FALSE
cz,ica,4,rel_1_30,removed,sd,alpha,frontal,56,0.17757653828566258,0.18938064797452073,0.3692637709753945,FALSE
cz,ica,4,rel_1_30,removed,sd,alpha,parieto_occipital,56,0.20946950509833887,0.12272771130754703,0.2810161022165741,FALSE
cz,ica,4,rel_1_30,removed,sd,beta,centro_temporal,56,0.23189655095614892,0.08827840710804795,0.22465748876408764,FALSE
cz,ica,4,rel_1_30,removed,sd,beta,frontal,56,0.36179040730967954,0.00901734519424066,0.04472144239945898,TRUE
cz,ica,4,rel_1_30,removed,sd,beta,parieto_occipital,56,0.1695860097920369,0.2097620708602078,0.39551645562778265,FALSE
cz,ica,4,rel_1_30,removed,sd,theta,centro_temporal,56,0.4905076307262758,5.481857273418987e-4,0.006598594761316725,TRUE
cz,ica,4,rel_1_30,removed,sd,theta,frontal,56,0.605561054362539,3.198493596987129e-5,0.001026849485686369,TRUE
cz,ica,4,rel_1_30,removed,sd,theta,parieto_occipital,56,0.41802973182058834,0.0028111488135552135,0.02020285875619717,TRUE
cz,ica,4,rel_1_30,retained,cv,alpha,centro_temporal,56,0.06927664325535382,0.6062454923704533,0.7555789390110385,FALSE
cz,ica,4,rel_1_30,retained,cv,alpha,frontal,56,-0.017877524198324658,0.8940623895755409,0.9420364690161797,FALSE
cz,ica,4,rel_1_30,retained,cv,alpha,parieto_occipital,56,0.2508820614627222,0.06576634681785039,0.18134720314028532,FALSE
cz,ica,4,rel_1_30,retained,cv,beta,centro_temporal,56,0.3752707731988115,0.0068806750147903835,0.03693370783386334,TRUE
cz,ica,4,rel_1_30,retained,cv,beta,frontal,56,0.16678404109197192,0.21728272596820006,0.4022834469354104,FALSE
cz,ica,4,rel_1_30,retained,cv,beta,parieto_occipital,56,0.41605043920503515,0.0029336050941494085,0.020760499771752348,TRUE
cz,ica,4,rel_1_30,retained,cv,theta,centro_temporal,56,0.6301994687380058,1.687267051106112e-5,7.130537276848439e-4,TRUE
cz,ica,4,rel_1_30,retained,cv,theta,frontal,56,0.6497854593585694,1.0083666995578274e-5,5.026320163949786e-4,TRUE
cz,ica,4,rel_1_30,retained,cv,theta,parieto_occipital,56,0.47258950657265986,8.316489713892438e-4,0.008846763197930622,TRUE
cz,ica,4,rel_1_30,retained,mean,alpha,centro_temporal,56,-0.1279942013307274,0.34234465333095676,0.5351105900730662,FALSE
cz,ica,4,rel_1_30,retained,mean,alpha,frontal,56,-0.1350135352924505,0.31675257560654513,0.5103742070958757,FALSE
cz,ica,4,rel_1_30,retained,mean,alpha,parieto_occipital,56,-0.12319614447890191,0.36059916689705074,0.5526249747322559,FALSE
cz,ica,4,rel_1_30,retained,mean,beta,centro_temporal,56,0.18012372572865232,0.18320912168050846,0.36379829677927317,FALSE
cz,ica,4,rel_1_30,retained,mean,beta,frontal,56,0.2558547628502691,0.06074542323531449,0.1722671083434739,FALSE
cz,ica,4,rel_1_30,retained,mean,beta,parieto_occipital,56,0.07463456780992192,0.5787602957083426,0.7361301929637478,FALSE
cz,ica,4,rel_1_30,retained,mean,theta,centro_temporal,56,0.04244068539238747,0.7519932854537053,0.8580217252929497,FALSE
cz,ica,4,rel_1_30,retained,mean,theta,frontal,56,0.08386881608245109,0.5328522338551736,0.7001451453967268,FALSE
cz,ica,4,rel_1_30,retained,mean,theta,parieto_occipital,56,0.04296760177061112,0.7490199538924942,0.8557712549908955,FALSE
cz,ica,4,rel_1_30,retained,sd,alpha,centro_temporal,56,-0.04756105783244885,0.7232662690081744,0.837713844261559,FALSE
cz,ica,4,rel_1_30,retained,sd,alpha,frontal,56,-0.1458003997682496,0.2799987815164684,0.47475825378974246,FALSE
cz,ica,4,rel_1_30,retained,sd,alpha,parieto_occipital,56,0.0746563762891745,0.5786496607726295,0.7361301929637478,FALSE
cz,ica,4,rel_1_30,retained,sd,beta,centro_temporal,56,0.44658835817734827,0.0015009053431593675,0.013144333345048064,TRUE
cz,ica,4,rel_1_30,retained,sd,beta,frontal,56,0.4718789104169422,8.453719012172335e-4,0.008907333203069388,TRUE
cz,ica,4,rel_1_30,retained,sd,beta,parieto_occipital,56,0.3547798071527856,0.010354927780353223,0.049097511231723574,TRUE
cz,ica,4,rel_1_30,retained,sd,theta,centro_temporal,56,0.6286030898684445,1.7591439609363196e-5,7.199528126442537e-4,TRUE
cz,ica,4,rel_1_30,retained,sd,theta,frontal,56,0.6377354025064391,1.3849727770357593e-5,6.410445425136942e-4,TRUE
cz,ica,4,rel_1_30,retained,sd,theta,parieto_occipital,56,0.4456259134557948,0.0015335450513296498,0.013368661792757128,TRUE
cz,ica,4,rel_4_30,removed,cv,alpha,centro_temporal,56,0.22556484951976838,0.09707990131068564,0.24056510917523632,FALSE
cz,ica,4,rel_4_30,removed,cv,alpha,frontal,56,0.18547014980511708,0.17075501595372,0.3485015758677498,FALSE
cz,ica,4,rel_4_30,removed,cv,alpha,parieto_occipital,56,0.31349172981921103,0.022610690495707297,0.08627121162640822,FALSE
cz,ica,4,rel_4_30,removed,cv,beta,centro_temporal,56,0.17978431047418472,0.18402253143406727,0.364854463139038,FALSE
cz,ica,4,rel_4_30,removed,cv,beta,frontal,56,0.23559317968332824,0.08345266062520382,0.2154475063152672,FALSE
cz,ica,4,rel_4_30,removed,cv,beta,parieto_occipital,56,0.1784517178977155,0.1872426761375744,0.3674909262104438,FALSE
cz,ica,4,rel_4_30,removed,cv,theta,centro_temporal,56,0.09035694949403808,0.5017666256544815,0.6739686464679353,FALSE
cz,ica,4,rel_4_30,removed,cv,theta,frontal,56,0.17611243248004751,0.19299855736324212,0.3744403148843739,FALSE
cz,ica,4,rel_4_30,removed,cv,theta,parieto_occipital,56,0.14437329398288648,0.2846830401311182,0.47908955236436,FALSE
cz,ica,4,rel_4_30,removed,mean,alpha,centro_temporal,56,-0.14708885261394605,0.2758160884862178,0.4697056121601655,FALSE
cz,ica,4,rel_4_30,removed,mean,alpha,frontal,56,-0.12981062805504825,0.33559514018130887,0.528042859176418,FALSE
cz,ica,4,rel_4_30,removed,mean,alpha,parieto_occipital,56,-0.15733118284883718,0.24412217209274184,0.43340045894821017,FALSE
cz,ica,4,rel_4_30,removed,mean,beta,centro_temporal,56,0.03772187520169432,0.7787848068529235,0.8756261795963466,FALSE
cz,ica,4,rel_4_30,removed,mean,beta,frontal,56,0.0415913530146474,0.7567939283754195,0.8610414028672566,FALSE
cz,ica,4,rel_4_30,removed,mean,beta,parieto_occipital,56,0.05573886552429861,0.6782205154934361,0.8062007953881977,FALSE
cz,ica,4,rel_4_30,removed,mean,theta,centro_temporal,56,0.20127371220441287,0.13773946341480017,0.3046251614088413,FALSE
cz,ica,4,rel_4_30,removed,mean,theta,frontal,56,0.17789166242193474,0.1886087127804893,0.36849782677916704,FALSE
cz,ica,4,rel_4_30,removed,mean,theta,parieto_occipital,56,0.15217225823665806,0.2597420356069181,0.45225124695015567,FALSE
cz,ica,4,rel_4_30,removed,sd,alpha,centro_temporal,56,0.1524922257926513,0.2587530332920831,0.4513377269805379,FALSE
cz,ica,4,rel_4_30,removed,sd,alpha,frontal,56,0.18956558134905108,0.16166374787859533,0.3361222736641597,FALSE
cz,ica,4,rel_4_30,removed,sd,alpha,parieto_occipital,56,0.20984056515791463,0.12208041004966055,0.28060707100410975,FALSE
cz,ica,4,rel_4_30,removed,sd,beta,centro_temporal,56,0.2923172205726183,0.032974389476497175,0.1142641945495731,FALSE
cz,ica,4,rel_4_30,removed,sd,beta,frontal,56,0.4134908309006064,0.003099386134246074,0.02157202113857541,TRUE
cz,ica,4,rel_4_30,removed,sd,beta,parieto_occipital,56,0.24300503161550366,0.07443698953897253,0.1984986387705934,FALSE
cz,ica,4,rel_4_30,removed,sd,theta,centro_temporal,56,0.44393687764962964,0.001592455097540144,0.013697932343442654,TRUE
cz,ica,4,rel_4_30,removed,sd,theta,frontal,56,0.5724931560087609,7.429973500809405e-5,0.0016698113856154315,TRUE
cz,ica,4,rel_4_30,removed,sd,theta,parieto_occipital,56,0.38958039891657426,0.005131254364319267,0.030458499188508868,TRUE
cz,ica,4,rel_4_30,retained,cv,alpha,centro_temporal,56,0.16847819589582835,0.21271204259018792,0.398078294843304,FALSE
cz,ica,4,rel_4_30,retained,cv,alpha,frontal,56,0.1626594462220757,0.22871313313207223,0.41572541450093353,FALSE
cz,ica,4,rel_4_30,retained,cv,alpha,parieto_occipital,56,0.24661119508247203,0.07035504173603215,0.19048774531315668,FALSE
cz,ica,4,rel_4_30,retained,cv,beta,centro_temporal,56,0.30813304248251905,0.024914100042188296,0.09314040477310394,FALSE
cz,ica,4,rel_4_30,retained,cv,beta,frontal,56,0.22461248710064377,0.09846413274047267,0.24244999879351342,FALSE
cz,ica,4,rel_4_30,retained,cv,beta,parieto_occipital,56,0.3496676868106372,0.011442085477637429,0.0527095122476947,FALSE
cz,ica,4,rel_4_30,retained,cv,theta,centro_temporal,56,0.4362815562549614,0.0018873084794525101,0.0150674648215839,TRUE
cz,ica,4,rel_4_30,retained,cv,theta,frontal,56,0.4217548766612779,0.0025935786343499042,0.019062067543199297,TRUE
cz,ica,4,rel_4_30,retained,cv,theta,parieto_occipital,56,0.5263141710440588,2.3304324089650074e-4,0.003626301097898728,TRUE
cz,ica,4,rel_4_30,retained,mean,alpha,centro_temporal,56,-0.18794661416214298,0.16521172461338146,0.34112755459204835,FALSE
cz,ica,4,rel_4_30,retained,mean,alpha,frontal,56,-0.20971453700484427,0.12229995358939677,0.28069788639644316,FALSE
cz,ica,4,rel_4_30,retained,mean,alpha,parieto_occipital,56,-0.1457641369948247,0.28011713842429764,0.47475825378974246,FALSE
cz,ica,4,rel_4_30,retained,mean,beta,centro_temporal,56,0.10813013218804547,0.4219030897614846,0.6064174539714056,FALSE
cz,ica,4,rel_4_30,retained,mean,beta,frontal,56,0.21240411441020715,0.11768298073378128,0.2747846358059429,FALSE
cz,ica,4,rel_4_30,retained,mean,beta,parieto_occipital,56,0.049321372221015986,0.7134797372728173,0.8327857155559032,FALSE
cz,ica,4,rel_4_30,retained,mean,theta,centro_temporal,56,0.03472667166688822,0.7959339332782606,0.888229372154385,FALSE
cz,ica,4,rel_4_30,retained,mean,theta,frontal,56,-0.032835862747776605,0.8068127901107206,0.8942098426312661,FALSE
cz,ica,4,rel_4_30,retained,mean,theta,parieto_occipital,56,0.06054079669997968,0.6522980079720497,0.7913056645851262,FALSE
cz,ica,4,rel_4_30,retained,sd,alpha,centro_temporal,56,0.04642801992914656,0.7295902430373933,0.8421498990850834,FALSE
cz,ica,4,rel_4_30,retained,sd,alpha,frontal,56,0.0030712352879591317,0.9817469989175565,0.9893549893245127,FALSE
cz,ica,4,rel_4_30,retained,sd,alpha,parieto_occipital,56,0.09521513255052472,0.479151841589888,0.6541230196985549,FALSE
cz,ica,4,rel_4_30,retained,sd,beta,centro_temporal,56,0.379162824538867,0.00635701451917642,0.03506075117616273,TRUE
cz,ica,4,rel_4_30,retained,sd,beta,frontal,56,0.4551626627338737,0.0012377757009171904,0.011709177433494006,TRUE
cz,ica,4,rel_4_30,retained,sd,beta,parieto_occipital,56,0.3062954652240382,0.025750764570062003,0.09553337084771095,FALSE
cz,ica,4,rel_4_30,retained,sd,theta,centro_temporal,56,0.4849007192324812,6.250785803710316e-4,0.007233052144293365,TRUE
cz,ica,4,rel_4_30,retained,sd,theta,frontal,56,0.4316128392557825,0.002091667457415036,0.016226075136948244,TRUE
cz,ica,4,rel_4_30,retained,sd,theta,parieto_occipital,56,0.5327096678106608,1.9943171378660246e-4,0.003371263057401349,TRUE
cz,ica,8,absolute,removed,cv,alpha,centro_temporal,45,0.2697038772831929,0.07725069490084933,0.20487769561698652,FALSE
cz,ica,8,absolute,removed,cv,alpha,frontal,45,0.2374115140733188,0.11840844703753402,0.27583705337443515,FALSE
cz,ica,8,absolute,removed,cv,alpha,parieto_occipital,45,0.353722483674857,0.022086738845843525,0.08493891259410448,FALSE
cz,ica,8,absolute,removed,cv,beta,centro_temporal,45,0.40103491077060427,0.010052853872066171,0.04795766362526782,TRUE
cz,ica,8,absolute,removed,cv,beta,frontal,45,0.3919951487909092,0.011733742504131152,0.053671518654190495,FALSE
cz,ica,8,absolute,removed,cv,beta,parieto_occipital,45,0.3982320527339534,0.010548692131581805,0.049955316696212004,TRUE
cz,ica,8,absolute,removed,cv,theta,centro_temporal,45,0.25616741072972965,0.09274955950638547,0.232801993131586,FALSE
cz,ica,8,absolute,removed,cv,theta,frontal,45,0.21606462429363815,0.1543148554154858,0.3269624838449095,FALSE
cz,ica,8,absolute,removed,cv,theta,parieto_occipital,45,0.2380860024017605,0.11739479347896375,0.274565190252628,FALSE
cz,ica,8,absolute,removed,mean,alpha,centro_temporal,45,-0.12374942871975389,0.4109432927211304,0.5977356985034624,FALSE
cz,ica,8,absolute,removed,mean,alpha,frontal,45,-0.1520768677409169,0.313228004589008,0.5076408844693885,FALSE
cz,ica,8,absolute,removed,mean,alpha,parieto_occipital,45,0.032054050680282505,0.8307413038486452,0.9070267310765325,FALSE
cz,ica,8,absolute,removed,mean,beta,centro_temporal,45,0.12077794765721524,0.42218391092320673,0.6064326330411238,FALSE
cz,ica,8,absolute,removed,mean,beta,frontal,45,0.12385249638148779,0.4105567307812277,0.5973969196397505,FALSE
cz,ica,8,absolute,removed,mean,beta,parieto_occipital,45,0.004603827656910897,0.9755021819524299,0.9863916966552111,FALSE
cz,ica,8,absolute,removed,mean,theta,centro_temporal,45,0.30264432116667433,0.048408496468829144,0.1487005006541702,FALSE
cz,ica,8,absolute,removed,mean,theta,frontal,45,0.25731043494089745,0.09134785664295886,0.23017528621375505,FALSE
cz,ica,8,absolute,removed,mean,theta,parieto_occipital,45,0.22977645062905833,0.13038451733972195,0.29328768066257077,FALSE
cz,ica,8,absolute,removed,sd,alpha,centro_temporal,45,0.019231578447799717,0.8979381711551754,0.9435631376895464,FALSE
cz,ica,8,absolute,removed,sd,alpha,frontal,45,-0.13121521254993995,0.3835235357200212,0.5735151949536317,FALSE
cz,ica,8,absolute,removed,sd,alpha,parieto_occipital,45,0.2692302183832169,0.07775368356387106,0.205764579074085,FALSE
cz,ica,8,absolute,removed,sd,beta,centro_temporal,45,0.4950513061938934,0.0018109384710796636,0.014826526244958832,TRUE
cz,ica,8,absolute,removed,sd,beta,frontal,45,0.474837400438166,0.0026579690613613947,0.01931623123471608,TRUE
cz,ica,8,absolute,removed,sd,beta,parieto_occipital,45,0.41393069683408207,0.008036478738912202,0.0408442213554126,TRUE
cz,ica,8,absolute,removed,sd,theta,centro_temporal,45,0.5339505790538793,8.477156500699077e-4,0.008907887695869731,TRUE
cz,ica,8,absolute,removed,sd,theta,frontal,45,0.5745926865194844,3.7366872444438264e-4,0.005009737933240551,TRUE
cz,ica,8,absolute,removed,sd,theta,parieto_occipital,45,0.541569257883754,7.284452406431882e-4,0.008053503609400676,TRUE
cz,ica,8,absolute,retained,cv,alpha,centro_temporal,45,-0.05261235950522853,0.7258228279735937,0.8388820318553306,FALSE
cz,ica,8,absolute,retained,cv,alpha,frontal,45,-0.11694936288311784,0.4369384908258419,0.6184262294615485,FALSE
cz,ica,8,absolute,retained,cv,alpha,parieto_occipital,45,0.08351052171969345,0.5781805202893748,0.7361301929637478,FALSE
cz,ica,8,absolute,retained,cv,beta,centro_temporal,45,0.5024334892953031,0.0015711751344167405,0.013574953161360639,TRUE
cz,ica,8,absolute,retained,cv,beta,frontal,45,0.6197084929969269,1.4649501739890319e-4,0.0027920226845438018,TRUE
cz,ica,8,absolute,retained,cv,beta,parieto_occipital,45,0.5285515601920118,9.433463152489676e-4,0.00960138867457588,TRUE
cz,ica,8,absolute,retained,cv,theta,centro_temporal,45,0.5034155589645359,0.0015416549045525376,0.013409293666443549,TRUE
cz,ica,8,absolute,retained,cv,theta,frontal,45,0.4105576839336932,0.008524247381003394,0.042599323672675056,TRUE
cz,ica,8,absolute,retained,cv,theta,parieto_occipital,45,0.5678227078630477,4.2903078716162674e-4,0.005469087542571818,TRUE
cz,ica,8,absolute,retained,mean,alpha,centro_temporal,45,0.229876329115799,0.13022179546861842,0.29316869761551156,FALSE
cz,ica,8,absolute,retained,mean,alpha,frontal,45,0.3528641481458473,0.022392787856291164,0.08577651151257147,FALSE
cz,ica,8,absolute,retained,mean,alpha,parieto_occipital,45,0.058311018607828335,0.6975651639892103,0.8208760683435482,FALSE
cz,ica,8,absolute,retained,mean,beta,centro_temporal,45,0.2917474670415905,0.056698663101237286,0.16500329501318156,FALSE
cz,ica,8,absolute,retained,mean,beta,frontal,45,0.47018487141619575,0.002900186327479565,0.020640816242802684,TRUE
cz,ica,8,absolute,retained,mean,beta,parieto_occipital,45,0.17834414388166703,0.23795969274193593,0.42673180858631615,FALSE
cz,ica,8,absolute,retained,mean,theta,centro_temporal,45,0.030484669150834826,0.8389078578493374,0.9115913223360044,FALSE
cz,ica,8,absolute,retained,mean,theta,frontal,45,0.1850806867923527,0.22097730416699662,0.4066066060583449,FALSE
cz,ica,8,absolute,retained,mean,theta,parieto_occipital,45,0.17218983853468314,0.2542903223283705,0.44575327917615176,FALSE
cz,ica,8,absolute,retained,sd,alpha,centro_temporal,45,-0.016580034265716994,0.9119459222724269,0.9505752669692213,FALSE
cz,ica,8,absolute,retained,sd,alpha,frontal,45,0.040189403115410985,0.7887293542427457,0.8834340601056648,FALSE
cz,ica,8,absolute,retained,sd,alpha,parieto_occipital,45,-0.0526291892506133,0.7257387807126727,0.8388820318553306,FALSE
cz,ica,8,absolute,retained,sd,beta,centro_temporal,45,0.4500027475513376,0.004212672763447997,0.026983314175100186,TRUE
cz,ica,8,absolute,retained,sd,beta,frontal,45,0.5633957674202901,4.694286100823735e-4,0.005849802679488039,TRUE
cz,ica,8,absolute,retained,sd,beta,parieto_occipital,45,0.41661551328684443,0.0076668408134498755,0.039744902776924156,TRUE
cz,ica,8,absolute,retained,sd,theta,centro_temporal,45,0.5934474285676187,2.5347048438109757e-4,0.0037758361811253156,TRUE
cz,ica,8,absolute,retained,sd,theta,frontal,45,0.6449744276520176,8.578407636280847e-5,0.001852936049436663,TRUE
cz,ica,8,absolute,retained,sd,theta,parieto_occipital,45,0.5493847894680327,6.229153025632165e-4,0.007229536407062047,TRUE
cz,ica,8,rel_1_30,removed,cv,alpha,centro_temporal,45,0.37280587922795577,0.016186127635209904,0.06737865550931062,FALSE
cz,ica,8,rel_1_30,removed,cv,alpha,frontal,45,0.3346517648980889,0.029850112542417765,0.10608522629334577,FALSE
cz,ica,8,rel_1_30,removed,cv,alpha,parieto_occipital,45,0.3733816652292318,0.016032753556386253,0.0671939790615285,FALSE
cz,ica,8,rel_1_30,removed,cv,beta,centro_temporal,45,0.1412128444422447,0.34866754852229376,0.5412700613423491,FALSE
cz,ica,8,rel_1_30,removed,cv,beta,frontal,45,0.014734069932435447,0.9217149168123784,0.9550221754511801,FALSE
cz,ica,8,rel_1_30,removed,cv,beta,parieto_occipital,45,0.23137464173820715,0.12780025976522402,0.28902920637647694,FALSE
cz,ica,8,rel_1_30,removed,cv,theta,centro_temporal,45,0.14597137208641833,0.3328318829407271,0.5260367320624174,FALSE
cz,ica,8,rel_1_30,removed,cv,theta,frontal,45,0.16453905763473592,0.2756966038819871,0.4697056121601655,FALSE
cz,ica,8,rel_1_30,removed,cv,theta,parieto_occipital,45,0.18636474798258695,0.2178447825361519,0.40294030185564156,FALSE
cz,ica,8,rel_1_30,removed,mean,alpha,centro_temporal,45,-0.13404207339493,0.37345069578570644,0.5637311074307784,FALSE
cz,ica,8,rel_1_30,removed,mean,alpha,frontal,45,-0.14233184213529837,0.34489984045286026,0.5375283868040247,FALSE
cz,ica,8,rel_1_30,removed,mean,alpha,parieto_occipital,45,-0.016586252670325166,0.9119130363494671,0.9505752669692213,FALSE
cz,ica,8,rel_1_30,removed,mean,beta,centro_temporal,45,0.02734916461563779,0.855276983450409,0.9198663656030955,FALSE
cz,ica,8,rel_1_30,removed,mean,beta,frontal,45,0.06447624489962014,0.667476252333284,0.800230548588285,FALSE
cz,ica,8,rel_1_30,removed,mean,beta,parieto_occipital,45,-0.06888894569365893,0.6462714733372681,0.7852198401047807,FALSE
cz,ica,8,rel_1_30,removed,mean,theta,centro_temporal,45,0.23885692186619623,0.11624485842631752,0.27367178721040486,FALSE
cz,ica,8,rel_1_30,removed,mean,theta,frontal,45,0.24193604892268414,0.11174290512485062,0.2665376779910547,FALSE
cz,ica,8,rel_1_30,removed,mean,theta,parieto_occipital,45,0.19369814027247922,0.2005853955509051,0.38569535999105786,FALSE
cz,ica,8,rel_1_30,removed,sd,alpha,centro_temporal,45,0.21460015266769314,0.15706290845976506,0.32990847546816127,FALSE
cz,ica,8,rel_1_30,removed,sd,alpha,frontal,45,0.06326824949537047,0.673330311471023,0.8035807192612989,FALSE
cz,ica,8,rel_1_30,removed,sd,alpha,parieto_occipital,45,0.3149809475035462,0.04031288676421711,0.13190094698252705,FALSE
cz,ica,8,rel_1_30,removed,sd,beta,centro_temporal,45,0.22754422357332946,0.13406401142088312,0.2988592022601295,FALSE
cz,ica,8,rel_1_30,removed,sd,beta,frontal,45,0.09973674862909415,0.5069562362824126,0.6788275334054894,FALSE
cz,ica,8,rel_1_30,removed,sd,beta,parieto_occipital,45,0.28822252705816936,0.05962998402713778,0.17010456773702304,FALSE
cz,ica,8,rel_1_30,removed,sd,theta,centro_temporal,45,0.41880148465556943,0.007377588167864958,0.03855384784497171,TRUE
cz,ica,8,rel_1_30,removed,sd,theta,frontal,45,0.4871991987458854,0.0021039422369534635,0.01623041154221243,TRUE
cz,ica,8,rel_1_30,removed,sd,theta,parieto_occipital,45,0.4346362007523519,0.00556611252810642,0.03220393676975857,TRUE
cz,ica,8,rel_1_30,retained,cv,alpha,centro_temporal,45,0.11592150775354035,0.44095135472267377,0.6213958910138354,FALSE
cz,ica,8,rel_1_30,retained,cv,alpha,frontal,45,-0.2251636110328349,0.13807914185354095,0.30520278767854875,FALSE
cz,ica,8,rel_1_30,retained,cv,alpha,parieto_occipital,45,0.36296121228102285,0.019023115648304455,0.07601425862344062,FALSE
cz,ica,8,rel_1_30,retained,cv,beta,centro_temporal,45,0.40414071336714646,0.009528551540839874,0.04636727249897547,TRUE
cz,ica,8,rel_1_30,retained,cv,beta,frontal,45,0.22319594635541273,0.14146966006874045,0.3091815842311764,FALSE
cz,ica,8,rel_1_30,retained,cv,beta,parieto_occipital,45,0.45911239016546446,0.003563025488160564,0.023761651969070794,TRUE
cz,ica,8,rel_1_30,retained,cv,theta,centro_temporal,45,0.4296226237471797,0.006089101360570611,0.034014980014222033,TRUE
cz,ica,8,rel_1_30,retained,cv,theta,frontal,45,0.49725971255161194,0.0017357897262730644,0.014492626712259614,TRUE
cz,ica,8,rel_1_30,retained,cv,theta,parieto_occipital,45,0.41612374997117096,0.007733344270451968,0.03992993695022211,TRUE
cz,ica,8,rel_1_30,retained,mean,alpha,centro_temporal,45,-0.09240362017373752,0.5385454810205871,0.7043689313581231,FALSE
cz,ica,8,rel_1_30,retained,mean,alpha,frontal,45,-0.12827348675096392,0.3941865838290497,0.58318015141832,FALSE
cz,ica,8,rel_1_30,retained,mean,alpha,parieto_occipital,45,-0.028153055531613718,0.851073762836921,0.9171216158286999,FALSE
cz,ica,8,rel_1_30,retained,mean,beta,centro_temporal,45,0.1428312347030491,0.3432270666371935,0.5361457754461263,FALSE
cz,ica,8,rel_1_30,retained,mean,beta,frontal,45,0.26345527080445874,0.08411112361882285,0.2164190267769692,FALSE
cz,ica,8,rel_1_30,retained,mean,beta,parieto_occipital,45,-0.09915019705025305,0.5094454007822068,0.6811292015960179,FALSE
cz,ica,8,rel_1_30,retained,mean,theta,centro_temporal,45,0.039918077023665136,0.7901210703791757,0.8845351919476634,FALSE
cz,ica,8,rel_1_30,retained,mean,theta,frontal,45,0.04925788637248706,0.7426418939736816,0.8522407567206831,FALSE
cz,ica,8,rel_1_30,retained,mean,theta,parieto_occipital,45,0.07513289019915438,0.6167710985576678,0.7632100672158537,FALSE
cz,ica,8,rel_1_30,retained,sd,alpha,centro_temporal,45,-0.038075424289619256,0.7995907162003859,0.8895017752752792,FALSE
cz,ica,8,rel_1_30,retained,sd,alpha,frontal,45,-0.23467293980711412,0.12259724910044834,0.28088279581764475,FALSE
cz,ica,8,rel_1_30,retained,sd,alpha,parieto_occipital,45,0.19875680558335576,0.18929511580588004,0.3692637709753945,FALSE
cz,ica,8,rel_1_30,retained,sd,beta,centro_temporal,45,0.4053505649198519,0.009331225730730931,0.04586574670174698,TRUE
cz,ica,8,rel_1_30,retained,sd,beta,frontal,45,0.43333439922925787,0.00569772700498401,0.03286760028987809,TRUE
cz,ica,8,rel_1_30,retained,sd,beta,parieto_occipital,45,0.2761007411173503,0.07072216596461056,0.19094984810444854,FALSE
cz,ica,8,rel_1_30,retained,sd,theta,centro_temporal,45,0.4875972186895057,0.0020880666470744955,0.016226075136948244,TRUE
cz,ica,8,rel_1_30,retained,sd,theta,frontal,45,0.5126913322238091,0.001287710676027172,0.012037455577557622,TRUE
cz,ica,8,rel_1_30,retained,sd,theta,parieto_occipital,45,0.4881322713792672,0.0020669042583575967,0.01611800231066285,TRUE
cz,ica,8,rel_4_30,removed,cv,alpha,centro_temporal,45,0.3730426887605763,0.0161228871378325,0.0673559492026557,FALSE
cz,ica,8,rel_4_30,removed,cv,alpha,frontal,45,0.34995863947687034,0.02345727580775544,0.08891911572906297,FALSE
cz,ica,8,rel_4_30,removed,cv,alpha,parieto_occipital,45,0.38431672970945413,0.013359998245776095,0.05902690134042893,FALSE
cz,ica,8,rel_4_30,removed,cv,beta,centro_temporal,45,0.16522098854247375,0.2737384603957259,0.46741112605119994,FALSE
cz,ica,8,rel_4_30,removed,cv,beta,frontal,45,0.02958504348408294,0.8435973849253268,0.9146421172865784,FALSE
cz,ica,8,rel_4_30,removed,cv,beta,parieto_occipital,45,0.21156209670827858,0.16288598591936748,0.3377603804024004,FALSE
cz,ica,8,rel_4_30,removed,cv,theta,centro_temporal,45,0.11988103337146513,0.42561308744244997,0.6092723431429475,FALSE
cz,ica,8,rel_4_30,removed,cv,theta,frontal,45,0.14882879484863665,0.3235571869279583,0.5164163968702389,FALSE
cz,ica,8,rel_4_30,removed,cv,theta,parieto_occipital,45,0.19028063585891702,0.20849584043666022,0.39381001754065564,FALSE
cz,ica,8,rel_4_30,removed,mean,alpha,centro_temporal,45,-0.14846058600759451,0.32474245800883783,0.517829427319105,FALSE
cz,ica,8,rel_4_30,removed,mean,alpha,frontal,45,-0.16069316332928127,0.286924955766213,0.48126153063806565,FALSE
cz,ica,8,rel_4_30,removed,mean,alpha,parieto_occipital,45,-0.0352822054734364,0.8140033113886834,0.8979974673986721,FALSE
cz,ica,8,rel_4_30,removed,mean,beta,centro_temporal,45,0.017938254926063886,0.9047668006026175,0.9460057548165614,FALSE
cz,ica,8,rel_4_30,removed,mean,beta,frontal,45,0.0446776471547754,0.7658121334185327,0.865545806607923,FALSE
cz,ica,8,rel_4_30,removed,mean,beta,parieto_occipital,45,-0.07739177803233191,0.6062509978034691,0.7555789390110385,FALSE
cz,ica,8,rel_4_30,removed,mean,theta,centro_temporal,45,0.2410794375769027,0.11298082970852752,0.2680773546168067,FALSE
cz,ica,8,rel_4_30,removed,mean,theta,frontal,45,0.2349967247155056,0.12209584264529365,0.28060707100410975,FALSE
cz,ica,8,rel_4_30,removed,mean,theta,parieto_occipital,45,0.18260378689425247,0.22711393084688689,0.41359202020266805,FALSE
cz,ica,8,rel_4_30,removed,sd,alpha,centro_temporal,45,0.24321136622052705,0.1099204182067037,0.2634837151588557,FALSE
cz,ica,8,rel_4_30,removed,sd,alpha,frontal,45,0.09027822649110191,0.5478885736501211,0.7112070226042063,FALSE
cz,ica,8,rel_4_30,removed,sd,alpha,parieto_occipital,45,0.3272281706358438,0.03347586646906813,0.11569259451709946,FALSE
cz,ica,8,rel_4_30,removed,sd,beta,centro_temporal,45,0.2670047909016991,0.08015398379191804,0.20964435332378606,FALSE
cz,ica,8,rel_4_30,removed,sd,beta,frontal,45,0.13551318202873566,0.36827637541487435,0.5588831177256173,FALSE
cz,ica,8,rel_4_30,removed,sd,beta,parieto_occipital,45,0.2580830666097796,0.09041038156133945,0.22848740268182982,FALSE
cz,ica,8,rel_4_30,removed,sd,theta,centro_temporal,45,0.42618002663066146,0.00647433992831114,0.035403985430764714,TRUE
cz,ica,8,rel_4_30,removed,sd,theta,frontal,45,0.49540071102168,0.0017988462921616122,0.014786288338106445,TRUE
cz,ica,8,rel_4_30,removed,sd,theta,parieto_occipital,45,0.44151383489858037,0.0049166246449259664,0.02982189800229666,TRUE
cz,ica,8,rel_4_30,retained,cv,alpha,centro_temporal,45,0.26581741949157106,0.08145993646170094,0.211577605192252,FALSE
cz,ica,8,rel_4_30,retained,cv,alpha,frontal,45,0.10714429855982406,0.476097361662713,0.652298853029027,FALSE
cz,ica,8,rel_4_30,retained,cv,alpha,parieto_occipital,45,0.36053232701328547,0.01978895075294262,0.07850963319126623,FALSE
cz,ica,8,rel_4_30,retained,cv,beta,centro_temporal,45,0.31857290753431705,0.038190677335086805,0.12678018778236252,FALSE
cz,ica,8,rel_4_30,retained,cv,beta,frontal,45,0.18620013692176232,0.21824450338831383,0.403487698133031,FALSE
cz,ica,8,rel_4_30,retained,cv,beta,parieto_occipital,45,0.3558772740634776,0.021334939768755862,0.0829502458209228,FALSE
cz,ica,8,rel_4_30,retained,cv,theta,centro_temporal,45,0.3918562647211053,0.011761470174277316,0.053677012278427944,FALSE
cz,ica,8,rel_4_30,retained,cv,theta,frontal,45,0.35738511246352594,0.02082265014227896,0.08167168505167904,FALSE
cz,ica,8,rel_4_30,retained,cv,theta,parieto_occipital,45,0.6008040279066679,2.175727006421337e-4,0.0035100525315212273,TRUE
cz,ica,8,rel_4_30,retained,mean,alpha,centro_temporal,45,-0.1457642492102475,0.3335110041803142,0.5264680407036385,FALSE
cz,ica,8,rel_4_30,retained,mean,alpha,frontal,45,-0.2003647135451615,0.18580982533993748,0.3658622484930198,FALSE
cz,ica,8,rel_4_30,retained,mean,alpha,parieto_occipital,45,-0.01901239687466107,0.89909489430768,0.9440019016216793,FALSE
cz,ica,8,rel_4_30,retained,mean,beta,centro_temporal,45,0.062063192555110426,0.6791905989240479,0.80656476744554,FALSE
cz,ica,8,rel_4_30,retained,mean,beta,frontal,45,0.21879132793109443,0.14929908031149441,0.31954411362651103,FALSE
cz,ica,8,rel_4_30,retained,mean,beta,parieto_occipital,45,-0.12964967197062308,0.3891753238382103,0.5776442426577598,FALSE
cz,ica,8,rel_4_30,retained,mean,theta,centro_temporal,45,0.051460213187686996,0.731584682797862,0.8432852791930292,FALSE
cz,ica,8,rel_4_30,retained,mean,theta,frontal,45,-0.02856058001348239,0.8489446445499754,0.9168756289001926,FALSE
cz,ica,8,rel_4_30,retained,mean,theta,parieto_occipital,45,0.13952919376362805,0.35438723690848406,0.5467688798016611,FALSE
cz,ica,8,rel_4_30,retained,sd,alpha,centro_temporal,45,0.09293912112080249,0.5362045534623183,0.7035988200680032,FALSE
cz,ica,8,rel_4_30,retained,sd,alpha,frontal,45,-0.11084124133563543,0.46110352843082847,0.6393618111765553,FALSE
cz,ica,8,rel_4_30,retained,sd,alpha,parieto_occipital,45,0.239800778550389,0.11484944626294746,0.27144963347741013,FALSE
cz,ica,8,rel_4_30,retained,sd,beta,centro_temporal,45,0.37484007028076355,0.01565016746567922,0.06632165023473154,FALSE
cz,ica,8,rel_4_30,retained,sd,beta,frontal,45,0.38959186452812733,0.012222108284207984,0.05512709629814459,FALSE
cz,ica,8,rel_4_30,retained,sd,beta,parieto_occipital,45,0.22962429707607823,0.13063271927116568,0.2934473787885229,FALSE
cz,ica,8,rel_4_30,retained,sd,theta,centro_temporal,45,0.5172621740280674,0.0011777674805075974,0.011278719123678666,TRUE
cz,ica,8,rel_4_30,retained,sd,theta,frontal,45,0.4938292607760458,0.0018538412577677808,0.014922293319275703,TRUE
cz,ica,8,rel_4_30,retained,sd,theta,parieto_occipital,45,0.6740997818574832,4.590643507628803e-5,0.0012840591336446608,TRUE
cz,ica,10,absolute,removed,cv,alpha,centro_temporal,44,0.13246841853697844,0.3844499748064836,0.5742379954082244,FALSE
cz,ica,10,absolute,removed,cv,alpha,frontal,44,0.14511805754819238,0.34112841010050754,0.5341551584658772,FALSE
cz,ica,10,absolute,removed,cv,alpha,parieto_occipital,44,0.28771233391412204,0.06302081528706169,0.1761502011762012,FALSE
cz,ica,10,absolute,removed,cv,beta,centro_temporal,44,0.38700103155507065,0.013818442164797162,0.060707461171447874,FALSE
cz,ica,10,absolute,removed,cv,beta,frontal,44,0.2715371486479317,0.07869081844553046,0.2067229068352854,FALSE
cz,ica,10,absolute,removed,cv,beta,parieto_occipital,44,0.43196640272454034,0.0064211013546429455,0.03521190700543268,TRUE
cz,ica,10,absolute,removed,cv,theta,centro_temporal,44,0.19489646333729702,0.2029847376294223,0.3882968740261602,FALSE
cz,ica,10,absolute,removed,cv,theta,frontal,44,0.09345155837787712,0.5386030948888116,0.7043689313581231,FALSE
cz,ica,10,absolute,removed,cv,theta,parieto_occipital,44,0.19181228086786692,0.21009024302956816,0.39594322098834756,FALSE
cz,ica,10,absolute,removed,mean,alpha,centro_temporal,44,-0.12326364583749941,0.41807128748459743,0.603587510486489,FALSE
cz,ica,10,absolute,removed,mean,alpha,frontal,44,-0.2131178947597796,0.16465967043710053,0.34034917525754754,FALSE
cz,ica,10,absolute,removed,mean,alpha,parieto_occipital,44,0.06060868499504214,0.6896515238703965,0.814998840424838,FALSE
cz,ica,10,absolute,removed,mean,beta,centro_temporal,44,0.1052212722263365,0.48896015668570825,0.6619349196358056,FALSE
cz,ica,10,absolute,removed,mean,beta,frontal,44,0.15352601622290904,0.31419495477037085,0.5083603762576787,FALSE
cz,ica,10,absolute,removed,mean,beta,parieto_occipital,44,-0.0369978326355333,0.8073020094097685,0.89428353184088,FALSE
cz,ica,10,absolute,removed,mean,theta,centro_temporal,44,0.3680465342033138,0.01882311482523347,0.07539369575074135,FALSE
cz,ica,10,absolute,removed,mean,theta,frontal,44,0.32594312162378497,0.03622223905110061,0.12235626883638503,FALSE
cz,ica,10,absolute,removed,mean,theta,parieto_occipital,44,0.24084713909665031,0.11745584708730167,0.274565190252628,FALSE
cz,ica,10,absolute,removed,sd,alpha,centro_temporal,44,-0.023584077595396432,0.8764191261190448,0.9305072535092425,FALSE
cz,ica,10,absolute,removed,sd,alpha,frontal,44,-0.22385869496601365,0.14486215027002594,0.31427465597957266,FALSE
cz,ica,10,absolute,removed,sd,alpha,parieto_occipital,44,0.22355093468756343,0.1454019180978128,0.31427465597957266,FALSE
cz,ica,10,absolute,removed,sd,beta,centro_temporal,44,0.43112497219790985,0.006516515644772843,0.03558456857707418,TRUE
cz,ica,10,absolute,removed,sd,beta,frontal,44,0.3787107503864026,0.01583544344873768,0.0668919363858777,FALSE
cz,ica,10,absolute,removed,sd,beta,parieto_occipital,44,0.3800967110399456,0.015480590271535416,0.06585178881370864,FALSE
cz,ica,10,absolute,removed,sd,theta,centro_temporal,44,0.5339937636207224,9.697749950218642e-4,0.009758140282979885,TRUE
cz,ica,10,absolute,removed,sd,theta,frontal,44,0.46372095616542713,0.0036409803685581443,0.024034179410787886,TRUE
cz,ica,10,absolute,removed,sd,theta,parieto_occipital,44,0.501836656182205,0.0017958128299383805,0.014786288338106445,TRUE
cz,ica,10,absolute,retained,cv,alpha,centro_temporal,44,-0.04587551797974983,0.7623643260904335,0.8631544845193958,FALSE
cz,ica,10,absolute,retained,cv,alpha,frontal,44,-0.037908824992773364,0.8026573770324287,0.8912674371669874,FALSE
cz,ica,10,absolute,retained,cv,alpha,parieto_occipital,44,-0.0443717976207771,0.7699225727516142,0.8691808835244704,FALSE
cz,ica,10,absolute,retained,cv,beta,centro_temporal,44,0.39011643632967596,0.013123232440644703,0.05817916502762441,FALSE
cz,ica,10,absolute,retained,cv,beta,frontal,44,0.48979961592164534,0.002251385137507733,0.017029932713288065,TRUE
cz,ica,10,absolute,retained,cv,beta,parieto_occipital,44,0.5596031281640886,5.867682680989308e-4,0.006914092147338019,TRUE
cz,ica,10,absolute,retained,cv,theta,centro_temporal,44,0.5047478838572284,0.0016996013306869275,0.014365326029806029,TRUE
cz,ica,10,absolute,retained,cv,theta,frontal,44,0.22567741776041308,0.14170474491404653,0.3095213754077601,FALSE
cz,ica,10,absolute,retained,cv,theta,parieto_occipital,44,0.5832559406484843,3.6582341845858304e-4,0.004964988280601016,TRUE
cz,ica,10,absolute,retained,mean,alpha,centro_temporal,44,0.25783244425316104,0.09442375826810855,0.23608975700733506,FALSE
cz,ica,10,absolute,retained,mean,alpha,frontal,44,0.29819182036025016,0.054361602713195956,0.16011962980977718,FALSE
cz,ica,10,absolute,retained,mean,alpha,parieto_occipital,44,0.2692469294325906,0.0811552182347572,0.21105785183728162,FALSE
cz,ica,10,absolute,retained,mean,beta,centro_temporal,44,0.2972179243758987,0.05512058733364769,0.16174792652661668,FALSE
cz,ica,10,absolute,retained,mean,beta,frontal,44,0.47234654492594835,0.0031101734516665626,0.02157202113857541,TRUE
cz,ica,10,absolute,retained,mean,beta,parieto_occipital,44,0.2015904979160671,0.1881884221924204,0.36804657217511594,FALSE
cz,ica,10,absolute,retained,mean,theta,centro_temporal,44,0.02408022220476448,0.8738416272563323,0.9282776630526283,FALSE
cz,ica,10,absolute,retained,mean,theta,frontal,44,0.1685208496624205,0.2698416028248014,0.46420319888095735,FALSE
cz,ica,10,absolute,retained,mean,theta,parieto_occipital,44,0.17226950353885434,0.2594831568216139,0.4520029183344242,FALSE
cz,ica,10,absolute,retained,sd,alpha,centro_temporal,44,0.11824466257122357,0.4371366337427368,0.6184815254700731,FALSE
cz,ica,10,absolute,retained,sd,alpha,frontal,44,0.10576568912806729,0.4867271779239142,0.6598309859721682,FALSE
cz,ica,10,absolute,retained,sd,alpha,parieto_occipital,44,0.193021407461177,0.20728268629829413,0.3923637216785626,FALSE
cz,ica,10,absolute,retained,sd,beta,centro_temporal,44,0.4503437229991099,0.0046355280296239984,0.028790627762265344,TRUE
cz,ica,10,absolute,retained,sd,beta,frontal,44,0.5513783402424733,6.902590019452168e-4,0.007756436414921974,TRUE
cz,ica,10,absolute,retained,sd,beta,parieto_occipital,44,0.4922507146118457,0.0021505358365347177,0.0164592191583602,TRUE
cz,ica,10,absolute,retained,sd,theta,centro_temporal,44,0.5891539731163654,3.2478200995003176e-4,0.00455867312160911,TRUE
cz,ica,10,absolute,retained,sd,theta,frontal,44,0.5682055234964541,4.945711649553722e-4,0.0060659075373706225,TRUE
cz,ica,10,absolute,retained,sd,theta,parieto_occipital,44,0.602608379875234,2.4715943578866427e-4,0.003724635218396615,TRUE
cz,ica,10,rel_1_30,removed,cv,alpha,centro_temporal,44,0.30398005643007753,0.05003440429636121,0.1517580217844071,FALSE
cz,ica,10,rel_1_30,removed,cv,alpha,frontal,44,0.2158742721729053,0.15938806381142545,0.33317246887033447,FALSE
cz,ica,10,rel_1_30,removed,cv,alpha,parieto_occipital,44,0.40662241849004405,0.009945724650957641,0.04756331788797455,TRUE
cz,ica,10,rel_1_30,removed,cv,beta,centro_temporal,44,0.10672826131279729,0.48279309122888037,0.6573204880636857,FALSE
cz,ica,10,rel_1_30,removed,cv,beta,frontal,44,-0.11184170234158082,0.46219682877242096,0.6399648398387368,FALSE
cz,ica,10,rel_1_30,removed,cv,beta,parieto_occipital,44,0.31165199442298236,0.04476169595646985,0.14149062916971936,FALSE
cz,ica,10,rel_1_30,removed,cv,theta,centro_temporal,44,0.10784116804278056,0.4782669527177458,0.6533738271843273,FALSE
cz,ica,10,rel_1_30,removed,cv,theta,frontal,44,0.024685285215238256,0.8707001687751639,0.9273747749888487,FALSE
cz,ica,10,rel_1_30,removed,cv,theta,parieto_occipital,44,0.1473229265304999,0.33392150903646767,0.5264747879699052,FALSE
cz,ica,10,rel_1_30,removed,mean,alpha,centro_temporal,44,-0.12434207241164147,0.4140418320913062,0.599998003418188,FALSE
cz,ica,10,rel_1_30,removed,mean,alpha,frontal,44,-0.19549893924283002,0.20161811799390122,0.38672483609288993,FALSE
cz,ica,10,rel_1_30,removed,mean,alpha,parieto_occipital,44,0.0196900024497589,0.8966939898416627,0.9434614292050779,FALSE
cz,ica,10,rel_1_30,removed,mean,beta,centro_temporal,44,-0.010166741273048892,0.9465452013015166,0.9688839342048293,FALSE
cz,ica,10,rel_1_30,removed,mean,beta,frontal,44,0.09854587594698523,0.5167989799368979,0.6867103328758234,FALSE
cz,ica,10,rel_1_30,removed,mean,beta,parieto_occipital,44,-0.12855696899920988,0.3985227522664132,0.5858058452974724,FALSE
cz,ica,10,rel_1_30,removed,mean,theta,centro_temporal,44,0.28565787390069225,0.06485028201432214,0.17996069322891886,FALSE
cz,ica,10,rel_1_30,removed,mean,theta,frontal,44,0.30862731570141355,0.046779626049523675,0.14580548973999025,FALSE
cz,ica,10,rel_1_30,removed,mean,theta,parieto_occipital,44,0.19752202252391607,0.1970798892415232,0.38027127015932616,FALSE
cz,ica,10,rel_1_30,removed,sd,alpha,centro_temporal,44,0.15806153988178054,0.30028347635628494,0.4948655755250818,FALSE
cz,ica,10,rel_1_30,removed,sd,alpha,frontal,44,-0.09863859027976445,0.5164065839390246,0.6864235208051035,FALSE
cz,ica,10,rel_1_30,removed,sd,alpha,parieto_occipital,44,0.3189419937584211,0.0402076857575067,0.1316996480414373,FALSE
cz,ica,10,rel_1_30,removed,sd,beta,centro_temporal,44,0.12260583842614454,0.42054083121876606,0.6057061289489747,FALSE
cz,ica,10,rel_1_30,removed,sd,beta,frontal,44,-0.033285331366103434,0.8263010561171429,0.90497422709393,FALSE
cz,ica,10,rel_1_30,removed,sd,beta,parieto_occipital,44,0.2952627090761957,0.056671978846144076,0.16500329501318156,FALSE
cz,ica,10,rel_1_30,removed,sd,theta,centro_temporal,44,0.4239259454825974,0.00738846459711486,0.038556830154432585,TRUE
cz,ica,10,rel_1_30,removed,sd,theta,frontal,44,0.361543425294958,0.020886808570898006,0.08169810032560508,FALSE
cz,ica,10,rel_1_30,removed,sd,theta,parieto_occipital,44,0.40087497946422007,0.010961483295281557,0.05110101564994568,FALSE
cz,ica,10,rel_1_30,retained,cv,alpha,centro_temporal,44,0.04933535653079265,0.7450638606523639,0.8538827941323287,FALSE
cz,ica,10,rel_1_30,retained,cv,alpha,frontal,44,-0.07617649920700377,0.615930034122951,0.7627804835581853,FALSE
cz,ica,10,rel_1_30,retained,cv,alpha,parieto_occipital,44,0.2814423023423907,0.06874650711050607,0.18770113739160646,FALSE
cz,ica,10,rel_1_30,retained,cv,beta,centro_temporal,44,0.35208091451975027,0.024254782418716484,0.09111361743378714,FALSE
cz,ica,10,rel_1_30,retained,cv,beta,frontal,44,0.22103316669232537,0.14987779259753647,0.31954411362651103,FALSE
cz,ica,10,rel_1_30,retained,cv,beta,parieto_occipital,44,0.5385944084511806,8.867292108102766e-4,0.009218190298476887,TRUE
cz,ica,10,rel_1_30,retained,cv,theta,centro_temporal,44,0.4943226901377967,0.002068642786270772,0.01611800231066285,TRUE
cz,ica,10,rel_1_30,retained,cv,theta,frontal,44,0.27982162340447614,0.07029653630764485,0.19048774531315668,FALSE
cz,ica,10,rel_1_30,retained,cv,theta,parieto_occipital,44,0.5002092728251433,0.0018518299172005457,0.014922293319275703,TRUE
cz,ica,10,rel_1_30,retained,mean,alpha,centro_temporal,44,-0.12565156670203503,0.4091811153350372,0.5960645097124858,FALSE
cz,ica,10,rel_1_30,retained,mean,alpha,frontal,44,-0.21735295126555265,0.15661503809911603,0.3292155226298042,FALSE
cz,ica,10,rel_1_30,retained,mean,alpha,parieto_occipital,44,0.002519268106008431,0.9867445228632947,0.9911177246139289,FALSE
cz,ica,10,rel_1_30,retained,mean,beta,centro_temporal,44,0.1427072446358967,0.3491255999267605,0.5413734515594765,FALSE
cz,ica,10,rel_1_30,retained,mean,beta,frontal,44,0.26927466393666405,0.08112499086287739,0.21105785183728162,FALSE
cz,ica,10,rel_1_30,retained,mean,beta,parieto_occipital,44,-0.09769772089866997,0.5203960467388086,0.6889133662369478,FALSE
cz,ica,10,rel_1_30,retained,mean,theta,centro_temporal,44,0.05458129615215891,0.7190869180572034,0.8362495922638243,FALSE
cz,ica,10,rel_1_30,retained,mean,theta,frontal,44,0.09271069222295687,0.5418134152547998,0.7057187800705733,FALSE
cz,ica,10,rel_1_30,retained,mean,theta,parieto_occipital,44,0.070888079399563,0.6405753220121372,0.7802496403456107,FALSE
cz,ica,10,rel_1_30,retained,sd,alpha,centro_temporal,44,-0.0915182957145221,0.5470009837306657,0.7110464141574151,FALSE
cz,ica,10,rel_1_30,retained,sd,alpha,frontal,44,-0.3021050381644273,0.05140223276578746,0.15446811479016676,FALSE
cz,ica,10,rel_1_30,retained,sd,alpha,parieto_occipital,44,0.18673525574027192,0.2221902454322604,0.407873311728342,FALSE
cz,ica,10,rel_1_30,retained,sd,beta,centro_temporal,44,0.3432891357764032,0.027812491386965458,0.10106071636684272,FALSE
cz,ica,10,rel_1_30,retained,sd,beta,frontal,44,0.4019276757361242,0.010768577940274877,0.050504500641482174,FALSE
cz,ica,10,rel_1_30,retained,sd,beta,parieto_occipital,44,0.24291285548046296,0.11443108212797744,0.27062533291580065,FALSE
cz,ica,10,rel_1_30,retained,sd,theta,centro_temporal,44,0.6038600912604496,2.409306953693861e-4,0.0036591349359225513,TRUE
cz,ica,10,rel_1_30,retained,sd,theta,frontal,44,0.4420285515921073,0.0053765553830106855,0.03143465763781285,TRUE
cz,ica,10,rel_1_30,retained,sd,theta,parieto_occipital,44,0.5721045171218276,4.5754294136853436e-4,0.0057527569961863005,TRUE
cz,ica,10,rel_4_30,removed,cv,alpha,centro_temporal,44,0.332293480265751,0.032912978752735626,0.11425505481306797,FALSE
cz,ica,10,rel_4_30,removed,cv,alpha,frontal,44,0.24065217537466058,0.11774465104236134,0.2747846358059429,FALSE
cz,ica,10,rel_4_30,removed,cv,alpha,parieto_occipital,44,0.4164151773968022,0.00841270918464912,0.0422591903228886,TRUE
cz,ica,10,rel_4_30,removed,cv,beta,centro_temporal,44,0.1391021208041468,0.3613126616140889,0.5532822482692311,FALSE
cz,ica,10,rel_4_30,removed,cv,beta,frontal,44,-0.08615414133454988,0.5706482977370078,0.7305500762599559,FALSE
cz,ica,10,rel_4_30,removed,cv,beta,parieto_occipital,44,0.3003454560438976,0.052715199150847686,0.1568237463149553,FALSE
cz,ica,10,rel_4_30,removed,cv,theta,centro_temporal,44,0.07842135142471009,0.6056003394533591,0.7555789390110385,FALSE
cz,ica,10,rel_4_30,removed,cv,theta,frontal,44,0.006943535686201527,0.9634771015061497,0.979178714523051,FALSE
cz,ica,10,rel_4_30,removed,cv,theta,parieto_occipital,44,0.1334489762311922,0.38097199512291013,0.5713777320360149,FALSE
cz,ica,10,rel_4_30,removed,mean,alpha,centro_temporal,44,-0.1356934013559929,0.3730867214396246,0.5635435792374749,FALSE
cz,ica,10,rel_4_30,removed,mean,alpha,frontal,44,-0.21773079210786553,0.15591256731831868,0.3292155226298042,FALSE
cz,ica,10,rel_4_30,removed,mean,alpha,parieto_occipital,44,0.004611964115608392,0.9757362307962814,0.9863916966552111,FALSE
cz,ica,10,rel_4_30,removed,mean,beta,centro_temporal,44,-0.012081350230574934,0.936498834173572,0.9622377027660804,FALSE
cz,ica,10,rel_4_30,removed,mean,beta,frontal,44,0.0656880366540358,0.6652157754861185,0.7982589305833422,FALSE
cz,ica,10,rel_4_30,removed,mean,beta,parieto_occipital,44,-0.1167529637466396,0.4429015126004733,0.6230704750006744,FALSE
cz,ica,10,rel_4_30,removed,mean,theta,centro_temporal,44,0.288600715076246,0.062243504551266,0.1747312243287525,FALSE
cz,ica,10,rel_4_30,removed,mean,theta,frontal,44,0.30007231234738946,0.05292159395999513,0.157188049897984,FALSE
cz,ica,10,rel_4_30,removed,mean,theta,parieto_occipital,44,0.18896363901821758,0.21681717136259235,0.401804176481296,FALSE
cz,ica,10,rel_4_30,removed,sd,alpha,centro_temporal,44,0.189358604247744,0.21587501185077412,0.40120556695784404,FALSE
cz,ica,10,rel_4_30,removed,sd,alpha,frontal,44,-0.07260473780984628,0.6325283978424691,0.7745733577359117,FALSE
cz,ica,10,rel_4_30,removed,sd,alpha,parieto_occipital,44,0.336926700221684,0.030670435127701012,0.10813429902324932,FALSE
cz,ica,10,rel_4_30,removed,sd,beta,centro_temporal,44,0.170581926394608,0.2641105463244159,0.45733011106284305,FALSE
cz,ica,10,rel_4_30,removed,sd,beta,frontal,44,0.01824666682969046,0.9042273779607579,0.9460057548165614,FALSE
cz,ica,10,rel_4_30,removed,sd,beta,parieto_occipital,44,0.28860388055437197,0.06224074958296438,0.1747312243287525,FALSE
cz,ica,10,rel_4_30,removed,sd,theta,centro_temporal,44,0.42715472558074763,0.006984786009445135,0.03730336264384984,TRUE
cz,ica,10,rel_4_30,removed,sd,theta,frontal,44,0.37525281957490886,0.016753294238716257,0.06892783915357545,FALSE
cz,ica,10,rel_4_30,removed,sd,theta,parieto_occipital,44,0.39218868653964145,0.012678690667589091,0.05678672072279537,FALSE
cz,ica,10,rel_4_30,retained,cv,alpha,centro_temporal,44,0.16353126434682225,0.28407967576812415,0.4785536305833911,FALSE
cz,ica,10,rel_4_30,retained,cv,alpha,frontal,44,0.06278696003549311,0.679129303282223,0.80656476744554,FALSE
cz,ica,10,rel_4_30,retained,cv,alpha,parieto_occipital,44,0.28953594969083135,0.061434083351883294,0.17383967690838592,FALSE
cz,ica,10,rel_4_30,retained,cv,beta,centro_temporal,44,0.2129510890754973,0.164982999816737,0.340836292926394,FALSE
cz,ica,10,rel_4_30,retained,cv,beta,frontal,44,0.1386361409480915,0.36290782537854616,0.5548508159936246,FALSE
cz,ica,10,rel_4_30,retained,cv,beta,parieto_occipital,44,0.442751686290833,0.005307958749799322,0.03108033677593338,TRUE
cz,ica,10,rel_4_30,retained,cv,theta,centro_temporal,44,0.37710517533177396,0.016255771476887823,0.06759619198089824,FALSE
cz,ica,10,rel_4_30,retained,cv,theta,frontal,44,0.1292942225395558,0.39584593396056345,0.5836363258394656,FALSE
cz,ica,10,rel_4_30,retained,cv,theta,parieto_occipital,44,0.664268051013215,6.883282841033688e-5,0.001612180944936083,TRUE
cz,ica,10,rel_4_30,retained,mean,alpha,centro_temporal,44,-0.15931855556586244,0.2965042776468926,0.49055686446430563,FALSE
cz,ica,10,rel_4_30,retained,mean,alpha,frontal,44,-0.2641946224578901,0.08682164973260457,0.22135250764614203,FALSE
cz,ica,10,rel_4_30,retained,mean,alpha,parieto_occipital,44,0.01326187608379036,0.9303094658870417,0.9586650419742428,FALSE
cz,ica,10,rel_4_30,retained,mean,beta,centro_temporal,44,0.06056642797631085,0.6898562715633081,0.814998840424838,FALSE
cz,ica,10,rel_4_30,retained,mean,beta,frontal,44,0.2252705005552084,0.14240638229387823,0.3108792893647381,FALSE
cz,ica,10,rel_4_30,retained,mean,beta,parieto_occipital,44,-0.13205257416577576,0.3859310026991417,0.5753449917539352,FALSE
cz,ica,10,rel_4_30,retained,mean,theta,centro_temporal,44,0.062946304491449,0.6783620884112813,0.8062007953881977,FALSE
cz,ica,10,rel_4_30,retained,mean,theta,frontal,44,0.013765717937085154,0.9276691832555906,0.9579755071707136,FALSE
cz,ica,10,rel_4_30,retained,mean,theta,parieto_occipital,44,0.11546625138399015,0.44791015235206233,0.627420402810739,FALSE
cz,ica,10,rel_4_30,retained,sd,alpha,centro_temporal,44,0.021532446117467283,0.8870915693843912,0.9372315276539436,FALSE
cz,ica,10,rel_4_30,retained,sd,alpha,frontal,44,-0.22383477688112155,0.14490404216681244,0.31427465597957266,FALSE
cz,ica,10,rel_4_30,retained,sd,alpha,parieto_occipital,44,0.22702894000877652,0.13939406146623562,0.30741015937647426,FALSE
cz,ica,10,rel_4_30,retained,sd,beta,centro_temporal,44,0.2296946062096288,0.13492467730859378,0.30027884680928024,FALSE
cz,ica,10,rel_4_30,retained,sd,beta,frontal,44,0.3079269357576401,0.04725803350828022,0.14637553915285167,FALSE
cz,ica,10,rel_4_30,retained,sd,beta,parieto_occipital,44,0.21752377766118802,0.1562971354835534,0.3292155226298042,FALSE
cz,ica,10,rel_4_30,retained,sd,theta,centro_temporal,44,0.5171846978642465,0.0013411453006831368,0.012269112774249497,TRUE
cz,ica,10,rel_4_30,retained,sd,theta,frontal,44,0.33881508384214143,0.029796087590837104,0.10599010846585055,FALSE
cz,ica,10,rel_4_30,retained,sd,theta,parieto_occipital,44,0.7361370859563735,1.4836595061490925e-5,6.600826154227081e-4,TRUE
cz,threshold,2,absolute,removed,cv,alpha,centro_temporal,61,0.3645567848545302,0.006028733015875325,0.03386761377570565,TRUE
cz,threshold,2,absolute,removed,cv,alpha,frontal,61,0.28683399426931194,0.028790579354641056,0.10355020585647033,FALSE
cz,threshold,2,absolute,removed,cv,alpha,parieto_occipital,61,0.40673178281307015,0.0023538847000896183,0.017667767787545245,TRUE
cz,threshold,2,absolute,removed,cv,beta,centro_temporal,61,0.24820347553459934,0.05726685312315145,0.16578817940641313,FALSE
cz,threshold,2,absolute,removed,cv,beta,frontal,61,0.17667323702197252,0.1727496211920127,0.3507313457934963,FALSE
cz,threshold,2,absolute,removed,cv,beta,parieto_occipital,61,0.1031929344726193,0.4234472891976254,0.6072899521948977,FALSE
cz,threshold,2,absolute,removed,cv,theta,centro_temporal,61,0.12252638521482209,0.34242673562288806,0.5351105900730662,FALSE
cz,threshold,2,absolute,removed,cv,theta,frontal,61,0.24003261346809013,0.06570188448295503,0.18129803184508808,FALSE
cz,threshold,2,absolute,removed,cv,theta,parieto_occipital,61,0.16753205442159808,0.19570509738615235,0.37893496944091654,FALSE
cz,threshold,2,absolute,removed,mean,alpha,centro_temporal,61,-0.21538208149774582,0.09773036037768901,0.2413343369347406,FALSE
cz,threshold,2,absolute,removed,mean,alpha,frontal,61,-0.27050749785566924,0.03879351062621747,0.1281388162636909,FALSE
cz,threshold,2,absolute,removed,mean,alpha,parieto_occipital,61,-0.13318031061767815,0.302433721077812,0.4969832238167934,FALSE
cz,threshold,2,absolute,removed,mean,beta,centro_temporal,61,0.21475526444878254,0.09868808664158062,0.24269404229124947,FALSE
cz,threshold,2,absolute,removed,mean,beta,frontal,61,0.32228654864432843,0.01452066442165746,0.06286897914410268,FALSE
cz,threshold,2,absolute,removed,mean,beta,parieto_occipital,61,0.15828759260251757,0.22117766537335598,0.406782763941158,FALSE
cz,threshold,2,absolute,removed,mean,theta,centro_temporal,61,0.12072335144270134,0.3495237208680968,0.5414136361494662,FALSE
cz,threshold,2,absolute,removed,mean,theta,frontal,61,0.066647470515961,0.6046075006961599,0.7553722778024867,FALSE
cz,threshold,2,absolute,removed,mean,theta,parieto_occipital,61,0.06967741922665029,0.5883219384041563,0.7443724814434267,FALSE
cz,threshold,2,absolute,removed,sd,alpha,centro_temporal,61,0.02104901112136883,0.86997039469581,0.9273747749888487,FALSE
cz,threshold,2,absolute,removed,sd,alpha,frontal,61,-0.16470890482518602,0.20323908292381332,0.38830150093748705,FALSE
cz,threshold,2,absolute,removed,sd,alpha,parieto_occipital,61,0.17710068056033304,0.1717289721175032,0.34957185528421597,FALSE
cz,threshold,2,absolute,removed,sd,beta,centro_temporal,61,0.4920543162899753,2.9590994130736616e-4,0.004229771513981764,TRUE
cz,threshold,2,absolute,removed,sd,beta,frontal,61,0.45046566506772634,8.350725549486981e-4,0.008846763197930622,TRUE
cz,threshold,2,absolute,removed,sd,beta,parieto_occipital,61,0.20314287754469396,0.11786067297295152,0.27489039983133506,FALSE
cz,threshold,2,absolute,removed,sd,theta,centro_temporal,61,0.4872112098062747,3.347205344858048e-4,0.0046644926096086345,TRUE
cz,threshold,2,absolute,removed,sd,theta,frontal,61,0.41934551515452395,0.0017564404915883394,0.014560854224510582,TRUE
cz,threshold,2,absolute,removed,sd,theta,parieto_occipital,61,0.39021372623853484,0.0034267471371815673,0.022996613038408,TRUE
cz,threshold,2,absolute,retained,cv,alpha,centro_temporal,61,0.17727728647466773,0.17130862592218743,0.3491736762028226,FALSE
cz,threshold,2,absolute,retained,cv,alpha,frontal,61,-0.010819776593301883,0.9329361375335063,0.9600994448730209,FALSE
cz,threshold,2,absolute,retained,cv,alpha,parieto_occipital,61,0.2874906761648185,0.028440830521966616,0.10276761065929944,FALSE
cz,threshold,2,absolute,retained,cv,beta,centro_temporal,61,0.5091993286849987,1.9035967449274684e-4,0.0033189166566269046,TRUE
cz,threshold,2,absolute,retained,cv,beta,frontal,61,0.48405419985064313,3.625991040767268e-4,0.004964988280601016,TRUE
cz,threshold,2,absolute,retained,cv,beta,parieto_occipital,61,0.7254564948914451,4.404689315750554e-7,1.612669420976097e-4,TRUE
cz,threshold,2,absolute,retained,cv,theta,centro_temporal,61,0.5131458881885617,1.7179905834790595e-4,0.003138255322326685,TRUE
cz,threshold,2,absolute,retained,cv,theta,frontal,61,0.20516450376646023,0.11432239226053635,0.27053284303649744,FALSE
cz,threshold,2,absolute,retained,cv,theta,parieto_occipital,61,0.481434029494126,3.874139451364931e-4,0.0051152226761741245,TRUE
cz,threshold,2,absolute,retained,mean,alpha,centro_temporal,61,0.07139707397912144,0.5791723920463232,0.7361301929637478,FALSE
cz,threshold,2,absolute,retained,mean,alpha,frontal,61,0.18220650956616236,0.15989245084545164,0.33404720520532827,FALSE
cz,threshold,2,absolute,retained,mean,alpha,parieto_occipital,61,-0.0868758697067725,0.5000493932739527,0.673196690113964,FALSE
cz,threshold,2,absolute,retained,mean,beta,centro_temporal,61,0.33617246644842647,0.01095884107122181,0.05110101564994568,FALSE
cz,threshold,2,absolute,retained,mean,beta,frontal,61,0.37603076039584,0.004696065423439757,0.028981432327513934,TRUE
cz,threshold,2,absolute,retained,mean,beta,parieto_occipital,61,0.26571773057740583,0.0422519453756326,0.1354234043355437,FALSE
cz,threshold,2,absolute,retained,mean,theta,centro_temporal,61,0.07640363373682517,0.5529317389237951,0.7158836499952431,FALSE
cz,threshold,2,absolute,retained,mean,theta,frontal,61,0.26825326399323596,0.04038922128764357,0.13190094698252705,FALSE
cz,threshold,2,absolute,retained,mean,theta,parieto_occipital,61,0.12092255556908511,0.34873495464572646,0.5412700613423491,FALSE
cz,threshold,2,absolute,retained,sd,alpha,centro_temporal,61,0.047963988579417124,0.7092707931988368,0.8301158470671516,FALSE
cz,threshold,2,absolute,retained,sd,alpha,frontal,61,-0.028788734587879443,0.8228621528338947,0.9022244924473161,FALSE
cz,threshold,2,absolute,retained,sd,alpha,parieto_occipital,61,0.024664594202679697,0.8478941060203502,0.9167442392122139,FALSE
cz,threshold,2,absolute,retained,sd,beta,centro_temporal,61,0.5015090003040409,2.3222586337665816e-4,0.003626301097898728,TRUE
cz,threshold,2,absolute,retained,sd,beta,frontal,61,0.5816502369665756,2.735241748072284e-5,9.667836287731853e-4,TRUE
cz,threshold,2,absolute,retained,sd,beta,parieto_occipital,61,0.5113692884245498,1.7992772401478316e-4,0.0032216367210290077,TRUE
cz,threshold,2,absolute,retained,sd,theta,centro_temporal,61,0.5591540375530091,5.057364685164823e-5,0.001356071303166954,TRUE
cz,threshold,2,absolute,retained,sd,theta,frontal,61,0.5840929674918557,2.5571014575423984e-5,9.5531573733349e-4,TRUE
cz,threshold,2,absolute,retained,sd,theta,parieto_occipital,61,0.4187868537480621,0.0017795561585260162,0.01468983937229119,TRUE
cz,threshold,2,rel_1_30,removed,cv,alpha,centro_temporal,61,0.34251087987246104,0.009614446452645245,0.04660968554599091,TRUE
cz,threshold,2,rel_1_30,removed,cv,alpha,frontal,61,0.30921434212990534,0.018797629362311427,0.07539369575074135,FALSE
cz,threshold,2,rel_1_30,removed,cv,alpha,parieto_occipital,61,0.33231087047746233,0.011859679720802149,0.05399348331906177,FALSE
cz,threshold,2,rel_1_30,removed,cv,beta,centro_temporal,61,0.07238000398739686,0.5739735823123373,0.7323955654842034,FALSE
cz,threshold,2,rel_1_30,removed,cv,beta,frontal,61,-0.1168248906045911,0.36519328766443615,0.5576477215291128,FALSE
cz,threshold,2,rel_1_30,removed,cv,beta,parieto_occipital,61,0.021582078429722665,0.8667085745937594,0.9273747749888487,FALSE
cz,threshold,2,rel_1_30,removed,cv,theta,centro_temporal,61,0.02731411305492767,0.831792765378438,0.9074102895037506,FALSE
cz,threshold,2,rel_1_30,removed,cv,theta,frontal,61,0.20703463144822573,0.11112605676179946,0.2657183940282142,FALSE
cz,threshold,2,rel_1_30,removed,cv,theta,parieto_occipital,61,0.1091470292900866,0.39734580884144033,0.5847390252746101,FALSE
cz,threshold,2,rel_1_30,removed,mean,alpha,centro_temporal,61,-0.2114032991060583,0.10394076138797559,0.2527340089283609,FALSE
cz,threshold,2,rel_1_30,removed,mean,alpha,frontal,61,-0.274999132846842,0.03577702800486493,0.12116819240672026,FALSE
cz,threshold,2,rel_1_30,removed,mean,alpha,parieto_occipital,61,-0.2025413213445222,0.11893036717007742,0.27606045824314085,FALSE
cz,threshold,2,rel_1_30,removed,mean,beta,centro_temporal,61,0.1284580233264617,0.3197504755641409,0.5128670994197111,FALSE
cz,threshold,2,rel_1_30,removed,mean,beta,frontal,61,0.24630594160650016,0.059138738628106424,0.16919162309497995,FALSE
cz,threshold,2,rel_1_30,removed,mean,beta,parieto_occipital,61,0.15402449828893702,0.2337134799291552,0.4218560863345197,FALSE
cz,threshold,2,rel_1_30,removed,mean,theta,centro_temporal,61,0.11229191919589819,0.3839696146271292,0.5737409153229356,FALSE
cz,threshold,2,rel_1_30,removed,mean,theta,frontal,61,0.030335119600447685,0.8135221472593565,0.8979974673986721,FALSE
cz,threshold,2,rel_1_30,removed,mean,theta,parieto_occipital,61,0.06341155583649818,0.6222255329098131,0.7672739248735383,FALSE
cz,threshold,2,rel_1_30,removed,sd,alpha,centro_temporal,61,0.14875581343805605,0.24990948048477127,0.440533443079291,FALSE
cz,threshold,2,rel_1_30,removed,sd,alpha,frontal,61,-0.0667067023835409,0.604287157944924,0.7553722778024867,FALSE
cz,threshold,2,rel_1_30,removed,sd,alpha,parieto_occipital,61,0.1639648370424702,0.20526033544281136,0.38986428148590646,FALSE
cz,threshold,2,rel_1_30,removed,sd,beta,centro_temporal,61,0.26768618803489425,0.040799510316271284,0.13241109858903402,FALSE
cz,threshold,2,rel_1_30,removed,sd,beta,frontal,61,0.04779460006756937,0.710249930988408,0.830511799002385,FALSE
cz,threshold,2,rel_1_30,removed,sd,beta,parieto_occipital,61,0.15902121857862156,0.21907116880861588,0.40424713067294665,FALSE
cz,threshold,2,rel_1_30,removed,sd,theta,centro_temporal,61,0.34287742623407264,0.009541515204903322,0.04637176389583015,TRUE
cz,threshold,2,rel_1_30,removed,sd,theta,frontal,61,0.31697888273912106,0.01613825802676019,0.0673559492026557,FALSE
cz,threshold,2,rel_1_30,removed,sd,theta,parieto_occipital,61,0.3442438357135704,0.009274076682392206,0.04577365258993571,TRUE
cz,threshold,2,rel_1_30,retained,cv,alpha,centro_temporal,61,0.2720573508241381,0.037728520599894504,0.12580487829536005,FALSE
cz,threshold,2,rel_1_30,retained,cv,alpha,frontal,61,0.15883448327372143,0.21960594484003385,0.40484965080040375,FALSE
cz,threshold,2,rel_1_30,retained,cv,alpha,parieto_occipital,61,0.3889746798321245,0.0035233567865500604,0.023537476264788033,TRUE
cz,threshold,2,rel_1_30,retained,cv,beta,centro_temporal,61,0.4781744971663514,4.2055896137061346e-4,0.0053885801037967035,TRUE
cz,threshold,2,rel_1_30,retained,cv,beta,frontal,61,0.24448064089801697,0.06098824147037353,0.17270377482652025,FALSE
cz,threshold,2,rel_1_30,retained,cv,beta,parieto_occipital,61,0.38762009940491904,0.0036318778248389944,0.024034179410787886,TRUE
cz,threshold,2,rel_1_30,retained,cv,theta,centro_temporal,61,0.587227059452861,2.3450342365023475e-5,9.127167069956833e-4,TRUE
cz,threshold,2,rel_1_30,retained,cv,theta,frontal,61,0.5520202458046555,6.132257978838094e-5,0.0015186126765428351,TRUE
cz,threshold,2,rel_1_30,retained,cv,theta,parieto_occipital,61,0.3730448753731909,0.005013725823501862,0.030128850080023552,TRUE
cz,threshold,2,rel_1_30,retained,mean,alpha,centro_temporal,61,-0.2535521926734518,0.052260165242586025,0.15605800496403568,FALSE
cz,threshold,2,rel_1_30,retained,mean,alpha,frontal,61,-0.3309112639697352,0.012202458939655358,0.05512709629814459,FALSE
cz,threshold,2,rel_1_30,retained,mean,alpha,parieto_occipital,61,-0.2037327168348689,0.11681934119662495,0.2738877432417175,FALSE
cz,threshold,2,rel_1_30,retained,mean,beta,centro_temporal,61,0.0956909251460569,0.45775929737769705,0.6379097305392424,FALSE
cz,threshold,2,rel_1_30,retained,mean,beta,frontal,61,0.10142891486923165,0.4313737443493235,0.6135601188405893,FALSE
cz,threshold,2,rel_1_30,retained,mean,beta,parieto_occipital,61,0.059113064365025954,0.6459748094554804,0.7851047387192585,FALSE
cz,threshold,2,rel_1_30,retained,mean,theta,centro_temporal,61,-0.005688119594309062,0.9647126532799135,0.9799549149956236,FALSE
cz,threshold,2,rel_1_30,retained,mean,theta,frontal,61,-0.08470353001537446,0.5107886905342858,0.6817529793330941,FALSE
cz,threshold,2,rel_1_30,retained,mean,theta,parieto_occipital,61,-0.0038294997600113595,0.9762386165358976,0.9865428452800947,FALSE
cz,threshold,2,rel_1_30,retained,sd,alpha,centro_temporal,61,-0.0501505540874451,0.6966762111419731,0.8208112451272701,FALSE
cz,threshold,2,rel_1_30,retained,sd,alpha,frontal,61,-0.3373350969434539,0.010700091872409301,0.050307391163068746,FALSE
cz,threshold,2,rel_1_30,retained,sd,alpha,parieto_occipital,61,0.08247796087450246,0.5219180060391679,0.6904251367123654,FALSE
cz,threshold,2,rel_1_30,retained,sd,beta,centro_temporal,61,0.5066230288780815,2.0350236765219557e-4,0.0033957819975611,TRUE
cz,threshold,2,rel_1_30,retained,sd,beta,frontal,61,0.3511273446735252,0.008028182375855512,0.0408442213554126,TRUE
cz,threshold,2,rel_1_30,retained,sd,beta,parieto_occipital,61,0.3429770694725574,0.009521776922380973,0.04636727249897547,TRUE
cz,threshold,2,rel_1_30,retained,sd,theta,centro_temporal,61,0.5094881036073539,1.8893852692960735e-4,0.003308977444605015,TRUE
cz,threshold,2,rel_1_30,retained,sd,theta,frontal,61,0.4507758874183146,8.287846291713869e-4,0.008846763197930622,TRUE
cz,threshold,2,rel_1_30,retained,sd,theta,parieto_occipital,61,0.3174895716119817,0.01597584134155458,0.06707783060039331,FALSE
cz,threshold,2,rel_4_30,removed,cv,alpha,centro_temporal,61,0.33304377577978306,0.011683696128690052,0.053505548349054084,FALSE
cz,threshold,2,rel_4_30,removed,cv,alpha,frontal,61,0.30312946307384286,0.02114950782986544,0.08255952454067955,FALSE
cz,threshold,2,rel_4_30,removed,cv,alpha,parieto_occipital,61,0.33087679612834214,0.012211012901203208,0.05512709629814459,FALSE
cz,threshold,2,rel_4_30,removed,cv,beta,centro_temporal,61,0.10863819048956963,0.39953683304780496,0.5866311204266864,FALSE
cz,threshold,2,rel_4_30,removed,cv,beta,frontal,61,-0.019863019702132462,0.8772354942629021,0.9311197383822449,FALSE
cz,threshold,2,rel_4_30,removed,cv,beta,parieto_occipital,61,0.049976735832282744,0.6976743274617111,0.8208760683435482,FALSE
cz,threshold,2,rel_4_30,removed,cv,theta,centro_temporal,61,-0.014924346316706083,0.9075957460523343,0.9480742237107672,FALSE
cz,threshold,2,rel_4_30,removed,cv,theta,frontal,61,0.15175404485333324,0.240596926168391,0.4298900960214634,FALSE
cz,threshold,2,rel_4_30,removed,cv,theta,parieto_occipital,61,0.0950337832882202,0.4608392978306076,0.6393272119510169,FALSE
cz,threshold,2,rel_4_30,removed,mean,alpha,centro_temporal,61,-0.21389146087232994,0.10002048200892338,0.24534992684586382,FALSE
cz,threshold,2,rel_4_30,removed,mean,alpha,frontal,61,-0.28151568105697716,0.03176573187635528,0.11066771105310871,FALSE
cz,threshold,2,rel_4_30,removed,mean,alpha,parieto_occipital,61,-0.21398345246235076,0.09987789127367404,0.24515482403538175,FALSE
cz,threshold,2,rel_4_30,removed,mean,beta,centro_temporal,61,0.1379589088476317,0.285572968816506,0.48023689565682326,FALSE
cz,threshold,2,rel_4_30,removed,mean,beta,frontal,61,0.29847605946499933,0.023121879597740404,0.08813365345521634,FALSE
cz,threshold,2,rel_4_30,removed,mean,beta,parieto_occipital,61,0.15997105969911482,0.21636583193999334,0.40136046749347315,FALSE
cz,threshold,2,rel_4_30,removed,mean,theta,centro_temporal,61,0.12279971257621541,0.3413591836033735,0.5343013308574541,FALSE
cz,threshold,2,rel_4_30,removed,mean,theta,frontal,61,0.04137291993243347,0.7477181331542582,0.8545350093191522,FALSE
cz,threshold,2,rel_4_30,removed,mean,theta,parieto_occipital,61,0.06509199322316514,0.6130477621261221,0.7605391509720366,FALSE
cz,threshold,2,rel_4_30,removed,sd,alpha,centro_temporal,61,0.16100903127230407,0.21343776029757006,0.39915633094610503,FALSE
cz,threshold,2,rel_4_30,removed,sd,alpha,frontal,61,-0.057992653429006294,0.6522277186476595,0.7913056645851262,FALSE
cz,threshold,2,rel_4_30,removed,sd,alpha,parieto_occipital,61,0.17261869620898196,0.18266344011527827,0.3629000792888104,FALSE
cz,threshold,2,rel_4_30,removed,sd,beta,centro_temporal,61,0.3617423072977544,0.006405144778720611,0.03521190700543268,TRUE
cz,threshold,2,rel_4_30,removed,sd,beta,frontal,61,0.24483068068624342,0.06062980110544604,0.1722671083434739,FALSE
cz,threshold,2,rel_4_30,removed,sd,beta,parieto_occipital,61,0.215239599061217,0.09794739086698194,0.24148348490223576,FALSE
cz,threshold,2,rel_4_30,removed,sd,theta,centro_temporal,61,0.32119179593794855,0.014841790187100705,0.06383283213213224,FALSE
cz,threshold,2,rel_4_30,removed,sd,theta,frontal,61,0.31101278061970383,0.018148889533523303,0.07350300261076938,FALSE
cz,threshold,2,rel_4_30,removed,sd,theta,parieto_occipital,61,0.339037412557686,0.010331269648131037,0.049097511231723574,TRUE
cz,threshold,2,rel_4_30,retained,cv,alpha,centro_temporal,61,0.2637542878843709,0.04374513884816007,0.138841714156446,FALSE
cz,threshold,2,rel_4_30,retained,cv,alpha,frontal,61,0.17822066270272705,0.16907662652603966,0.346714094901499,FALSE
cz,threshold,2,rel_4_30,retained,cv,alpha,parieto_occipital,61,0.32546341772560017,0.013624033607717653,0.059921088989599816,FALSE
cz,threshold,2,rel_4_30,retained,cv,beta,centro_temporal,61,0.3336448262154173,0.011541149093371486,0.05310294399411638,FALSE
cz,threshold,2,rel_4_30,retained,cv,beta,frontal,61,0.031031989438854653,0.8093219078856282,0.8957140842184237,FALSE
cz,threshold,2,rel_4_30,retained,cv,beta,parieto_occipital,61,0.2972673819201723,0.023660269197843663,0.08948553175215579,FALSE
cz,threshold,2,rel_4_30,retained,cv,theta,centro_temporal,61,0.4021805138679515,0.0026128530105059074,0.019106149367968773,TRUE
cz,threshold,2,rel_4_30,retained,cv,theta,frontal,61,0.034145985697132564,0.7906233152888337,0.8845880431202836,FALSE
cz,threshold,2,rel_4_30,retained,cv,theta,parieto_occipital,61,0.39842908769878527,0.0028461390920143884,0.02041658448293716,TRUE
cz,threshold,2,rel_4_30,retained,mean,alpha,centro_temporal,61,-0.22915237286859125,0.07854276590006601,0.2064734779036218,FALSE
cz,threshold,2,rel_4_30,retained,mean,alpha,frontal,61,-0.30389511519479373,0.020839781077924276,0.08167168505167904,FALSE
cz,threshold,2,rel_4_30,retained,mean,alpha,parieto_occipital,61,-0.19148715028320043,0.14000929288397176,0.3080473406796131,FALSE
cz,threshold,2,rel_4_30,retained,mean,beta,centro_temporal,61,0.1093939792128396,0.39628514212372057,0.5840624081034972,FALSE
cz,threshold,2,rel_4_30,retained,mean,beta,frontal,61,0.23611813923109357,0.07010132079720817,0.19046396593958445,FALSE
cz,threshold,2,rel_4_30,retained,mean,beta,parieto_occipital,61,0.07862106827914221,0.5415035188065309,0.7057187800705733,FALSE
cz,threshold,2,rel_4_30,retained,mean,theta,centro_temporal,61,0.07456861598266654,0.56247988765704,0.7253471984114666,FALSE
cz,threshold,2,rel_4_30,retained,mean,theta,frontal,61,0.01000823491097211,0.9379554610733714,0.9627166928862905,FALSE
cz,threshold,2,rel_4_30,retained,mean,theta,parieto_occipital,61,0.07532678491632537,0.5585250250268656,0.7212040177032394,FALSE
cz,threshold,2,rel_4_30,retained,sd,alpha,centro_temporal,61,0.05672170850994202,0.6593511820934109,0.7944088614748007,FALSE
cz,threshold,2,rel_4_30,retained,sd,alpha,frontal,61,-0.2275204526651671,0.0806385850271061,0.21013593738967057,FALSE
cz,threshold,2,rel_4_30,retained,sd,alpha,parieto_occipital,61,0.12195666656369437,0.3446589489432579,0.5375283868040247,FALSE
cz,threshold,2,rel_4_30,retained,sd,beta,centro_temporal,61,0.5104719405173364,1.8417309157896177e-4,0.003269703105292253,TRUE
cz,threshold,2,rel_4_30,retained,sd,beta,frontal,61,0.33739108788735184,0.010687772490227405,0.050307391163068746,FALSE
cz,threshold,2,rel_4_30,retained,sd,beta,parieto_occipital,61,0.3410903380349335,0.009901927775182865,0.04747064758312081,TRUE
cz,threshold,2,rel_4_30,retained,sd,theta,centro_temporal,61,0.4996130366637129,2.4383505994139375e-4,0.003688835459346844,TRUE
cz,threshold,2,rel_4_30,retained,sd,theta,frontal,61,0.2111600177345807,0.10433069606962318,0.25336523817532475,FALSE
cz,threshold,2,rel_4_30,retained,sd,theta,parieto_occipital,61,0.4611462461070417,6.427085539357667e-4,0.007371241468148262,TRUE
cz,threshold,4,absolute,removed,cv,alpha,centro_temporal,43,0.3100042210437009,0.048422379373657655,0.1487005006541702,FALSE
cz,threshold,4,absolute,removed,cv,alpha,frontal,43,0.2272962972534454,0.14357018500893162,0.31201837859962334,FALSE
cz,threshold,4,absolute,removed,cv,alpha,parieto_occipital,43,0.34324040719723936,0.02969339376642518,0.10591300864358177,FALSE
cz,threshold,4,absolute,removed,cv,beta,centro_temporal,43,0.21681111252377175,0.16248963805005132,0.3372982983121193,FALSE
cz,threshold,4,absolute,removed,cv,beta,frontal,43,0.2836318837544766,0.0699129599931338,0.19021804650336194,FALSE
cz,threshold,4,absolute,removed,cv,beta,parieto_occipital,43,0.12549217398191023,0.41520873072230713,0.6014648081402124,FALSE
cz,threshold,4,absolute,removed,cv,theta,centro_temporal,43,0.1946195993263956,0.20889500399037508,0.394072671283153,FALSE
cz,threshold,4,absolute,removed,cv,theta,frontal,43,0.19026709480039547,0.2190656529561031,0.40424713067294665,FALSE
cz,threshold,4,absolute,removed,cv,theta,parieto_occipital,43,0.23738936887398995,0.12705387206377916,0.28770265264063677,FALSE
cz,threshold,4,absolute,removed,mean,alpha,centro_temporal,43,-0.2649538161888561,0.0896423456499058,0.22705500969826303,FALSE
cz,threshold,4,absolute,removed,mean,alpha,frontal,43,-0.3129862614997086,0.0463980168969275,0.14536300539504762,FALSE
cz,threshold,4,absolute,removed,mean,alpha,parieto_occipital,43,-0.18572771301812432,0.23006071088754265,0.41739432754585437,FALSE
cz,threshold,4,absolute,removed,mean,beta,centro_temporal,43,0.21567459146404497,0.16465245698027148,0.34034917525754754,FALSE
cz,threshold,4,absolute,removed,mean,beta,frontal,43,0.2249354374153445,0.14766994436359854,0.31734512963512584,FALSE
cz,threshold,4,absolute,removed,mean,beta,parieto_occipital,43,0.11364873594080112,0.46027421470334373,0.6392426544181812,FALSE
cz,threshold,4,absolute,removed,mean,theta,centro_temporal,43,0.1692330243515766,0.27342679018965743,0.46721144857556424,FALSE
cz,threshold,4,absolute,removed,mean,theta,frontal,43,0.11932075561594677,0.4383462551901782,0.6192440736165401,FALSE
cz,threshold,4,absolute,removed,mean,theta,parieto_occipital,43,-0.004154012859451733,0.9783975852311204,0.9877979255722139,FALSE
cz,threshold,4,absolute,removed,sd,alpha,centro_temporal,43,-0.012523028109308651,0.9349422076498866,0.9608922292737929,FALSE
cz,threshold,4,absolute,removed,sd,alpha,frontal,43,-0.1559069007812167,0.3124681232238109,0.5068318994969448,FALSE
cz,threshold,4,absolute,removed,sd,alpha,parieto_occipital,43,0.03815602753939426,0.8036480631755711,0.8919736424854755,FALSE
cz,threshold,4,absolute,removed,sd,beta,centro_temporal,43,0.36402484379138217,0.021562174782883185,0.08341665229437793,FALSE
cz,threshold,4,absolute,removed,sd,beta,frontal,43,0.4499497273268943,0.005169330381234204,0.030487268170206597,TRUE
cz,threshold,4,absolute,removed,sd,beta,parieto_occipital,43,0.1985887472984094,0.1999329325510748,0.38501200681455117,FALSE
cz,threshold,4,absolute,removed,sd,theta,centro_temporal,43,0.5291209851840765,0.0012181191278688578,0.011551334558912486,TRUE
cz,threshold,4,absolute,removed,sd,theta,frontal,43,0.5585273726577297,6.936219903810489e-4,0.007771764549283914,TRUE
cz,threshold,4,absolute,removed,sd,theta,parieto_occipital,43,0.3841583688223425,0.015659278527644947,0.06632165023473154,FALSE
cz,threshold,4,absolute,retained,cv,alpha,centro_temporal,43,-0.03489027346370258,0.820141898632356,0.9012752125162804,FALSE
cz,threshold,4,absolute,retained,cv,alpha,frontal,43,-0.14368579803987033,0.3514730512619413,0.5433507846148817,FALSE
cz,threshold,4,absolute,retained,cv,alpha,parieto_occipital,43,-0.045878986619713624,0.765014251594423,0.8648954376851169,FALSE
cz,threshold,4,absolute,retained,cv,beta,centro_temporal,43,0.31290891621117295,0.04644957606409428,0.14540736854846906,FALSE
cz,threshold,4,absolute,retained,cv,beta,frontal,43,0.5578662645316246,7.025567902425695e-4,0.007846861582341842,TRUE
cz,threshold,4,absolute,retained,cv,beta,parieto_occipital,43,0.41680815302739094,0.009139720861685303,0.04526781491749358,TRUE
cz,threshold,4,absolute,retained,cv,theta,centro_temporal,43,0.5262943618417907,0.0012849868005846692,0.012037455577557622,TRUE
cz,threshold,4,absolute,retained,cv,theta,frontal,43,0.4763617798480321,0.0032316270592945193,0.022097070550085793,TRUE
cz,threshold,4,absolute,retained,cv,theta,parieto_occipital,43,0.5595306954281875,6.802707938200756e-4,0.007721236498727682,TRUE
cz,threshold,4,absolute,retained,mean,alpha,centro_temporal,43,-0.06718372545347119,0.6617957775515052,0.7958744148222247,FALSE
cz,threshold,4,absolute,retained,mean,alpha,frontal,43,0.061047364231875546,0.6909539807057616,0.816047714758202,FALSE
cz,threshold,4,absolute,retained,mean,alpha,parieto_occipital,43,-0.09573346751219669,0.5335556120929756,0.700595818918436,FALSE
cz,threshold,4,absolute,retained,mean,beta,centro_temporal,43,0.3033757892699613,0.05319906839658362,0.15775883450584485,FALSE
cz,threshold,4,absolute,retained,mean,beta,frontal,43,0.4128209020492841,0.009773201605770172,0.04711572377631204,TRUE
cz,threshold,4,absolute,retained,mean,beta,parieto_occipital,43,0.2564109325896031,0.1001081333192754,0.24541010236150235,FALSE
cz,threshold,4,absolute,retained,mean,theta,centro_temporal,43,0.026885957848236337,0.860903264336153,0.9243832896268885,FALSE
cz,threshold,4,absolute,retained,mean,theta,frontal,43,0.21167899934079754,0.1724347009553274,0.35045798082295504,FALSE
cz,threshold,4,absolute,retained,mean,theta,parieto_occipital,43,0.05514751290404302,0.7194442127781826,0.8362495922638243,FALSE
cz,threshold,4,absolute,retained,sd,alpha,centro_temporal,43,-0.12955683262112602,0.4003860632385611,0.5874343448571794,FALSE
cz,threshold,4,absolute,retained,sd,alpha,frontal,43,-0.16796030274988774,0.2769992767508113,0.4709108823817903,FALSE
cz,threshold,4,absolute,retained,sd,alpha,parieto_occipital,43,-0.12247808199484692,0.4264143097065055,0.6097457751675093,FALSE
cz,threshold,4,absolute,retained,sd,beta,centro_temporal,43,0.401617268732849,0.011776360975694197,0.053677012278427944,FALSE
cz,threshold,4,absolute,retained,sd,beta,frontal,43,0.5873327268144393,3.948336927665057e-4,0.005168731978034257,TRUE
cz,threshold,4,absolute,retained,sd,beta,parieto_occipital,43,0.4048023088832136,0.01117153860154962,0.051769895211948656,FALSE
cz,threshold,4,absolute,retained,sd,theta,centro_temporal,43,0.39134605569604414,0.013937466595672193,0.06102350239186203,FALSE
cz,threshold,4,absolute,retained,sd,theta,frontal,43,0.6283894415188345,1.7371775961456774e-4,0.0031561432214085956,TRUE
cz,threshold,4,absolute,retained,sd,theta,parieto_occipital,43,0.32705459900635997,0.03781253356968431,0.12597697559462948,FALSE
cz,threshold,4,rel_1_30,removed,cv,alpha,centro_temporal,43,0.3486534738461425,0.02734717696370141,0.10004850445987172,FALSE
cz,threshold,4,rel_1_30,removed,cv,alpha,frontal,43,0.295658039856937,0.05926962316572027,0.1694413932855297,FALSE
cz,threshold,4,rel_1_30,removed,cv,alpha,parieto_occipital,43,0.37100575468484304,0.01931947929201104,0.07680381951670648,FALSE
cz,threshold,4,rel_1_30,removed,cv,beta,centro_temporal,43,0.046203407909412283,0.7634037683512269,0.8638887881646068,FALSE
cz,threshold,4,rel_1_30,removed,cv,beta,frontal,43,0.08665755058507314,0.5728899825226985,0.731944732022479,FALSE
cz,threshold,4,rel_1_30,removed,cv,beta,parieto_occipital,43,-0.024955908498904958,0.8707941257573065,0.9273747749888487,FALSE
cz,threshold,4,rel_1_30,removed,cv,theta,centro_temporal,43,0.07935905933355097,0.6055228572448872,0.7555789390110385,FALSE
cz,threshold,4,rel_1_30,removed,cv,theta,frontal,43,0.12433355611896288,0.4194946786209106,0.6051930651124677,FALSE
cz,threshold,4,rel_1_30,removed,cv,theta,parieto_occipital,43,0.22024300567809565,0.15609332638853055,0.3292155226298042,FALSE
cz,threshold,4,rel_1_30,removed,mean,alpha,centro_temporal,43,-0.2539546971483687,0.10329770389417707,0.2514849547530122,FALSE
cz,threshold,4,rel_1_30,removed,mean,alpha,frontal,43,-0.2765584075719325,0.07690206118117102,0.2041271390578436,FALSE
cz,threshold,4,rel_1_30,removed,mean,alpha,parieto_occipital,43,-0.2319688178929992,0.1357231126112823,0.30119375675380455,FALSE
cz,threshold,4,rel_1_30,removed,mean,beta,centro_temporal,43,0.1774831189406363,0.25106012031205915,0.44168404876619277,FALSE
cz,threshold,4,rel_1_30,removed,mean,beta,frontal,43,0.24449792645579993,0.11636771459886039,0.27367178721040486,FALSE
cz,threshold,4,rel_1_30,removed,mean,beta,parieto_occipital,43,0.19912767563306336,0.19873883359731678,0.38309201042457497,FALSE
cz,threshold,4,rel_1_30,removed,mean,theta,centro_temporal,43,0.1311729659489591,0.3945851401325763,0.5832753148708631,FALSE
cz,threshold,4,rel_1_30,removed,mean,theta,frontal,43,0.09651933190431065,0.5302173677985687,0.6985427180985165,FALSE
cz,threshold,4,rel_1_30,removed,mean,theta,parieto_occipital,43,-0.0067054178123794085,0.9651364155718691,0.9800079351641232,FALSE
cz,threshold,4,rel_1_30,removed,sd,alpha,centro_temporal,43,0.12828308397904875,0.40499525482710197,0.5919629890104408,FALSE
cz,threshold,4,rel_1_30,removed,sd,alpha,frontal,43,0.025216262119599396,0.8694586409398543,0.9273747749888487,FALSE
cz,threshold,4,rel_1_30,removed,sd,alpha,parieto_occipital,43,0.15511499856294345,0.3149025092747579,0.5092047885861195,FALSE
cz,threshold,4,rel_1_30,removed,sd,beta,centro_temporal,43,0.16637425144197682,0.28149721940859884,0.4762668359706842,FALSE
cz,threshold,4,rel_1_30,removed,sd,beta,frontal,43,0.29286223860380783,0.061611193759249186,0.1740874428313669,FALSE
cz,threshold,4,rel_1_30,removed,sd,beta,parieto_occipital,43,0.08007444655066823,0.6022863407729611,0.7536817807934575,FALSE
cz,threshold,4,rel_1_30,removed,sd,theta,centro_temporal,43,0.364116944104142,0.021531118193925877,0.08337946965934642,FALSE
cz,threshold,4,rel_1_30,removed,sd,theta,frontal,43,0.42134556127742573,0.008465125809518347,0.04241289838583419,TRUE
cz,threshold,4,rel_1_30,removed,sd,theta,parieto_occipital,43,0.35462380104780794,0.024952803610911158,0.0931954855323944,FALSE
cz,threshold,4,rel_1_30,retained,cv,alpha,centro_temporal,43,0.19294776434582311,0.21275892404433788,0.398078294843304,FALSE
cz,threshold,4,rel_1_30,retained,cv,alpha,frontal,43,0.11092237220733325,0.4710367239249299,0.6484852498093118,FALSE
cz,threshold,4,rel_1_30,retained,cv,alpha,parieto_occipital,43,0.2846375437548582,0.06896452440509093,0.18816426027157443,FALSE
cz,threshold,4,rel_1_30,retained,cv,beta,centro_temporal,43,0.28582676127800183,0.06785712810611544,0.18605678002579468,FALSE
cz,threshold,4,rel_1_30,retained,cv,beta,frontal,43,0.33921336276614966,0.03155349576741358,0.1103237334026115,FALSE
cz,threshold,4,rel_1_30,retained,cv,beta,parieto_occipital,43,0.2813248010562171,0.07213073801671151,0.1940791068574217,FALSE
cz,threshold,4,rel_1_30,retained,cv,theta,centro_temporal,43,0.4983532075275034,0.002164216080199367,0.016531379410245853,TRUE
cz,threshold,4,rel_1_30,retained,cv,theta,frontal,43,0.6164232024616293,2.2112794568897147e-4,0.0035380471310235435,TRUE
cz,threshold,4,rel_1_30,retained,cv,theta,parieto_occipital,43,0.45360179099991293,0.004848094589617827,0.02957901065750447,TRUE
cz,threshold,4,rel_1_30,retained,mean,alpha,centro_temporal,43,-0.3118060278979493,0.0471902258365639,0.14637553915285167,FALSE
cz,threshold,4,rel_1_30,retained,mean,alpha,frontal,43,-0.3747135259352678,0.01821618481591499,0.07352169244236524,FALSE
cz,threshold,4,rel_1_30,retained,mean,alpha,parieto_occipital,43,-0.197884764316634,0.20150090763168987,0.3866907842408738,FALSE
cz,threshold,4,rel_1_30,retained,mean,beta,centro_temporal,43,0.1181178213803125,0.44294413397681687,0.6230704750006744,FALSE
cz,threshold,4,rel_1_30,retained,mean,beta,frontal,43,0.12736238598035235,0.4083472754150167,0.595436101896972,FALSE
cz,threshold,4,rel_1_30,retained,mean,beta,parieto_occipital,43,0.1046353098402455,0.4963956091943018,0.6689726615415756,FALSE
cz,threshold,4,rel_1_30,retained,mean,theta,centro_temporal,43,-0.039372909015291474,0.7975248054613632,0.8889840721427122,FALSE
cz,threshold,4,rel_1_30,retained,mean,theta,frontal,43,-0.06676549087020672,0.663766959429071,0.7974881997120156,FALSE
cz,threshold,4,rel_1_30,retained,mean,theta,parieto_occipital,43,-0.12108993599754564,0.43163595446003167,0.6135601188405893,FALSE
cz,threshold,4,rel_1_30,retained,sd,alpha,centro_temporal,43,-0.09383619120929082,0.5416600982922932,0.7057187800705733,FALSE
cz,threshold,4,rel_1_30,retained,sd,alpha,frontal,43,-0.2637353968913,0.09107681775410709,0.22984178513492143,FALSE
cz,threshold,4,rel_1_30,retained,sd,alpha,parieto_occipital,43,0.022035116018761836,0.8858016039255603,0.9363398189926773,FALSE
cz,threshold,4,rel_1_30,retained,sd,beta,centro_temporal,43,0.2189730910817552,0.15843672586872548,0.3318976240181059,FALSE
cz,threshold,4,rel_1_30,retained,sd,beta,frontal,43,0.34028370875887864,0.03104925656512531,0.10905104744824498,FALSE
cz,threshold,4,rel_1_30,retained,sd,beta,parieto_occipital,43,0.18930715611383367,0.22135757540447917,0.4069211598924894,FALSE
cz,threshold,4,rel_1_30,retained,sd,theta,centro_temporal,43,0.48605086918287366,0.0027112301216082354,0.019593425116752453,TRUE
cz,threshold,4,rel_1_30,retained,sd,theta,frontal,43,0.49322958227828,0.0023779293584510705,0.01781385230377218,TRUE
cz,threshold,4,rel_1_30,retained,sd,theta,parieto_occipital,43,0.3446809445962899,0.029052108884174793,0.10429787566174663,FALSE
cz,threshold,4,rel_4_30,removed,cv,alpha,centro_temporal,43,0.3316926889398759,0.035306182905336485,0.12008265833437155,FALSE
cz,threshold,4,rel_4_30,removed,cv,alpha,frontal,43,0.3013811147038116,0.05471412611020365,0.16092867079025738,FALSE
cz,threshold,4,rel_4_30,removed,cv,alpha,parieto_occipital,43,0.358852991571243,0.02337229220511026,0.08874167196627802,FALSE
cz,threshold,4,rel_4_30,removed,cv,beta,centro_temporal,43,0.1006334465714486,0.5129222536770577,0.6834275950296095,FALSE
cz,threshold,4,rel_4_30,removed,cv,beta,frontal,43,0.19821353609398346,0.20076748457631366,0.3858546614101372,FALSE
cz,threshold,4,rel_4_30,removed,cv,beta,parieto_occipital,43,0.040564644048224636,0.7915405653145696,0.8848504076892026,FALSE
cz,threshold,4,rel_4_30,removed,cv,theta,centro_temporal,43,0.024925029000334328,0.8709525476578537,0.9273747749888487,FALSE
cz,threshold,4,rel_4_30,removed,cv,theta,frontal,43,0.06692696336373363,0.6630056365380146,0.7968364497248225,FALSE
cz,threshold,4,rel_4_30,removed,cv,theta,parieto_occipital,43,0.19204836086590368,0.21485960958115838,0.40046700002470936,FALSE
cz,threshold,4,rel_4_30,removed,mean,alpha,centro_temporal,43,-0.2521626395825038,0.1056772308621548,0.2561152256805087,FALSE
cz,threshold,4,rel_4_30,removed,mean,alpha,frontal,43,-0.28180956466238244,0.0716598484962865,0.19307934231016072,FALSE
cz,threshold,4,rel_4_30,removed,mean,alpha,parieto_occipital,43,-0.23413860687255947,0.13219768979077023,0.2955633225454369,FALSE
cz,threshold,4,rel_4_30,removed,mean,beta,centro_temporal,43,0.1890394690260403,0.22199986116303302,0.4077163250835486,FALSE
cz,threshold,4,rel_4_30,removed,mean,beta,frontal,43,0.26802699015207926,0.08610776305272441,0.2201734880096569,FALSE
cz,threshold,4,rel_4_30,removed,mean,beta,parieto_occipital,43,0.23326426358461466,0.1336093628297992,0.2982050532045117,FALSE
cz,threshold,4,rel_4_30,removed,mean,theta,centro_temporal,43,0.14250252642024083,0.3554126729272191,0.5476989585180452,FALSE
cz,threshold,4,rel_4_30,removed,mean,theta,frontal,43,0.10075140117050993,0.5124309172233561,0.68318699501073,FALSE
cz,threshold,4,rel_4_30,removed,mean,theta,parieto_occipital,43,0.005525005254650549,0.9712707108356464,0.983411594721092,FALSE
cz,threshold,4,rel_4_30,removed,sd,alpha,centro_temporal,43,0.14066811803398782,0.3615770428726226,0.5534691112947862,FALSE
cz,threshold,4,rel_4_30,removed,sd,alpha,frontal,43,0.038024908978580456,0.8043085953243192,0.892452003031094,FALSE
cz,threshold,4,rel_4_30,removed,sd,alpha,parieto_occipital,43,0.16360065401290483,0.2894858510246766,0.483263627644458,FALSE
cz,threshold,4,rel_4_30,removed,sd,beta,centro_temporal,43,0.268622042037229,0.08543702259370359,0.2190685946474406,FALSE
cz,threshold,4,rel_4_30,removed,sd,beta,frontal,43,0.44190498322684973,0.0059484936453496505,0.03356866700747468,TRUE
cz,threshold,4,rel_4_30,removed,sd,beta,parieto_occipital,43,0.19680127550756435,0.20393227955639184,0.38848050118336674,FALSE
cz,threshold,4,rel_4_30,removed,sd,theta,centro_temporal,43,0.324661730709612,0.039165919099549834,0.1289391138518626,FALSE
cz,threshold,4,rel_4_30,removed,sd,theta,frontal,43,0.3861203603813057,0.015170993532455395,0.06488979411901714,FALSE
cz,threshold,4,rel_4_30,removed,sd,theta,parieto_occipital,43,0.3364325016906875,0.032897715749761566,0.11425505481306797,FALSE
cz,threshold,4,rel_4_30,retained,cv,alpha,centro_temporal,43,0.17690648894984576,0.2525791151215922,0.44355356801840584,FALSE
cz,threshold,4,rel_4_30,retained,cv,alpha,frontal,43,0.10986520129896858,0.4752483872433795,0.6522293433117753,FALSE
cz,threshold,4,rel_4_30,retained,cv,alpha,parieto_occipital,43,0.20499867297936175,0.18607853029835847,0.3661302256072964,FALSE
cz,threshold,4,rel_4_30,retained,cv,beta,centro_temporal,43,0.1918935340418597,0.21522278715712537,0.4008809415070478,FALSE
cz,threshold,4,rel_4_30,retained,cv,beta,frontal,43,0.1887694658591412,0.22264910392486198,0.408522754157557,FALSE
cz,threshold,4,rel_4_30,retained,cv,beta,parieto_occipital,43,0.21741116844378988,0.16135671201550073,0.3357583170425447,FALSE
cz,threshold,4,rel_4_30,retained,cv,theta,centro_temporal,43,0.2979322156286588,0.057421749481229835,0.16600248919933672,FALSE
cz,threshold,4,rel_4_30,retained,cv,theta,frontal,43,0.20987489082953656,0.1760406890172965,0.3539955638339045,FALSE
cz,threshold,4,rel_4_30,retained,cv,theta,parieto_occipital,43,0.5125512010080429,0.0016632363702007505,0.014181278524869558,TRUE
cz,threshold,4,rel_4_30,retained,mean,alpha,centro_temporal,43,-0.27218755319108767,0.0815090515374081,0.211577605192252,FALSE
cz,threshold,4,rel_4_30,retained,mean,alpha,frontal,43,-0.32849306711013043,0.037018929371979134,0.12418429456277383,FALSE
cz,threshold,4,rel_4_30,retained,mean,alpha,parieto_occipital,43,-0.18312439779899792,0.2365470567820266,0.42558767087853744,FALSE
cz,threshold,4,rel_4_30,retained,mean,beta,centro_temporal,43,0.14745197926881504,0.3391253975983196,0.5316611072025268,FALSE
cz,threshold,4,rel_4_30,retained,mean,beta,frontal,43,0.21890902849827767,0.15855566916594835,0.3319679276883184,FALSE
cz,threshold,4,rel_4_30,retained,mean,beta,parieto_occipital,43,0.15538835521688069,0.3140607281826999,0.5083603762576787,FALSE
cz,threshold,4,rel_4_30,retained,mean,theta,centro_temporal,43,0.07144131467546629,0.6418694221922319,0.7815810565247095,FALSE
cz,threshold,4,rel_4_30,retained,mean,theta,frontal,43,0.06373220394057282,0.6781346228920581,0.8062007953881977,FALSE
cz,threshold,4,rel_4_30,retained,mean,theta,parieto_occipital,43,-0.018410024752902644,0.9044864490376824,0.9460057548165614,FALSE
cz,threshold,4,rel_4_30,retained,sd,alpha,centro_temporal,43,-0.019817151172838138,0.8972265722848121,0.9434614292050779,FALSE
cz,threshold,4,rel_4_30,retained,sd,alpha,frontal,43,-0.19575802475468362,0.20629419491861345,0.390902036454614,FALSE
cz,threshold,4,rel_4_30,retained,sd,alpha,parieto_occipital,43,0.03000055562198454,0.8449902209403602,0.9154521384839269,FALSE
cz,threshold,4,rel_4_30,retained,sd,beta,centro_temporal,43,0.28845986255909917,0.06545900616203568,0.18114207541494284,FALSE
cz,threshold,4,rel_4_30,retained,sd,beta,frontal,43,0.41518760879349786,0.009392465417407283,0.04605032224827177,TRUE
cz,threshold,4,rel_4_30,retained,sd,beta,parieto_occipital,43,0.242879415668785,0.11873420413810291,0.27593459993361874,FALSE
cz,threshold,4,rel_4_30,retained,sd,theta,centro_temporal,43,0.4150888592165831,0.009408073514331693,0.046068752926601536,TRUE
cz,threshold,4,rel_4_30,retained,sd,theta,frontal,43,0.38145083536626095,0.016356633478889427,0.06779807139224103,FALSE
cz,threshold,4,rel_4_30,retained,sd,theta,parieto_occipital,43,0.443525299926454,0.005783242583156909,0.032948599417338076,TRUE
cz,threshold,8,absolute,removed,cv,alpha,centro_temporal,19,0.21109670730282995,0.36966261554249635,0.5596761095129383,FALSE
cz,threshold,8,absolute,removed,cv,alpha,frontal,19,0.4897012202718976,0.0468017621387623,0.14580548973999025,FALSE
cz,threshold,8,absolute,removed,cv,alpha,parieto_occipital,19,0.32308087525534757,0.176087299499684,0.3539955638339045,FALSE
cz,threshold,8,absolute,removed,cv,beta,centro_temporal,19,0.13381374918284572,0.5669415228149274,0.7282023920397879,FALSE
cz,threshold,8,absolute,removed,cv,beta,frontal,19,0.4840537969014976,0.04912342809727714,0.14976062810756957,FALSE
cz,threshold,8,absolute,removed,cv,beta,parieto_occipital,19,0.47689932159128506,0.052214931695349825,0.1560427781948656,FALSE
cz,threshold,8,absolute,removed,cv,theta,centro_temporal,19,0.3778150129727354,0.11693401552121234,0.2738877432417175,FALSE
cz,threshold,8,absolute,removed,cv,theta,frontal,19,0.1203291477941922,0.6063287782187345,0.7555789390110385,FALSE
cz,threshold,8,absolute,removed,cv,theta,parieto_occipital,19,0.28392330856477865,0.2317684027809567,0.41905155077265965,FALSE
cz,threshold,8,absolute,removed,mean,alpha,centro_temporal,19,0.037645127045734174,0.8714877807901275,0.9273747749888487,FALSE
cz,threshold,8,absolute,removed,mean,alpha,frontal,19,-0.23773483100660597,0.31380163894975066,0.5083586550985961,FALSE
cz,threshold,8,absolute,removed,mean,alpha,parieto_occipital,19,0.2626841853978249,0.2672004334024153,0.4602903345452329,FALSE
cz,threshold,8,absolute,removed,mean,beta,centro_temporal,19,0.07441426123306269,0.7494013463155413,0.8559554742875513,FALSE
cz,threshold,8,absolute,removed,mean,beta,frontal,19,0.22656683482272505,0.33644773076083,0.5289562382523684,FALSE
cz,threshold,8,absolute,removed,mean,beta,parieto_occipital,19,0.2841139860360265,0.2314674890831932,0.41877412636363665,FALSE
cz,threshold,8,absolute,removed,mean,theta,centro_temporal,19,0.05677531833388227,0.8073392995785722,0.89428353184088,FALSE
cz,threshold,8,absolute,removed,mean,theta,frontal,19,-0.022753478733560654,0.9220914765414001,0.9550221754511801,FALSE
cz,threshold,8,absolute,removed,mean,theta,parieto_occipital,19,-0.057047663292540574,0.8064349716487235,0.8942098426312661,FALSE
cz,threshold,8,absolute,removed,sd,alpha,centro_temporal,19,0.04088862637262947,0.8605333771158727,0.9242413729907495,FALSE
cz,threshold,8,absolute,removed,sd,alpha,frontal,19,-0.037595402185238706,0.8716559330398495,0.9273747749888487,FALSE
cz,threshold,8,absolute,removed,sd,alpha,parieto_occipital,19,0.22578822871676735,0.33806814776632643,0.5309571480096723,FALSE
cz,threshold,8,absolute,removed,sd,beta,centro_temporal,19,0.2315314799236682,0.326243031814369,0.5189987347357883,FALSE
cz,threshold,8,absolute,removed,sd,beta,frontal,19,0.5724476450871283,0.022529706835954438,0.08613126861179042,FALSE
cz,threshold,8,absolute,removed,sd,beta,parieto_occipital,19,0.7151061513847186,0.005952671491769896,0.03356866700747468,TRUE
cz,threshold,8,absolute,removed,sd,theta,centro_temporal,19,0.41628733425389947,0.08629502540122272,0.22044353400785408,FALSE
cz,threshold,8,absolute,removed,sd,theta,frontal,19,0.28699793103429067,0.2269528940984459,0.41359202020266805,FALSE
cz,threshold,8,absolute,removed,sd,theta,parieto_occipital,19,0.4032859050179957,0.09576010556487244,0.2385107562051403,FALSE
cz,threshold,8,absolute,retained,cv,alpha,centro_temporal,19,0.023125320757491016,0.9208227866865208,0.9549942112398896,FALSE
cz,threshold,8,absolute,retained,cv,alpha,frontal,19,0.029214766943324224,0.9000798091731288,0.9440472476292019,FALSE
cz,threshold,8,absolute,retained,cv,alpha,parieto_occipital,19,0.023018179738979697,0.9211883194479766,0.9550221754511801,FALSE
cz,threshold,8,absolute,retained,cv,beta,centro_temporal,19,0.5210203097978429,0.035651054166167186,0.12095226753757245,FALSE
cz,threshold,8,absolute,retained,cv,beta,frontal,19,0.68493241534692,0.007930608242121787,0.04063469350618107,TRUE
cz,threshold,8,absolute,retained,cv,beta,parieto_occipital,19,0.5367580277313635,0.031026297403274908,0.10905104744824498,FALSE
cz,threshold,8,absolute,retained,cv,theta,centro_temporal,19,0.6109452911352734,0.01584554357288924,0.0668919363858777,FALSE
cz,threshold,8,absolute,retained,cv,theta,frontal,19,0.543986977797166,0.02909460510193648,0.1043540817678312,FALSE
cz,threshold,8,absolute,retained,cv,theta,parieto_occipital,19,0.5662653237449794,0.023824780509745912,0.09002016192603704,FALSE
cz,threshold,8,absolute,retained,mean,alpha,centro_temporal,19,0.20881310706263784,0.37474733527058324,0.5647355191984603,FALSE
cz,threshold,8,absolute,retained,mean,alpha,frontal,19,0.07642278946866625,0.7428930437949892,0.8522774134774028,FALSE
cz,threshold,8,absolute,retained,mean,alpha,parieto_occipital,19,0.5458644045404502,0.02861159645394596,0.10328866017914753,FALSE
cz,threshold,8,absolute,retained,mean,beta,centro_temporal,19,0.2969193986658024,0.21194121093915233,0.39769663519856385,FALSE
cz,threshold,8,absolute,retained,mean,beta,frontal,19,0.4782401032088431,0.0516224587496468,0.15474797194959658,FALSE
cz,threshold,8,absolute,retained,mean,beta,parieto_occipital,19,0.370010755497729,0.12417372244388784,0.28299380589791084,FALSE
cz,threshold,8,absolute,retained,mean,theta,centro_temporal,19,-0.11763870121221397,0.6143439381229621,0.7616611069585704,FALSE
cz,threshold,8,absolute,retained,mean,theta,frontal,19,-0.05840144310417023,0.8019439046228395,0.8912640303563858,FALSE
cz,threshold,8,absolute,retained,mean,theta,parieto_occipital,19,0.011012547382560845,0.962242793257849,0.9784127306243354,FALSE
cz,threshold,8,absolute,retained,sd,alpha,centro_temporal,19,-0.028146575683089065,0.9037135663886589,0.9460057548165614,FALSE
cz,threshold,8,absolute,retained,sd,alpha,frontal,19,-0.09962276529653813,0.6692707262084198,0.8016403522792164,FALSE
cz,threshold,8,absolute,retained,sd,alpha,parieto_occipital,19,0.2041624113338351,0.3852470411016452,0.5747661150434369,FALSE
cz,threshold,8,absolute,retained,sd,beta,centro_temporal,19,0.4624182433931893,0.05901759597952053,0.1690938932707265,FALSE
cz,threshold,8,absolute,retained,sd,beta,frontal,19,0.6199496127154829,0.014580334613774637,0.06305710898593525,FALSE
cz,threshold,8,absolute,retained,sd,beta,parieto_occipital,19,0.5614119243066685,0.024890174140795574,0.09314040477310394,FALSE
cz,threshold,8,absolute,retained,sd,theta,centro_temporal,19,0.5077893227730552,0.04002404536431179,0.13120867485366292,FALSE
cz,threshold,8,absolute,retained,sd,theta,frontal,19,0.5240881979691889,0.03470222053909552,0.11856083783480086,FALSE
cz,threshold,8,absolute,retained,sd,theta,parieto_occipital,19,0.4789425838216739,0.05131448312029111,0.15442005446725376,FALSE
cz,threshold,8,rel_1_30,removed,cv,alpha,centro_temporal,19,0.2650568159914863,0.2630516997278403,0.45600744019465983,FALSE
cz,threshold,8,rel_1_30,removed,cv,alpha,frontal,19,0.5035845376862275,0.04151393733669641,0.13367547242348293,FALSE
cz,threshold,8,rel_1_30,removed,cv,alpha,parieto_occipital,19,0.3757197857410802,0.11884152297620201,0.2760190211060176,FALSE
cz,threshold,8,rel_1_30,removed,cv,beta,centro_temporal,19,0.04861214030946509,0.8345694576816318,0.9087444293630695,FALSE
cz,threshold,8,rel_1_30,removed,cv,beta,frontal,19,0.1467108117900212,0.5305546930413887,0.6985427180985165,FALSE
cz,threshold,8,rel_1_30,removed,cv,beta,parieto_occipital,19,0.17285635136026767,0.4609141396858797,0.6393272119510169,FALSE
cz,threshold,8,rel_1_30,removed,cv,theta,centro_temporal,19,0.20115402063683174,0.39214195211959146,0.5808182513679891,FALSE
cz,threshold,8,rel_1_30,removed,cv,theta,frontal,19,0.03706330828068993,0.8734556827328125,0.9282776630526283,FALSE
cz,threshold,8,rel_1_30,removed,cv,theta,parieto_occipital,19,0.21566520602740166,0.3596305774686305,0.551357920030771,FALSE
cz,threshold,8,rel_1_30,removed,mean,alpha,centro_temporal,19,-0.00893741167234066,0.9693532865152854,0.9817258603728652,FALSE
cz,threshold,8,rel_1_30,removed,mean,alpha,frontal,19,-0.22186158469993691,0.34632296562520837,0.5388170029415007,FALSE
cz,threshold,8,rel_1_30,removed,mean,alpha,parieto_occipital,19,0.06879533669723478,0.7677102431727936,0.8671869336013427,FALSE
cz,threshold,8,rel_1_30,removed,mean,beta,centro_temporal,19,-0.03781743483622569,0.8709051443593385,0.9273747749888487,FALSE
cz,threshold,8,rel_1_30,removed,mean,beta,frontal,19,0.2038938954614008,0.3858591658428182,0.5753449917539352,FALSE
cz,threshold,8,rel_1_30,removed,mean,beta,parieto_occipital,19,0.05722355107569735,0.8058510812138624,0.8939084176203985,FALSE
cz,threshold,8,rel_1_30,removed,mean,theta,centro_temporal,19,-0.0036302730136391665,0.987548885070566,0.9911177246139289,FALSE
cz,threshold,8,rel_1_30,removed,mean,theta,frontal,19,-0.0390011426075403,0.866904662899119,0.9273747749888487,FALSE
cz,threshold,8,rel_1_30,removed,mean,theta,parieto_occipital,19,-0.15992447475679072,0.49464925996530607,0.6671542573384827,FALSE
cz,threshold,8,rel_1_30,removed,sd,alpha,centro_temporal,19,0.11485748540301671,0.6226823758759661,0.7673480134109816,FALSE
cz,threshold,8,rel_1_30,removed,sd,alpha,frontal,19,0.13098029438856557,0.5751066213984737,0.7328792343484974,FALSE
cz,threshold,8,rel_1_30,removed,sd,alpha,parieto_occipital,19,0.17033772364523775,0.4673731825672355,0.6455228894569847,FALSE
cz,threshold,8,rel_1_30,removed,sd,beta,centro_temporal,19,0.07354520858646206,0.7522234148044147,0.8580217252929497,FALSE
cz,threshold,8,rel_1_30,removed,sd,beta,frontal,19,0.24285013145741224,0.30380011790964007,0.49811719895509393,FALSE
cz,threshold,8,rel_1_30,removed,sd,beta,parieto_occipital,19,0.22890166667313183,0.3316210771583782,0.524549531322935,FALSE
cz,threshold,8,rel_1_30,removed,sd,theta,centro_temporal,19,0.2667519699741128,0.26011725970626065,0.4527018378415136,FALSE
cz,threshold,8,rel_1_30,removed,sd,theta,frontal,19,0.161618428732615,0.4901500987396199,0.6633148569090296,FALSE
cz,threshold,8,rel_1_30,removed,sd,theta,parieto_occipital,19,0.23095783538043807,0.3274108789018375,0.5202411817454833,FALSE
cz,threshold,8,rel_1_30,retained,cv,alpha,centro_temporal,19,0.0145015525236421,0.9502953050515481,0.9712247682211241,FALSE
cz,threshold,8,rel_1_30,retained,cv,alpha,frontal,19,-0.010256764279414892,0.9648321539617405,0.9799549149956236,FALSE
cz,threshold,8,rel_1_30,retained,cv,alpha,parieto_occipital,19,0.18414713997514845,0.43263165404949944,0.6143432691542928,FALSE
cz,threshold,8,rel_1_30,retained,cv,beta,centro_temporal,19,0.28413657075141396,0.23143186743065672,0.41877412636363665,FALSE
cz,threshold,8,rel_1_30,retained,cv,beta,frontal,19,0.38306888205709366,0.11226524463392806,0.2669646918267354,FALSE
cz,threshold,8,rel_1_30,retained,cv,beta,parieto_occipital,19,0.41114932021534933,0.08993311733483841,0.22764320325380974,FALSE
cz,threshold,8,rel_1_30,retained,cv,theta,centro_temporal,19,0.1688608226326389,0.47118591324879266,0.6484852498093118,FALSE
cz,threshold,8,rel_1_30,retained,cv,theta,frontal,19,0.14659697400565452,0.5308701623679459,0.6986684092645653,FALSE
cz,threshold,8,rel_1_30,retained,cv,theta,parieto_occipital,19,0.2857977125706203,0.22882340513281135,0.4157314949328834,FALSE
cz,threshold,8,rel_1_30,retained,mean,alpha,centro_temporal,19,0.02877721793562998,0.9015679868802595,0.9443147448788924,FALSE
cz,threshold,8,rel_1_30,retained,mean,alpha,frontal,19,-0.1687006804090423,0.47160044874044904,0.6487060646539675,FALSE
cz,threshold,8,rel_1_30,retained,mean,alpha,parieto_occipital,19,0.28689544462496874,0.22711215341470067,0.41359202020266805,FALSE
cz,threshold,8,rel_1_30,retained,mean,beta,centro_temporal,19,0.14056798334153672,0.5477242777466647,0.7112070226042063,FALSE
cz,threshold,8,rel_1_30,retained,mean,beta,frontal,19,0.4171677943342472,0.08568469766913503,0.21931672451454706,FALSE
cz,threshold,8,rel_1_30,retained,mean,beta,parieto_occipital,19,0.195520033487194,0.4052714443726084,0.5921440720483659,FALSE
cz,threshold,8,rel_1_30,retained,mean,theta,centro_temporal,19,-0.18195420654227262,0.43803806113741384,0.6191884609210461,FALSE
cz,threshold,8,rel_1_30,retained,mean,theta,frontal,19,-0.2533844159891931,0.28393225968883157,0.4785126249112168,FALSE
cz,threshold,8,rel_1_30,retained,mean,theta,parieto_occipital,19,-0.25097037167782177,0.2883989230619874,0.48252431829930514,FALSE
cz,threshold,8,rel_1_30,retained,sd,alpha,centro_temporal,19,-0.022676851053999005,0.922352949799172,0.9550221754511801,FALSE
cz,threshold,8,rel_1_30,retained,sd,alpha,frontal,19,-0.1779679700230983,0.447973003652935,0.627420402810739,FALSE
cz,threshold,8,rel_1_30,retained,sd,alpha,parieto_occipital,19,0.17534755412722702,0.45457898211550374,0.6348430612302725,FALSE
cz,threshold,8,rel_1_30,retained,sd,beta,centro_temporal,19,0.34260950645123917,0.15265460409732923,0.32450579591602846,FALSE
cz,threshold,8,rel_1_30,retained,sd,beta,frontal,19,0.7541512003698153,0.004094749826500621,0.02640196903057117,TRUE
cz,threshold,8,rel_1_30,retained,sd,beta,parieto_occipital,19,0.35575456400866007,0.13837799099243628,0.3056895619196547,FALSE
cz,threshold,8,rel_1_30,retained,sd,theta,centro_temporal,19,0.1550325408961234,0.5077758579344966,0.6795981189842765,FALSE
cz,threshold,8,rel_1_30,retained,sd,theta,frontal,19,0.02888732513760305,0.9011934582026467,0.9441768163545919,FALSE
cz,threshold,8,rel_1_30,retained,sd,theta,parieto_occipital,19,0.1730734486411544,0.46035993630938976,0.6392426544181812,FALSE
cz,threshold,8,rel_4_30,removed,cv,alpha,centro_temporal,19,0.2391341913672778,0.3110424880709269,0.505151709949776,FALSE
cz,threshold,8,rel_4_30,removed,cv,alpha,frontal,19,0.49164969975979605,0.046024251076961044,0.14430829692518107,FALSE
cz,threshold,8,rel_4_30,removed,cv,alpha,parieto_occipital,19,0.39687303086973363,0.10075221639121426,0.24663235127930327,FALSE
cz,threshold,8,rel_4_30,removed,cv,beta,centro_temporal,19,0.1350981720037561,0.5632601829085023,0.72611259653456794,FALSE
cz,threshold,8,rel_4_30,removed,cv,beta,frontal,19,0.3058000372955315,0.19917478781038422,0.3837421085266471,FALSE
cz,threshold,8,rel_4_30,removed,cv,beta,parieto_occipital,19,0.12565477233275754,0.5906145175724737,0.7453129647263154,FALSE
cz,threshold,8,rel_4_30,removed,cv,theta,centro_temporal,19,0.16371338778909408,0.484619037308505,0.6585052107966536,FALSE
cz,threshold,8,rel_4_30,removed,cv,theta,frontal,19,0.028921795188910332,0.9010762135285524,0.9441768163545919,FALSE
cz,threshold,8,rel_4_30,removed,cv,theta,parieto_occipital,19,0.22065031014979009,0.34889727295853157,0.5413059047337473,FALSE
cz,threshold,8,rel_4_30,removed,mean,alpha,centro_temporal,19,-0.006883626685995936,0.9763932275302996,0.9865428452800947,FALSE
cz,threshold,8,rel_4_30,removed,mean,alpha,frontal,19,-0.220433926122123,0.34935853651304694,0.5413734515594765,FALSE
cz,threshold,8,rel_4_30,removed,mean,alpha,parieto_occipital,19,0.04403338291200911,0.8499401732252518,0.9168756289001926,FALSE
cz,threshold,8,rel_4_30,removed,mean,beta,centro_temporal,19,0.00363043154697718,0.987548341380631,0.9911177246139289,FALSE
cz,threshold,8,rel_4_30,removed,mean,beta,frontal,19,0.28056060289583934,0.2371248080288258,0.42583891621989595,FALSE
cz,threshold,8,rel_4_30,removed,mean,beta,parieto_occipital,19,0.053263485194206546,0.8190250233364715,0.9006687692684139,FALSE
cz,threshold,8,rel_4_30,removed,mean,theta,centro_temporal,19,0.006636134194616671,0.97724172605059,0.9868872288012192,FALSE
cz,threshold,8,rel_4_30,removed,mean,theta,frontal,19,-0.0055418445427758735,0.980993688485124,0.9893549893245127,FALSE
cz,threshold,8,rel_4_30,removed,mean,theta,parieto_occipital,19,-0.16211235766333099,0.48884272776893045,0.6619349196358056,FALSE
cz,threshold,8,rel_4_30,removed,sd,alpha,centro_temporal,19,0.12122283428981122,0.6036776461015221,0.7549368568809,FALSE
cz,threshold,8,rel_4_30,removed,sd,alpha,frontal,19,0.13011388012947236,0.5776153447997427,0.7358350132966579,FALSE
cz,threshold,8,rel_4_30,removed,sd,alpha,parieto_occipital,19,0.197331113296653,0.40102008692532065,0.5879208514199271,FALSE
cz,threshold,8,rel_4_30,removed,sd,beta,centro_temporal,19,0.2114917121819785,0.36878782834796886,0.5590047082327108,FALSE
cz,threshold,8,rel_4_30,removed,sd,beta,frontal,19,0.4670658561391289,0.05675188440372987,0.16503464963478065,FALSE
cz,threshold,8,rel_4_30,removed,sd,beta,parieto_occipital,19,0.18358048587647066,0.43402464092018644,0.6151978869477525,FALSE
cz,threshold,8,rel_4_30,removed,sd,theta,centro_temporal,19,0.25772832234102877,0.27602320720781115,0.4697056121601655,FALSE
cz,threshold,8,rel_4_30,removed,sd,theta,frontal,19,0.19056411677797488,0.41705375464284744,0.6025743582854232,FALSE
cz,threshold,8,rel_4_30,removed,sd,theta,parieto_occipital,19,0.23602737951103556,0.31719186718796055,0.5104478392494994,FALSE
cz,threshold,8,rel_4_30,retained,cv,alpha,centro_temporal,19,0.07195470803531509,0.7573975302999016,0.8610414028672566,FALSE
cz,threshold,8,rel_4_30,retained,cv,alpha,frontal,19,0.07507864209472397,0.7472463578343385,0.8542495315657495,FALSE
cz,threshold,8,rel_4_30,retained,cv,alpha,parieto_occipital,19,0.23409279968548594,0.32106446342198447,0.5139985515762613,FALSE
cz,threshold,8,rel_4_30,retained,cv,beta,centro_temporal,19,0.3242705309942397,0.17458082091592667,0.35279118072823434,FALSE
cz,threshold,8,rel_4_30,retained,cv,beta,frontal,19,0.4848652349179059,0.04878351709796438,0.14903419418415567,FALSE
cz,threshold,8,rel_4_30,retained,cv,beta,parieto_occipital,19,0.3306664389730993,0.16665972137489535,0.34338791558325016,FALSE
cz,threshold,8,rel_4_30,retained,cv,theta,centro_temporal,19,0.1855779188912648,0.4291269353945151,0.6118245415525759,FALSE
cz,threshold,8,rel_4_30,retained,cv,theta,frontal,19,0.3164314814675544,0.18470199009227686,0.3652702632140246,FALSE
cz,threshold,8,rel_4_30,retained,cv,theta,parieto_occipital,19,0.6391844036480026,0.01219332635619917,0.05512709629814459,FALSE
cz,threshold,8,rel_4_30,retained,mean,alpha,centro_temporal,19,0.04951160003855567,0.8315578386774102,0.9074086098169438,FALSE
cz,threshold,8,rel_4_30,retained,mean,alpha,frontal,19,-0.17432846478133443,0.4571640831610806,0.6375372867038311,FALSE
cz,threshold,8,rel_4_30,retained,mean,alpha,parieto_occipital,19,0.21891244639678822,0.352613716025739,0.5446810202256945,FALSE
cz,threshold,8,rel_4_30,retained,mean,beta,centro_temporal,19,0.11432697527944743,0.6242789428060302,0.7681001676043815,FALSE
cz,threshold,8,rel_4_30,retained,mean,beta,frontal,19,0.5425137898086053,0.029478929238500182,0.10524708620687669,FALSE
cz,threshold,8,rel_4_30,retained,mean,beta,parieto_occipital,19,0.09260758436258747,0.6912126970412767,0.8161053647423273,FALSE
cz,threshold,8,rel_4_30,retained,mean,theta,centro_temporal,19,-0.1524190367585635,0.5148692968603763,0.6850827605041557,FALSE
cz,threshold,8,rel_4_30,retained,mean,theta,frontal,19,-0.2863606894592989,0.22794454164984357,0.4145221599319887,FALSE
cz,threshold,8,rel_4_30,retained,mean,theta,parieto_occipital,19,-0.29443408913953184,0.21562666530158656,0.4009356646066803,FALSE
cz,threshold,8,rel_4_30,retained,sd,alpha,centro_temporal,19,0.03519444166829167,0.8797824884838187,0.9335683174740957,FALSE
cz,threshold,8,rel_4_30,retained,sd,alpha,frontal,19,-0.14397945473554158,0.5381522754530863,0.7043243408594165,FALSE
cz,threshold,8,rel_4_30,retained,sd,alpha,parieto_occipital,19,0.18660304805380468,0.4266269063022785,0.6097457751675093,FALSE
cz,threshold,8,rel_4_30,retained,sd,beta,centro_temporal,19,0.36323127284923,0.1307672839101508,0.29354688212625074,FALSE
cz,threshold,8,rel_4_30,retained,sd,beta,frontal,19,0.9028170278059555,9.700595259268803e-4,0.009758140282979885,TRUE
cz,threshold,8,rel_4_30,retained,sd,beta,parieto_occipital,19,0.24026077872415053,0.3088338198032271,0.5030355640531826,FALSE
cz,threshold,8,rel_4_30,retained,sd,theta,centro_temporal,19,0.28456702641356907,0.23075374021865325,0.41826132492779666,FALSE
cz,threshold,8,rel_4_30,retained,sd,theta,frontal,19,0.3167672175105915,0.1842590505313871,0.365137201053024,FALSE
cz,threshold,8,rel_4_30,retained,sd,theta,parieto_occipital,19,0.4554511422188867,0.06256668274758202,0.17551173342178852,FALSE
cz,threshold,10,absolute,removed,cv,alpha,centro_temporal,14,0.06136112394181217,0.821981457873493,0.9017674684571504,FALSE
cz,threshold,10,absolute,removed,cv,alpha,frontal,14,0.28927298740833884,0.29876089374717385,0.4928599639553713,FALSE
cz,threshold,10,absolute,removed,cv,alpha,parieto_occipital,14,0.4090541798448802,0.14984752899963374,0.31954411362651103,FALSE
cz,threshold,10,absolute,removed,cv,beta,centro_temporal,14,0.22394405750534413,0.4172145505412447,0.6025743582854232,FALSE
cz,threshold,10,absolute,removed,cv,beta,frontal,14,0.19987053286397055,0.4678658578054532,0.645697505658039,FALSE
cz,threshold,10,absolute,removed,cv,beta,parieto_occipital,14,0.4357364040502079,0.12699980106345385,0.28770265264063677,FALSE
cz,threshold,10,absolute,removed,cv,theta,centro_temporal,14,0.30693919739277514,0.27147210649371545,0.4655860388388027,FALSE
cz,threshold,10,absolute,removed,cv,theta,frontal,14,0.15795331131194176,0.5646504195809874,0.727107510287768,FALSE
cz,threshold,10,absolute,removed,cv,theta,parieto_occipital,14,0.36938208547215845,0.1902278704466529,0.3699879741353609,FALSE
cz,threshold,10,absolute,removed,mean,alpha,centro_temporal,14,-0.09648554055621239,0.7238866085495881,0.8381081575380124,FALSE
cz,threshold,10,absolute,removed,mean,alpha,frontal,14,-0.38122857852896114,0.1773174476987493,0.3553869960808382,FALSE
cz,threshold,10,absolute,removed,mean,alpha,parieto_occipital,14,-0.004385131519983429,0.9871583130035007,0.9911177246139289,FALSE
cz,threshold,10,absolute,removed,mean,beta,centro_temporal,14,0.07009235912332157,0.7972296775613585,0.8889099473354064,FALSE
cz,threshold,10,absolute,removed,mean,beta,frontal,14,0.31020068340141227,0.26664910192866553,0.4599519557669262,FALSE
cz,threshold,10,absolute,removed,mean,beta,parieto_occipital,14,0.053829968635419334,0.8434927491912337,0.9146421172865784,FALSE
cz,threshold,10,absolute,removed,mean,theta,centro_temporal,14,0.11332940191028718,0.6784693936497384,0.8062007953881977,FALSE
cz,threshold,10,absolute,removed,mean,theta,frontal,14,-0.04840877729490646,0.8590597232170563,0.9229135683525601,FALSE
cz,threshold,10,absolute,removed,mean,theta,parieto_occipital,14,-0.06244363132067552,0.8189013104393832,0.9006687692684139,FALSE
cz,threshold,10,absolute,removed,sd,alpha,centro_temporal,14,-0.05435766044075717,0.8419810135441569,0.91365397171635,FALSE
cz,threshold,10,absolute,removed,sd,alpha,frontal,14,-0.24493666470275127,0.3761093050184019,0.5660474618388456,FALSE
cz,threshold,10,absolute,removed,sd,alpha,parieto_occipital,14,0.24118813871020464,0.38323790450267625,0.5733085697215873,FALSE
cz,threshold,10,absolute,removed,sd,beta,centro_temporal,14,0.25528598323983004,0.3569060781007287,0.5491297315613903,FALSE
cz,threshold,10,absolute,removed,sd,beta,frontal,14,0.4107058337398187,0.1483373631506392,0.3184625444117533,FALSE
cz,threshold,10,absolute,removed,sd,beta,parieto_occipital,14,0.4800094371517208,0.09575527757997063,0.2385107562051403,FALSE
cz,threshold,10,absolute,removed,sd,theta,centro_temporal,14,0.6187682978364744,0.03758168082910414,0.12553056276937877,FALSE
cz,threshold,10,absolute,removed,sd,theta,frontal,14,0.30989442375728943,0.267099169350581,0.4602903345452329,FALSE
cz,threshold,10,absolute,removed,sd,theta,parieto_occipital,14,0.44498925719814,0.11981528132030107,0.2774519438792916,FALSE
cz,threshold,10,absolute,retained,cv,alpha,centro_temporal,14,-0.13117461293029786,0.6317413643376026,0.7738533158615624,FALSE
cz,threshold,10,absolute,retained,cv,alpha,frontal,14,-0.016287490828368414,0.9523321873427932,0.9721377625257966,FALSE
cz,threshold,10,absolute,retained,cv,alpha,parieto_occipital,14,-0.20919350097039419,0.4478098567724216,0.627420402810739,FALSE
cz,threshold,10,absolute,retained,cv,beta,centro_temporal,14,0.2424331762414692,0.3808599965659645,0.5713777320360149,FALSE
cz,threshold,10,absolute,retained,cv,beta,frontal,14,0.5009349311874881,0.08353137918969913,0.21550763257435315,FALSE
cz,threshold,10,absolute,retained,cv,beta,parieto_occipital,14,0.46095486052948176,0.10825346347083421,0.26093581275548877,FALSE
cz,threshold,10,absolute,retained,cv,theta,centro_temporal,14,0.8492082346546729,0.007276788754073589,0.03818104544647519,TRUE
cz,threshold,10,absolute,retained,cv,theta,frontal,14,0.5078681971228621,0.07980354104199924,0.20936313601301826,FALSE
cz,threshold,10,absolute,retained,cv,theta,parieto_occipital,14,0.943149797447639,0.0037028044795032284,0.024317103021818623,TRUE
cz,threshold,10,absolute,retained,mean,alpha,centro_temporal,14,0.3764173220217402,0.18247029176251087,0.36270168423959215,FALSE
cz,threshold,10,absolute,retained,mean,alpha,frontal,14,0.08550989497384717,0.7540911887448891,0.858961385890146,FALSE
cz,threshold,10,absolute,retained,mean,alpha,parieto_occipital,14,0.2892587560773054,0.2987836767085417,0.4928599639553713,FALSE
cz,threshold,10,absolute,retained,mean,beta,centro_temporal,14,0.3569961724937423,0.20454384681778592,0.3890353108789643,FALSE
cz,threshold,10,absolute,retained,mean,beta,frontal,14,0.5406386467894383,0.06415238305889523,0.17854292436147792,FALSE
cz,threshold,10,absolute,retained,mean,beta,parieto_occipital,14,0.3742003370637251,0.18488614430971764,0.3654485658750291,FALSE
cz,threshold,10,absolute,retained,mean,theta,centro_temporal,14,-0.10984895809969403,0.6877546990398351,0.8132573813463745,FALSE
cz,threshold,10,absolute,retained,mean,theta,frontal,14,-0.03514699745296892,0.8973869067391443,0.9434614292050779,FALSE
cz,threshold,10,absolute,retained,mean,theta,parieto_occipital,14,0.026369597871424278,0.9229086228086578,0.955343111150176,FALSE
cz,threshold,10,absolute,retained,sd,alpha,centro_temporal,14,0.09076940121366185,0.7395610078754249,0.8498489776109167,FALSE
cz,threshold,10,absolute,retained,sd,alpha,frontal,14,-0.18030010118892603,0.5117360613866079,0.6825548156987898,FALSE
cz,threshold,10,absolute,retained,sd,alpha,parieto_occipital,14,-0.06236439676654743,0.8191266576825934,0.9006687692684139,FALSE
cz,threshold,10,absolute,retained,sd,beta,centro_temporal,14,0.46325849680708575,0.1066692354304917,0.2580771545449606,FALSE
cz,threshold,10,absolute,retained,sd,beta,frontal,14,0.5975539038221949,0.04352977208091585,0.13861029178235681,FALSE
cz,threshold,10,absolute,retained,sd,beta,parieto_occipital,14,0.5513598608655802,0.05967994016965734,0.17011408165661857,FALSE
cz,threshold,10,absolute,retained,sd,theta,centro_temporal,14,0.6565916415742595,0.02884518774088054,0.10365073007074264,FALSE
cz,threshold,10,absolute,retained,sd,theta,frontal,14,0.5691157308547057,0.05290379836795572,0.157188049897984,FALSE
cz,threshold,10,absolute,retained,sd,theta,parieto_occipital,14,0.6314233145681217,0.03440990060172243,0.11797680206304832,FALSE
cz,threshold,10,rel_1_30,removed,cv,alpha,centro_temporal,14,0.24423370311653772,0.3774391180122828,0.567130186651714,FALSE
cz,threshold,10,rel_1_30,removed,cv,alpha,frontal,14,0.3640411790845359,0.19629686896309725,0.3791367245546558,FALSE
cz,threshold,10,rel_1_30,removed,cv,alpha,parieto_occipital,14,0.5488627519897605,0.06069507508983372,0.1722671083434739,FALSE
cz,threshold,10,rel_1_30,removed,cv,beta,centro_temporal,14,0.07754600417061981,0.7762775951562103,0.8743242439071105,FALSE
cz,threshold,10,rel_1_30,removed,cv,beta,frontal,14,-0.024222305162460545,0.9291669208409106,0.9583974974166803,FALSE
cz,threshold,10,rel_1_30,removed,cv,beta,parieto_occipital,14,0.32229387905318096,0.24934093503533883,0.4398537002801259,FALSE
cz,threshold,10,rel_1_30,removed,cv,theta,centro_temporal,14,0.14755740730546174,0.5902395291477269,0.7450815874436241,FALSE
cz,threshold,10,rel_1_30,removed,cv,theta,frontal,14,0.03656854028090269,0.8932639076981416,0.9414576673485494,FALSE
cz,threshold,10,rel_1_30,removed,cv,theta,parieto_occipital,14,0.38264473301151847,0.175824021540852,0.3539955638339045,FALSE
cz,threshold,10,rel_1_30,removed,mean,alpha,centro_temporal,14,-0.08189753006207103,0.7641280287536294,0.8643962105889179,FALSE
cz,threshold,10,rel_1_30,removed,mean,alpha,frontal,14,-0.33027102846750805,0.23841270128113232,0.4269684857581955,FALSE
cz,threshold,10,rel_1_30,removed,mean,alpha,parieto_occipital,14,-0.025989652241029323,0.9240156004117621,0.9559799506122755,FALSE
cz,threshold,10,rel_1_30,removed,mean,beta,centro_temporal,14,0.005142785961834462,0.9849398246301015,0.9911177246139289,FALSE
cz,threshold,10,rel_1_30,removed,mean,beta,frontal,14,0.3850681299503167,0.17329273132895107,0.35110064586084505,FALSE
cz,threshold,10,rel_1_30,removed,mean,beta,parieto_occipital,14,0.06941470558866929,0.7991429650102698,0.8893225189631845,FALSE
cz,threshold,10,rel_1_30,removed,mean,theta,centro_temporal,14,0.04478456046985926,0.8695014178758238,0.9273747749888487,FALSE
cz,threshold,10,rel_1_30,removed,mean,theta,frontal,14,-0.049768420748200405,0.855149459048657,0.9198663656030955,FALSE
cz,threshold,10,rel_1_30,removed,mean,theta,parieto_occipital,14,-0.04492924891657564,0.8690840549758568,0.9273747749888487,FALSE
cz,threshold,10,rel_1_30,removed,sd,alpha,centro_temporal,14,0.08316916577159673,0.7605896600439153,0.8626167203066264,FALSE
cz,threshold,10,rel_1_30,removed,sd,alpha,frontal,14,-0.012446189761358967,0.9635642391371382,0.979178714523051,FALSE
cz,threshold,10,rel_1_30,removed,sd,alpha,parieto_occipital,14,0.3466574107463008,0.21715420061530344,0.40223703286912804,FALSE
cz,threshold,10,rel_1_30,removed,sd,beta,centro_temporal,14,0.05419517714841028,0.8424464278160478,0.9139039373183019,FALSE
cz,threshold,10,rel_1_30,removed,sd,beta,frontal,14,0.1388742964367947,0.6120619542348813,0.7598010466364044,FALSE
cz,threshold,10,rel_1_30,removed,sd,beta,parieto_occipital,14,0.2920847976245404,0.29428488215806203,0.4882163888974177,FALSE
cz,threshold,10,rel_1_30,removed,sd,theta,centro_temporal,14,0.40901106212376737,0.1498871280625837,0.31954411362651103,FALSE
cz,threshold,10,rel_1_30,removed,sd,theta,frontal,14,0.21172476612928837,0.4424600458951846,0.6228402094281238,FALSE
cz,threshold,10,rel_1_30,removed,sd,theta,parieto_occipital,14,0.510959423938749,0.07819067041956475,0.20601155907967372,FALSE
cz,threshold,10,rel_1_30,retained,cv,alpha,centro_temporal,14,-0.128273546524192,0.6392336664886804,0.7793479132354938,FALSE
cz,threshold,10,rel_1_30,retained,cv,alpha,frontal,14,-0.16766449037053477,0.541296848879022,0.7057187800705733,FALSE
cz,threshold,10,rel_1_30,retained,cv,alpha,parieto_occipital,14,0.03861046857609062,0.88734723706413,0.9372469594418195,FALSE
cz,threshold,10,rel_1_30,retained,cv,beta,centro_temporal,14,0.44715844258720355,0.11818333198474847,0.2754776946982626,FALSE
cz,threshold,10,rel_1_30,retained,cv,beta,frontal,14,0.4269896255074293,0.1341330524547135,0.2988592022601295,FALSE
cz,threshold,10,rel_1_30,retained,cv,beta,parieto_occipital,14,0.7193475911933092,0.018489351693749087,0.07449388537336418,FALSE
cz,threshold,10,rel_1_30,retained,cv,theta,centro_temporal,14,0.5134453480430597,0.07691518999993335,0.2041271390578436,FALSE
cz,threshold,10,rel_1_30,retained,cv,theta,frontal,14,0.3178784202695059,0.2555561665726985,0.44742950997723097,FALSE
cz,threshold,10,rel_1_30,retained,cv,theta,parieto_occipital,14,0.4508678693813807,0.11543774349538923,0.27250877153009917,FALSE
cz,threshold,10,rel_1_30,retained,mean,alpha,centro_temporal,14,-0.18160420376428968,0.5087395300354689,0.6806535763172412,FALSE
cz,threshold,10,rel_1_30,retained,mean,alpha,frontal,14,-0.3487098717054772,0.21460211241621766,0.4004164514475883,FALSE
cz,threshold,10,rel_1_30,retained,mean,alpha,parieto_occipital,14,-0.02265359833592135,0.9337420526648876,0.9604203970267414,FALSE
cz,threshold,10,rel_1_30,retained,mean,beta,centro_temporal,14,0.17726013919272746,0.5187610599043442,0.6883764508218738,FALSE
cz,threshold,10,rel_1_30,retained,mean,beta,frontal,14,0.40550553666642825,0.1531365553664803,0.3249972310397791,FALSE
cz,threshold,10,rel_1_30,retained,mean,beta,parieto_occipital,14,0.24946100266196067,0.36762799196693663,0.5588241690887189,FALSE
cz,threshold,10,rel_1_30,retained,mean,theta,centro_temporal,14,-0.189584969679857,0.49062746016823333,0.6637298417307207,FALSE
cz,threshold,10,rel_1_30,retained,mean,theta,frontal,14,-0.2594912076402265,0.3493037851107309,0.5413734515594765,FALSE
cz,threshold,10,rel_1_30,retained,mean,theta,parieto_occipital,14,-0.19367651594052446,0.4814939675733998,0.6563985083889826,FALSE
cz,threshold,10,rel_1_30,retained,sd,alpha,centro_temporal,14,-0.2101729840623806,0.4457348623129902,0.626090008913622,FALSE
cz,threshold,10,rel_1_30,retained,sd,alpha,frontal,14,-0.35087939419411196,0.21193081109550677,0.39769663519856385,FALSE
cz,threshold,10,rel_1_30,retained,sd,alpha,parieto_occipital,14,-0.08798216724365064,0.74724862573434,0.8542495315657495,FALSE
cz,threshold,10,rel_1_30,retained,sd,beta,centro_temporal,14,0.5121471919849465,0.07757886722972163,0.205607795357299,FALSE
cz,threshold,10,rel_1_30,retained,sd,beta,frontal,14,0.8194245187847544,0.009017904022936172,0.04472144239945898,TRUE
cz,threshold,10,rel_1_30,retained,sd,beta,parieto_occipital,14,0.6575565010550933,0.02865004614693048,0.10333152079709249,FALSE
cz,threshold,10,rel_1_30,retained,sd,theta,centro_temporal,14,0.5046432543788237,0.08151832628034812,0.211577605192252,FALSE
cz,threshold,10,rel_1_30,retained,sd,theta,frontal,14,0.16771202922030104,0.541183865332235,0.7057187800705733,FALSE
cz,threshold,10,rel_1_30,retained,sd,theta,parieto_occipital,14,0.4139010970829437,0.1454526948207625,0.31427465597957266,FALSE
cz,threshold,10,rel_4_30,removed,cv,alpha,centro_temporal,14,0.24615928872759882,0.37380414645571824,0.5639699345827832,FALSE
cz,threshold,10,rel_4_30,removed,cv,alpha,frontal,14,0.36509477795323375,0.19508722668088926,0.37792682478091555,FALSE
cz,threshold,10,rel_4_30,removed,cv,alpha,parieto_occipital,14,0.5897899383410414,0.0459209159560168,0.14429546210291663,FALSE
cz,threshold,10,rel_4_30,removed,cv,beta,centro_temporal,14,0.12837633618135533,0.6389674898987037,0.7793479132354938,FALSE
cz,threshold,10,rel_4_30,removed,cv,beta,frontal,14,0.032049194395216314,0.9063822601124015,0.9470610661964572,FALSE
cz,threshold,10,rel_4_30,removed,cv,beta,parieto_occipital,14,0.2903452687842087,0.29704800614682414,0.49103854077332154,FALSE
cz,threshold,10,rel_4_30,removed,cv,theta,centro_temporal,14,0.11484144745440752,0.6744523258971744,0.803884317317049,FALSE
cz,threshold,10,rel_4_30,removed,cv,theta,frontal,14,0.027091552659391734,0.9208056584423563,0.9549942112398896,FALSE
cz,threshold,10,rel_4_30,removed,cv,theta,parieto_occipital,14,0.35966880494137404,0.20138259183701437,0.38665457632706757,FALSE
cz,threshold,10,rel_4_30,removed,mean,alpha,centro_temporal,14,-0.07510335822198046,0.7831247011114274,0.8784734096714454,FALSE
cz,threshold,10,rel_4_30,removed,mean,alpha,frontal,14,-0.3241898320145899,0.2467086884294495,0.4360015366425908,FALSE
cz,threshold,10,rel_4_30,removed,mean,alpha,parieto_occipital,14,-0.03915942355189012,0.8857577725724126,0.9363398189926773,FALSE
cz,threshold,10,rel_4_30,removed,mean,beta,centro_temporal,14,0.04843906310859556,0.85897258022931,0.9229135683525601,FALSE
cz,threshold,10,rel_4_30,removed,mean,beta,frontal,14,0.42972865340029875,0.13186286756740223,0.2949843665719562,FALSE
cz,threshold,10,rel_4_30,removed,mean,beta,parieto_occipital,14,0.07580380456729506,0.7811592921822679,0.8773725707758557,FALSE
cz,threshold,10,rel_4_30,removed,mean,theta,centro_temporal,14,0.05960684932780601,0.8269795444311587,0.9051473577761078,FALSE
cz,threshold,10,rel_4_30,removed,mean,theta,frontal,14,-0.020508164559675596,0.9400031422590898,0.9644242174384041,FALSE
cz,threshold,10,rel_4_30,removed,mean,theta,parieto_occipital,14,-0.050737669596909125,0.8523643713308897,0.9180035112837949,FALSE
cz,threshold,10,rel_4_30,removed,sd,alpha,centro_temporal,14,0.11876644915953623,0.6640733250435004,0.7974881997120156,FALSE
cz,threshold,10,rel_4_30,removed,sd,alpha,frontal,14,0.008960148621407375,0.9737645782859631,0.9851669738162437,FALSE
cz,threshold,10,rel_4_30,removed,sd,alpha,parieto_occipital,14,0.42520084590208745,0.13563381745186986,0.30119375675380455,FALSE
cz,threshold,10,rel_4_30,removed,sd,beta,centro_temporal,14,0.1579663433764909,0.5646187192708612,0.727107510287768,FALSE
cz,threshold,10,rel_4_30,removed,sd,beta,frontal,14,0.22230002069423757,0.4205549944070045,0.6057061289489747,FALSE
cz,threshold,10,rel_4_30,removed,sd,beta,parieto_occipital,14,0.2707392171948213,0.32953761115587576,0.5225294584722859,FALSE
cz,threshold,10,rel_4_30,removed,sd,theta,centro_temporal,14,0.38640390420622406,0.17191055053332846,0.34975835712903247,FALSE
cz,threshold,10,rel_4_30,removed,sd,theta,frontal,14,0.2558443292646793,0.35589002078849685,0.5482172744951171,FALSE
cz,threshold,10,rel_4_30,removed,sd,theta,parieto_occipital,14,0.49192656580816413,0.08861006335942391,0.22517380806630075,FALSE
cz,threshold,10,rel_4_30,retained,cv,alpha,centro_temporal,14,0.059942653874736816,0.8260221923710583,0.9049304503093396,FALSE
cz,threshold,10,rel_4_30,retained,cv,alpha,frontal,14,-0.022779780791020138,0.9333739487946141,0.9602958224168985,FALSE
cz,threshold,10,rel_4_30,retained,cv,alpha,parieto_occipital,14,0.32638078802986203,0.243694048153201,0.4332338633834684,FALSE
cz,threshold,10,rel_4_30,retained,cv,beta,centro_temporal,14,0.266333438672558,0.3371815085149583,0.5298955962433944,FALSE
cz,threshold,10,rel_4_30,retained,cv,beta,frontal,14,0.34860695699866157,0.21472950135499527,0.4004164514475883,FALSE
cz,threshold,10,rel_4_30,retained,cv,beta,parieto_occipital,14,0.4201621983787333,0.13993931057389994,0.3080473406796131,FALSE
cz,threshold,10,rel_4_30,retained,cv,theta,centro_temporal,14,0.22690117847913527,0.4112502889088102,0.5978042705647306,FALSE
cz,threshold,10,rel_4_30,retained,cv,theta,frontal,14,0.09123744130032652,0.7382729056548569,0.8492322654396698,FALSE
cz,threshold,10,rel_4_30,retained,cv,theta,parieto_occipital,14,0.5372927958077051,0.06561024535594431,0.18117374569880076,FALSE
cz,threshold,10,rel_4_30,retained,mean,alpha,centro_temporal,14,-0.06512685779116589,0.8112800825491104,0.897200921655233,FALSE
cz,threshold,10,rel_4_30,retained,mean,alpha,frontal,14,-0.26738230334863194,0.3353502814343854,0.5278712122335589,FALSE
cz,threshold,10,rel_4_30,retained,mean,alpha,parieto_occipital,14,0.011627511036153282,0.9659592057163026,0.9800755197873133,FALSE
cz,threshold,10,rel_4_30,retained,mean,beta,centro_temporal,14,0.1724772796005424,0.5299257081705311,0.6985427180985165,FALSE
cz,threshold,10,rel_4_30,retained,mean,beta,frontal,14,0.5460190259261205,0.061870570084175354,0.1743136061501984,FALSE
cz,threshold,10,rel_4_30,retained,mean,beta,parieto_occipital,14,0.20525062005410497,0.45622461534675174,0.6366838853080297,FALSE
cz,threshold,10,rel_4_30,retained,mean,theta,centro_temporal,14,-0.12040733243071931,0.6597554092923874,0.7946496379581173,FALSE
cz,threshold,10,rel_4_30,retained,mean,theta,frontal,14,-0.18868590715577904,0.4926483131257635,0.6653062318280544,FALSE
cz,threshold,10,rel_4_30,retained,mean,theta,parieto_occipital,14,-0.18876942763832852,0.4924603711987269,0.665283503551303,FALSE
cz,threshold,10,rel_4_30,retained,sd,alpha,centro_temporal,14,-0.027086102701297916,0.920821531191083,0.9549942112398896,FALSE
cz,threshold,10,rel_4_30,retained,sd,alpha,frontal,14,-0.29538852408130317,0.2890902861604796,0.48281058101028557,FALSE
cz,threshold,10,rel_4_30,retained,sd,alpha,parieto_occipital,14,0.20341706405252727,0.4601714137214682,0.6392426544181812,FALSE
cz,threshold,10,rel_4_30,retained,sd,beta,centro_temporal,14,0.3518628569787451,0.2107287681792594,0.39676196158884286,FALSE
cz,threshold,10,rel_4_30,retained,sd,beta,frontal,14,0.7727594760995229,0.012614391495044086,0.056633665280290305,FALSE
cz,threshold,10,rel_4_30,retained,sd,beta,parieto_occipital,14,0.3356347709635226,0.23127963033335036,0.41877412636363665,FALSE
cz,threshold,10,rel_4_30,retained,sd,theta,centro_temporal,14,0.42511485035604973,0.1357063305736333,0.30119375675380455,FALSE
cz,threshold,10,rel_4_30,retained,sd,theta,frontal,14,0.24932145920897078,0.36788757429360663,0.5588241690887189,FALSE
cz,threshold,10,rel_4_30,retained,sd,theta,parieto_occipital,14,0.5701334448108072,0.052538009260837744,0.15652703448746141,FALSE
mastoid,ica,2,absolute,removed,cv,alpha,centro_temporal,67,0.3533589743451741,0.005173766660805505,0.030487268170206597,TRUE
mastoid,ica,2,absolute,removed,cv,alpha,frontal,67,0.42190383522892216,9.712963707595719e-4,0.009758140282979885,TRUE
mastoid,ica,2,absolute,removed,cv,alpha,parieto_occipital,67,0.36544772480222987,0.0039026560484114567,0.025416292656991194,TRUE
mastoid,ica,2,absolute,removed,cv,beta,centro_temporal,67,0.04231264774931492,0.7301859773478803,0.8421723761283175,FALSE
mastoid,ica,2,absolute,removed,cv,beta,frontal,67,0.13086793681721853,0.2879810184173172,0.48240853063616085,FALSE
mastoid,ica,2,absolute,removed,cv,beta,parieto_occipital,67,0.09663873305358335,0.43176452807300725,0.6135601188405893,FALSE
mastoid,ica,2,absolute,removed,cv,theta,centro_temporal,67,-0.26663481373114345,0.03263627429194067,0.11359877748170576,FALSE
mastoid,ica,2,absolute,removed,cv,theta,frontal,67,0.06435948530558804,0.6000951246883918,0.7521501756249088,FALSE
mastoid,ica,2,absolute,removed,cv,theta,parieto_occipital,67,-0.18494690755243876,0.13483685537623966,0.3002552655800801,FALSE
mastoid,ica,2,absolute,removed,mean,alpha,centro_temporal,67,-0.1800464383744296,0.14530443954139444,0.31427465597957266,FALSE
mastoid,ica,2,absolute,removed,mean,alpha,frontal,67,-0.14585680481087324,0.23679476032137622,0.4256394027413365,FALSE
mastoid,ica,2,absolute,removed,mean,alpha,parieto_occipital,67,-0.12750252909779955,0.3004535478337884,0.4948655755250818,FALSE
mastoid,ica,2,absolute,removed,mean,beta,centro_temporal,67,0.10056305035816172,0.4133904628767192,0.5996335497892122,FALSE
mastoid,ica,2,absolute,removed,mean,beta,frontal,67,0.05038869283581956,0.6813468893109738,0.80798432651929,FALSE
mastoid,ica,2,absolute,removed,mean,beta,parieto_occipital,67,-0.017895811001437237,0.883986207535131,0.9354726651152828,FALSE
mastoid,ica,2,absolute,removed,mean,theta,centro_temporal,67,0.6886552629218039,3.8877619264070474e-7,1.612669420976097e-4,TRUE
mastoid,ica,2,absolute,removed,mean,theta,frontal,67,0.2797408798747735,0.025239118724847888,0.09408407823797563,FALSE
mastoid,ica,2,absolute,removed,mean,theta,parieto_occipital,67,0.3583129780771977,0.0046124812487288325,0.02873930624207965,TRUE
mastoid,ica,2,absolute,removed,sd,alpha,centro_temporal,67,0.06550092198434852,0.5936586262609789,0.7469724074118724,FALSE
mastoid,ica,2,absolute,removed,sd,alpha,frontal,67,0.12238794625115526,0.3201045563050962,0.5132233051192635,FALSE
mastoid,ica,2,absolute,removed,sd,alpha,parieto_occipital,67,0.149538348161937,0.2252947022019284,0.4115387797377522,FALSE
mastoid,ica,2,absolute,removed,sd,beta,centro_temporal,67,0.15246510628296722,0.21644760261556234,0.40136046749347315,FALSE
mastoid,ica,2,absolute,removed,sd,beta,frontal,67,0.12392068108914912,0.3141273144618554,0.5083603762576787,FALSE
mastoid,ica,2,absolute,removed,sd,beta,parieto_occipital,67,0.09699484301168051,0.43007746572094374,0.6127303725624877,FALSE
mastoid,ica,2,absolute,removed,sd,theta,centro_temporal,67,0.6235465058723534,3.032635185137014e-6,2.4564344999609814e-4,TRUE
mastoid,ica,2,absolute,removed,sd,theta,frontal,67,0.44128673804638846,5.868442409006035e-4,0.006914092147338019,TRUE
mastoid,ica,2,absolute,removed,sd,theta,parieto_occipital,67,0.6456152880554161,1.5233350287977226e-6,1.825149995169217e-4,TRUE
mastoid,ica,2,absolute,retained,cv,alpha,centro_temporal,67,0.1574953375540328,0.2018442098932482,0.3869675976651622,FALSE
mastoid,ica,2,absolute,retained,cv,alpha,frontal,67,0.3130180991382373,0.012692299461962238,0.05678672072279537,FALSE
mastoid,ica,2,absolute,retained,cv,alpha,parieto_occipital,67,0.19877309415802805,0.10849652504273996,0.2611978262329244,FALSE
mastoid,ica,2,absolute,retained,cv,beta,centro_temporal,67,0.4415862972284808,5.822340980977423e-4,0.0069031728476037805,TRUE
mastoid,ica,2,absolute,retained,cv,beta,frontal,67,0.3988859956113633,0.0017370277901010752,0.014492626712259614,TRUE
mastoid,ica,2,absolute,retained,cv,beta,parieto_occipital,67,0.6152183792277184,3.923468967917793e-6,2.843040381145552e-4,TRUE
mastoid,ica,2,absolute,retained,cv,theta,centro_temporal,67,0.4678377887338679,2.8841379628432245e-4,0.004168597918042549,TRUE
mastoid,ica,2,absolute,retained,cv,theta,frontal,67,0.287927484325897,0.021410257749491058,0.08307692827347428,FALSE
mastoid,ica,2,absolute,retained,cv,theta,parieto_occipital,67,0.37146176034240824,0.0033846021603750258,0.0228064700165305,TRUE
mastoid,ica,2,absolute,retained,mean,alpha,centro_temporal,67,0.03789878605726334,0.7573749852491711,0.8610414028672566,FALSE
mastoid,ica,2,absolute,retained,mean,alpha,frontal,67,0.25467445214035017,0.04097878438698777,0.13277126141384038,FALSE
mastoid,ica,2,absolute,retained,mean,alpha,parieto_occipital,67,-0.14299916423615905,0.24600946526485987,0.4354990863091573,FALSE
mastoid,ica,2,absolute,retained,mean,beta,centro_temporal,67,0.27540697242763684,0.02750205633987544,0.10030768766363575,FALSE
mastoid,ica,2,absolute,retained,mean,beta,frontal,67,0.31592808017904356,0.011924163803110649,0.054223565925724214,FALSE
mastoid,ica,2,absolute,retained,mean,beta,parieto_occipital,67,0.13038808493203946,0.28973723871059803,0.48347570133339274,FALSE
mastoid,ica,2,absolute,retained,mean,theta,centro_temporal,67,0.5909979699170255,8.234416158445164e-6,4.212553950530894e-4,TRUE
mastoid,ica,2,absolute,retained,mean,theta,frontal,67,0.4404374113120286,6.001048633716064e-4,0.007027734062616885,TRUE
mastoid,ica,2,absolute,retained,mean,theta,parieto_occipital,67,0.3420245616891416,0.006703241595216705,0.036348958608371756,TRUE
mastoid,ica,2,absolute,retained,sd,alpha,centro_temporal,67,0.07038318623479417,0.5664994695777124,0.7281156818902961,FALSE
mastoid,ica,2,absolute,retained,sd,alpha,frontal,67,0.35963683975861505,0.004472340230530592,0.028136664751299258,TRUE
mastoid,ica,2,absolute,retained,sd,alpha,parieto_occipital,67,-0.11120193066659535,0.36601509724290904,0.557846608420396,FALSE
mastoid,ica,2,absolute,retained,sd,beta,centro_temporal,67,0.500893720285094,1.1554198519954214e-4,0.002315604321937216,TRUE
mastoid,ica,2,absolute,retained,sd,beta,frontal,67,0.5005888998472134,1.1653770055140776e-4,0.0023235824602249916,TRUE
mastoid,ica,2,absolute,retained,sd,beta,parieto_occipital,67,0.48775866315054556,1.6683138312824572e-4,0.0030741252019081487,TRUE
mastoid,ica,2,absolute,retained,sd,theta,centro_temporal,67,0.5175728654559347,7.196468115345543e-5,0.0016556134930451759,TRUE
mastoid,ica,2,absolute,retained,sd,theta,frontal,67,0.39184244576440297,0.0020672269554394065,0.01611800231066285,TRUE
mastoid,ica,2,absolute,retained,sd,theta,parieto_occipital,67,0.28236564237788764,0.023950187340959207,0.09035339550156056,FALSE
mastoid,ica,2,rel_1_30,removed,cv,alpha,centro_temporal,67,0.3447347120121182,0.006303736802583836,0.03491300382969509,TRUE
mastoid,ica,2,rel_1_30,removed,cv,alpha,frontal,67,0.39024715093032764,0.002149786145188683,0.0164592191583602,TRUE
mastoid,ica,2,rel_1_30,removed,cv,alpha,parieto_occipital,67,0.33568151619024306,0.007730883516946153,0.03992993695022211,TRUE
mastoid,ica,2,rel_1_30,removed,cv,beta,centro_temporal,67,-0.011491495579512373,0.9253449272470511,0.9568460311533338,FALSE
mastoid,ica,2,rel_1_30,removed,cv,beta,frontal,67,0.1030455757594844,0.4020154237686352,0.5884924576854118,FALSE
mastoid,ica,2,rel_1_30,removed,cv,beta,parieto_occipital,67,0.006105333560474585,0.9602937940175988,0.9777995895060588,FALSE
mastoid,ica,2,rel_1_30,removed,cv,theta,centro_temporal,67,-0.2993975259204288,0.01691657885139453,0.06933688709634732,FALSE
mastoid,ica,2,rel_1_30,removed,cv,theta,frontal,67,0.02885306766968223,0.8140301859162448,0.8979974673986721,FALSE
mastoid,ica,2,rel_1_30,removed,cv,theta,parieto_occipital,67,-0.2132384340065022,0.08556368320063894,0.21915125183404754,FALSE
mastoid,ica,2,rel_1_30,removed,mean,alpha,centro_temporal,67,-0.23214578007664338,0.06177709788464593,0.1743136061501984,FALSE
mastoid,ica,2,rel_1_30,removed,mean,alpha,frontal,67,-0.1830451416188252,0.1388260689349554,0.3065052561153359,FALSE
mastoid,ica,2,rel_1_30,removed,mean,alpha,parieto_occipital,67,-0.16185881077303743,0.1897826598132242,0.36967684436563913,FALSE
mastoid,ica,2,rel_1_30,removed,mean,beta,centro_temporal,67,-0.016974615735597897,0.8899181122735353,0.9394519740753476,FALSE
mastoid,ica,2,rel_1_30,removed,mean,beta,frontal,67,-0.04054292913224625,0.7410479166766933,0.8509138511633147,FALSE
mastoid,ica,2,rel_1_30,removed,mean,beta,parieto_occipital,67,0.0035656199930826664,0.9768044358079107,0.9867019086570945,FALSE
mastoid,ica,2,rel_1_30,removed,mean,theta,centro_temporal,67,0.5998683901350265,6.285075613759097e-6,3.759442151737749e-4,TRUE
mastoid,ica,2,rel_1_30,removed,mean,theta,frontal,67,0.2552151024477123,0.04056513322171376,0.13209148908377144,FALSE
mastoid,ica,2,rel_1_30,removed,mean,theta,parieto_occipital,67,0.4142043979644288,0.0011822588253848007,0.011293912317189448,TRUE
mastoid,ica,2,rel_1_30,removed,sd,alpha,centro_temporal,67,0.12107128598184447,0.3252995257018201,0.5178696017042566,FALSE
mastoid,ica,2,rel_1_30,removed,sd,alpha,frontal,67,0.1452314042109403,0.23878978365053874,0.42744690554019094,FALSE
mastoid,ica,2,rel_1_30,removed,sd,alpha,parieto_occipital,67,0.1803263319143254,0.14468991206452753,0.31427465597957266,FALSE
mastoid,ica,2,rel_1_30,removed,sd,beta,centro_temporal,67,0.007823750549241774,0.9491318191193853,0.9705582670222974,FALSE
mastoid,ica,2,rel_1_30,removed,sd,beta,frontal,67,0.1009832047962231,0.41145170474053994,0.5978042705647306,FALSE
mastoid,ica,2,rel_1_30,removed,sd,beta,parieto_occipital,67,0.0652052824673877,0.5953226178669396,0.748339585601895,FALSE
mastoid,ica,2,rel_1_30,removed,sd,theta,centro_temporal,67,0.5304791160063338,4.963392071023715e-5,0.001340115859176403,TRUE
mastoid,ica,2,rel_1_30,removed,sd,theta,frontal,67,0.4203316335630124,0.0010112433265130258,0.010055534663638477,TRUE
mastoid,ica,2,rel_1_30,removed,sd,theta,parieto_occipital,67,0.5549659891296898,2.4244393791161094e-5,9.241392456866111e-4,TRUE
mastoid,ica,2,rel_1_30,retained,cv,alpha,centro_temporal,67,0.29779817329413744,0.01748763091822791,0.07134513012599174,FALSE
mastoid,ica,2,rel_1_30,retained,cv,alpha,frontal,67,0.32548521888384097,0.009688835484735784,0.046911821126591195,TRUE
mastoid,ica,2,rel_1_30,retained,cv,alpha,parieto_occipital,67,0.35270053145550573,0.005252947819507663,0.030851149731489114,TRUE
mastoid,ica,2,rel_1_30,retained,cv,beta,centro_temporal,67,0.35479889771956225,0.005004437409497148,0.03011958614260822,TRUE
mastoid,ica,2,rel_1_30,retained,cv,beta,frontal,67,0.26250288416204776,0.03533296325476364,0.12008265833437155,FALSE
mastoid,ica,2,rel_1_30,retained,cv,beta,parieto_occipital,67,0.22957706849868018,0.06463774415344321,0.17963656130706734,FALSE
mastoid,ica,2,rel_1_30,retained,cv,theta,centro_temporal,67,0.4798150701905176,2.0782585132487618e-4,0.0034505427632893436,TRUE
mastoid,ica,2,rel_1_30,retained,cv,theta,frontal,67,0.49749122641192084,1.2713719201456537e-4,0.002480875652138845,TRUE
mastoid,ica,2,rel_1_30,retained,cv,theta,parieto_occipital,67,0.3726284223696377,0.0032918321219259747,0.02233620120427258,TRUE
mastoid,ica,2,rel_1_30,retained,mean,alpha,centro_temporal,67,-0.27960578340051695,0.02530709149423847,0.09424709935785361,FALSE
mastoid,ica,2,rel_1_30,retained,mean,alpha,frontal,67,-0.21756591094262187,0.07953815749682334,0.20880780307066116,FALSE
mastoid,ica,2,rel_1_30,retained,mean,alpha,parieto_occipital,67,-0.2133869430372549,0.0853508166652647,0.21903892752115456,FALSE
mastoid,ica,2,rel_1_30,retained,mean,beta,centro_temporal,67,-0.11620994902433902,0.3449635268112411,0.5375283868040247,FALSE
mastoid,ica,2,rel_1_30,retained,mean,beta,frontal,67,-0.037159935402011755,0.7619574751735103,0.8631544845193958,FALSE
mastoid,ica,2,rel_1_30,retained,mean,beta,parieto_occipital,67,-0.18838138929770024,0.1278627147550258,0.28902920637647694,FALSE
mastoid,ica,2,rel_1_30,retained,mean,theta,centro_temporal,67,0.423232592624149,9.387047668144987e-4,0.009579223447177876,TRUE
mastoid,ica,2,rel_1_30,retained,mean,theta,frontal,67,0.12943805084790783,0.2932360105006306,0.4878483563656191,FALSE
mastoid,ica,2,rel_1_30,retained,mean,theta,parieto_occipital,67,0.2892116553716478,0.020859049191439633,0.08167168505167904,FALSE
mastoid,ica,2,rel_1_30,retained,sd,alpha,centro_temporal,67,-0.05683747342376121,0.6432947772207445,0.7830714132229977,FALSE
mastoid,ica,2,rel_1_30,retained,sd,alpha,frontal,67,0.0028087370179188265,0.9817272163527349,0.9893549893245127,FALSE
mastoid,ica,2,rel_1_30,retained,sd,alpha,parieto_occipital,67,0.020285746647083176,0.8686283711260343,0.9273747749888487,FALSE
mastoid,ica,2,rel_1_30,retained,sd,beta,centro_temporal,67,0.22511862258472498,0.06986825850218253,0.19021804650336194,FALSE
mastoid,ica,2,rel_1_30,retained,sd,beta,frontal,67,0.224954727026428,0.07006712007352928,0.19046396593958445,FALSE
mastoid,ica,2,rel_1_30,retained,sd,beta,parieto_occipital,67,0.05820043532448114,0.635369159863218,0.7770730712639796,FALSE
mastoid,ica,2,rel_1_30,retained,sd,theta,centro_temporal,67,0.6473595482408497,1.44213327459628e-6,1.825149995169217e-4,TRUE
mastoid,ica,2,rel_1_30,retained,sd,theta,frontal,67,0.46891669091246735,2.8007511231720194e-4,0.004078397141158357,TRUE
mastoid,ica,2,rel_1_30,retained,sd,theta,parieto_occipital,67,0.5897473731542513,8.552963801723411e-6,4.318691332610471e-4,TRUE
mastoid,ica,2,rel_4_30,removed,cv,alpha,centro_temporal,67,0.34763748794775873,0.005900234277587607,0.033440394856065044,TRUE
mastoid,ica,2,rel_4_30,removed,cv,alpha,frontal,67,0.37734517808308343,0.002940394864917113,0.020760499771752348,TRUE
mastoid,ica,2,rel_4_30,removed,cv,alpha,parieto_occipital,67,0.3440942213659144,0.0063961230958122,0.03521190700543268,TRUE
mastoid,ica,2,rel_4_30,removed,cv,beta,centro_temporal,67,0.038797494611328184,0.7518127774095222,0.8580217252929497,FALSE
mastoid,ica,2,rel_4_30,removed,cv,beta,frontal,67,0.15245607238861664,0.21647451140272975,0.40136046749347315,FALSE
mastoid,ica,2,rel_4_30,removed,cv,beta,parieto_occipital,67,0.024887039570534546,0.8392075559776796,0.9116621898969596,FALSE
mastoid,ica,2,rel_4_30,removed,cv,theta,centro_temporal,67,-0.32130053076217957,0.01061588854985569,0.05015614645139661,FALSE
mastoid,ica,2,rel_4_30,removed,cv,theta,frontal,67,0.013638571515981107,0.9114504352263295,0.950568479656644,FALSE
mastoid,ica,2,rel_4_30,removed,cv,theta,parieto_occipital,67,-0.2263524215157699,0.0683863964140561,0.18684912808000712,FALSE
mastoid,ica,2,rel_4_30,removed,mean,alpha,centro_temporal,67,-0.23946031309284693,0.05421211295201045,0.15992161999803992,FALSE
mastoid,ica,2,rel_4_30,removed,mean,alpha,frontal,67,-0.18402869519516143,0.13675147226008588,0.30278458094943844,FALSE
mastoid,ica,2,rel_4_30,removed,mean,alpha,parieto_occipital,67,-0.18529581106023926,0.13411491663276182,0.2988592022601295,FALSE
mastoid,ica,2,rel_4_30,removed,mean,beta,centro_temporal,67,0.015386055978449146,0.9001620479135708,0.9440472476292019,FALSE
mastoid,ica,2,rel_4_30,removed,mean,beta,frontal,67,0.0318427063304966,0.7951787341048622,0.887896300459421,FALSE
mastoid,ica,2,rel_4_30,removed,mean,beta,parieto_occipital,67,-3.867146412519368e-4,0.9974839321425264,0.9979973052419308,FALSE
mastoid,ica,2,rel_4_30,removed,mean,theta,centro_temporal,67,0.6033000323181633,5.658955842462871e-6,3.492384177062801e-4,TRUE
mastoid,ica,2,rel_4_30,removed,mean,theta,frontal,67,0.26428169255564626,0.034149055000393544,0.11728933378227041,FALSE
mastoid,ica,2,rel_4_30,removed,mean,theta,parieto_occipital,67,0.42917307786899267,8.052599953965102e-4,0.00873540140455394,TRUE
mastoid,ica,2,rel_4_30,removed,sd,alpha,centro_temporal,67,0.1429833936512991,0.24606102265659707,0.4354990863091573,FALSE
mastoid,ica,2,rel_4_30,removed,sd,alpha,frontal,67,0.16376688962210129,0.18468228271050563,0.3652702632140246,FALSE
mastoid,ica,2,rel_4_30,removed,sd,alpha,parieto_occipital,67,0.18438092123947253,0.1360145041380279,0.3016682213854264,FALSE
mastoid,ica,2,rel_4_30,removed,sd,beta,centro_temporal,67,0.12320264298313822,0.31691805504895393,0.5103742070958757,FALSE
mastoid,ica,2,rel_4_30,removed,sd,beta,frontal,67,0.2229063653595901,0.07259280670389084,0.19491770197840305,FALSE
mastoid,ica,2,rel_4_30,removed,sd,beta,parieto_occipital,67,0.08674063747355548,0.4802035871079886,0.654936339038558,FALSE
mastoid,ica,2,rel_4_30,removed,sd,theta,centro_temporal,67,0.5273226850745389,5.4376608946571054e-5,0.0014189010441897198,TRUE
mastoid,ica,2,rel_4_30,removed,sd,theta,frontal,67,0.4308455687465883,7.710675367310812e-4,0.00844481854312801,TRUE
mastoid,ica,2,rel_4_30,removed,sd,theta,parieto_occipital,67,0.5453054398598373,3.2221100116701905e-5,0.001026849485686369,TRUE
mastoid,ica,2,rel_4_30,retained,cv,alpha,centro_temporal,67,0.3328275144764901,0.0082387835487721,0.041654603950098734,TRUE
mastoid,ica,2,rel_4_30,retained,cv,alpha,frontal,67,0.4075554371406857,0.0013985951248691934,0.01255828601730121,TRUE
mastoid,ica,2,rel_4_30,retained,cv,alpha,parieto_occipital,67,0.33180035945226277,0.008428926936671265,0.04228602313519726,TRUE
mastoid,ica,2,rel_4_30,retained,cv,beta,centro_temporal,67,0.2544592467553485,0.04114445221176533,0.13297558620061814,FALSE
mastoid,ica,2,rel_4_30,retained,cv,beta,frontal,67,0.21730451537319184,0.07989183346563537,0.20945343797329086,FALSE
mastoid,ica,2,rel_4_30,retained,cv,beta,parieto_occipital,67,0.13373441582340742,0.2776430024523191,0.4715579582216795,FALSE
mastoid,ica,2,rel_4_30,retained,cv,theta,centro_temporal,67,0.3192484245514148,0.011099372638684763,0.05150823239669238,FALSE
mastoid,ica,2,rel_4_30,retained,cv,theta,frontal,67,0.28175940093978313,0.024242593241236746,0.09111361743378714,FALSE
mastoid,ica,2,rel_4_30,retained,cv,theta,parieto_occipital,67,0.3512346938405156,0.005433259040698009,0.03167093125972093,TRUE
mastoid,ica,2,rel_4_30,retained,mean,alpha,centro_temporal,67,-0.2399861903589541,0.05370007594369784,0.15875301365928485,FALSE
mastoid,ica,2,rel_4_30,retained,mean,alpha,frontal,67,-0.17669785329494006,0.15281598263310214,0.32467133359426287,FALSE
mastoid,ica,2,rel_4_30,retained,mean,alpha,parieto_occipital,67,-0.15428993833236115,0.2110624415639085,0.39700569559771465,FALSE
mastoid,ica,2,rel_4_30,retained,mean,beta,centro_temporal,67,-0.1109389236254873,0.36714288597381073,0.5586894484016345,FALSE
mastoid,ica,2,rel_4_30,retained,mean,beta,frontal,67,0.002860640489256526,0.9813896103229953,0.9893549893245127,FALSE
mastoid,ica,2,rel_4_30,retained,mean,beta,parieto_occipital,67,-0.1793933657725957,0.14674625968630103,0.3166201207882011,FALSE
mastoid,ica,2,rel_4_30,retained,mean,theta,centro_temporal,67,0.42518603196832777,8.92666767321064e-4,0.009255169043584791,TRUE
mastoid,ica,2,rel_4_30,retained,mean,theta,frontal,67,0.14343582141198133,0.2445850156940471,0.4340239803826814,FALSE
mastoid,ica,2,rel_4_30,retained,mean,theta,parieto_occipital,67,0.4100829029333244,0.001312294717771931,0.012119244329447191,TRUE
mastoid,ica,2,rel_4_30,retained,sd,alpha,centro_temporal,67,0.04764698861070023,0.6977868842272189,0.8208760683435482,FALSE
mastoid,ica,2,rel_4_30,retained,sd,alpha,frontal,67,0.1286221589561178,0.29626382523727623,0.49036771073756064,FALSE
mastoid,ica,2,rel_4_30,retained,sd,alpha,parieto_occipital,67,0.0400569532800313,0.744040043853487,0.8533415016231144,FALSE
mastoid,ica,2,rel_4_30,retained,sd,beta,centro_temporal,67,0.21496211476907157,0.08311987501155257,0.21487371944475825,FALSE
mastoid,ica,2,rel_4_30,retained,sd,beta,frontal,67,0.29645269200769064,0.01798136101022678,0.07291394127807335,FALSE
mastoid,ica,2,rel_4_30,retained,sd,beta,parieto_occipital,67,0.025447128930377313,0.8356410921930976,0.9091230795481137,FALSE
mastoid,ica,2,rel_4_30,retained,sd,theta,centro_temporal,67,0.5657937602225396,1.757982168580676e-5,7.199528126442537e-4,TRUE
mastoid,ica,2,rel_4_30,retained,sd,theta,frontal,67,0.3722372910357092,0.0033226666735039403,0.02250614638777582,TRUE
mastoid,ica,2,rel_4_30,retained,sd,theta,parieto_occipital,67,0.5723846970775667,1.4436693184254084e-5,6.526728267486033e-4,TRUE
mastoid,ica,4,absolute,removed,cv,alpha,centro_temporal,64,0.22410689427108213,0.07779679301412164,0.205764579074085,FALSE
mastoid,ica,4,absolute,removed,cv,alpha,frontal,64,0.3831149340075125,0.0032037446562055414,0.02200734845110803,TRUE
mastoid,ica,4,absolute,removed,cv,alpha,parieto_occipital,64,0.2591033634274486,0.04228498273234312,0.1354234043355437,FALSE
mastoid,ica,4,absolute,removed,cv,beta,centro_temporal,64,-0.07987999596325315,0.5251136322313397,0.6930216572014422,FALSE
mastoid,ica,4,absolute,removed,cv,beta,frontal,64,0.18620972151159393,0.141298550699485,0.30898130771630916,FALSE
mastoid,ica,4,absolute,removed,cv,beta,parieto_occipital,64,-0.0013529357083870205,0.9913984785749456,0.9942038121973134,FALSE
mastoid,ica,4,absolute,removed,cv,theta,centro_temporal,64,-0.04430464121959491,0.7241949660457054,0.8381081575380124,FALSE
mastoid,ica,4,absolute,removed,cv,theta,frontal,64,0.031598227634389235,0.8012567189686198,0.8910592482212544,FALSE
mastoid,ica,4,absolute,removed,cv,theta,parieto_occipital,64,-0.14996059171704937,0.234754140896955,0.4231451552189898,FALSE
mastoid,ica,4,absolute,removed,mean,alpha,centro_temporal,64,-0.18238208956832702,0.1495176815625881,0.31954411362651103,FALSE
mastoid,ica,4,absolute,removed,mean,alpha,frontal,64,-0.14885922140222418,0.23817078822847376,0.42673180858631615,FALSE
mastoid,ica,4,absolute,removed,mean,alpha,parieto_occipital,64,-0.08969542146290597,0.4756788993065717,0.652298853029027,FALSE
mastoid,ica,4,absolute,removed,mean,beta,centro_temporal,64,0.08461641278133422,0.5009276457385936,0.6735638341870532,FALSE
mastoid,ica,4,absolute,removed,mean,beta,frontal,64,0.01082496967480472,0.9312643144619932,0.9590520362435372,FALSE
mastoid,ica,4,absolute,removed,mean,beta,parieto_occipital,64,-0.04073251425537916,0.7456101044442531,0.8538827941323287,FALSE
mastoid,ica,4,absolute,removed,mean,theta,centro_temporal,64,0.6843743473903656,8.107221429479062e-7,1.612669420976097e-4,TRUE
mastoid,ica,4,absolute,removed,mean,theta,frontal,64,0.29728147809598765,0.020440028531929652,0.08051755920176544,FALSE
mastoid,ica,4,absolute,removed,mean,theta,parieto_occipital,64,0.4708213133284242,3.6649990651555853e-4,0.004964988280601016,TRUE
mastoid,ica,4,absolute,removed,sd,alpha,centro_temporal,64,0.0811615204117383,0.5185097822982323,0.6882779220128122,FALSE
mastoid,ica,4,absolute,removed,sd,alpha,frontal,64,0.10655418834850493,0.39720259599092755,0.5847390252746101,FALSE
mastoid,ica,4,absolute,removed,sd,alpha,parieto_occipital,64,0.1673442737970236,0.18546170553415184,0.3658622484930198,FALSE
mastoid,ica,4,absolute,removed,sd,beta,centro_temporal,64,-6.473499741192664e-4,0.9958842982745386,0.9971666628100454,FALSE
mastoid,ica,4,absolute,removed,sd,beta,frontal,64,0.11999076263195875,0.34076212763631175,0.5337965963940291,FALSE
mastoid,ica,4,absolute,removed,sd,beta,parieto_occipital,64,-0.010651730046868708,0.9323616161659851,0.9597622355449695,FALSE
mastoid,ica,4,absolute,removed,sd,theta,centro_temporal,64,0.739432091915767,1.4773260066771808e-7,1.612669420976097e-4,TRUE
mastoid,ica,4,absolute,removed,sd,theta,frontal,64,0.4092206697717052,0.0017258032224381078,0.014461040794912419,TRUE
mastoid,ica,4,absolute,removed,sd,theta,parieto_occipital,64,0.6662574275593152,1.4078261665062844e-6,1.825149995169217e-4,TRUE
mastoid,ica,4,absolute,retained,cv,alpha,centro_temporal,64,0.05517775494315049,0.6604188450994957,0.7952023752700028,FALSE
mastoid,ica,4,absolute,retained,cv,alpha,frontal,64,0.1910876949900961,0.13134417920591546,0.29423062929293514,FALSE
mastoid,ica,4,absolute,retained,cv,alpha,parieto_occipital,64,0.057854407439892896,0.6450772253184955,0.7845043015446702,FALSE
mastoid,ica,4,absolute,retained,cv,beta,centro_temporal,64,0.37632149915867336,0.0037483553484921497,0.024534689553766798,TRUE
mastoid,ica,4,absolute,retained,cv,beta,frontal,64,0.40682276703238474,0.0018285210622798127,0.014841941315540527,TRUE
mastoid,ica,4,absolute,retained,cv,beta,parieto_occipital,64,0.463562811983416,4.4261463724563465e-4,0.005623809508532769,TRUE
mastoid,ica,4,absolute,retained,cv,theta,centro_temporal,64,0.46546437032429344,4.213293085273143e-4,0.0053885801037967035,TRUE
mastoid,ica,4,absolute,retained,cv,theta,frontal,64,0.2930833335153812,0.02220906525136421,0.08524071638430805,FALSE
mastoid,ica,4,absolute,retained,cv,theta,parieto_occipital,64,0.40853687990804916,0.0017545268674618983,0.014560854224510582,TRUE
mastoid,ica,4,absolute,retained,mean,alpha,centro_temporal,64,0.0337954195206248,0.7877644709080662,0.882913883796645,FALSE
mastoid,ica,4,absolute,retained,mean,alpha,frontal,64,0.22798013641866546,0.07291984657063386,0.19552576790801687,FALSE
mastoid,ica,4,absolute,retained,mean,alpha,parieto_occipital,64,-0.12631157251034336,0.31612469802772264,0.5103742070958757,FALSE
mastoid,ica,4,absolute,retained,mean,beta,centro_temporal,64,0.27522948280755816,0.03134621646498562,0.10969765041931963,FALSE
mastoid,ica,4,absolute,retained,mean,beta,frontal,64,0.271019153574487,0.033931630330711844,0.11674883073080322,FALSE
mastoid,ica,4,absolute,retained,mean,beta,parieto_occipital,64,0.12356881789349526,0.3266646855928055,0.5194569724273324,FALSE
mastoid,ica,4,absolute,retained,mean,theta,centro_temporal,64,0.6564456681274883,1.8945188337104595e-6,1.8414723063665667e-4,TRUE
mastoid,ica,4,absolute,retained,mean,theta,frontal,64,0.44142456984155415,7.79306514711695e-4,0.008511077891008623,TRUE
mastoid,ica,4,absolute,retained,mean,theta,parieto_occipital,64,0.38732999263112433,0.0029039419971227027,0.020640816242802684,TRUE
mastoid,ica,4,absolute,retained,sd,alpha,centro_temporal,64,0.017992588986553794,0.8860067371589659,0.9363398189926773,FALSE
mastoid,ica,4,absolute,retained,sd,alpha,frontal,64,0.28556256308212474,0.025721483550403434,0.09551588160837493,FALSE
mastoid,ica,4,absolute,retained,sd,alpha,parieto_occipital,64,-0.12278329538248364,0.3297259158740137,0.522614904573243,FALSE
mastoid,ica,4,absolute,retained,sd,beta,centro_temporal,64,0.5484044882638609,4.4569437362414005e-5,0.0012648611128836908,TRUE
mastoid,ica,4,absolute,retained,sd,beta,frontal,64,0.408085368314651,0.001773739324385097,0.014672975517466505,TRUE
mastoid,ica,4,absolute,retained,sd,beta,parieto_occipital,64,0.446745793083125,6.811687549031879e-4,0.007721236498727682,TRUE
mastoid,ica,4,absolute,retained,sd,theta,centro_temporal,64,0.5745448525691047,2.1200938669811808e-5,8.497860778167867e-4,TRUE
mastoid,ica,4,absolute,retained,sd,theta,frontal,64,0.3572933874753168,0.005765941304180821,0.032948599417338076,TRUE
mastoid,ica,4,absolute,retained,sd,theta,parieto_occipital,64,0.3154534674850088,0.01414953197583861,0.06140368671601034,FALSE
mastoid,ica,4,rel_1_30,removed,cv,alpha,centro_temporal,64,0.26812096339158603,0.035818054774246474,0.12120156393583141,FALSE
mastoid,ica,4,rel_1_30,removed,cv,alpha,frontal,64,0.38411922353882405,0.0031297993126848905,0.0216524194443396,TRUE
mastoid,ica,4,rel_1_30,removed,cv,alpha,parieto_occipital,64,0.278814755027385,0.02928271271304221,0.10483534717155445,FALSE
mastoid,ica,4,rel_1_30,removed,cv,beta,centro_temporal,64,-8.369382559996921e-4,0.9946789559611066,0.9962163268358534,FALSE
mastoid,ica,4,rel_1_30,removed,cv,beta,frontal,64,0.060589681555933604,0.629557878225243,0.7723954025054417,FALSE
mastoid,ica,4,rel_1_30,removed,cv,beta,parieto_occipital,64,0.03856865846998883,0.7586824018093532,0.8615826518116985,FALSE
mastoid,ica,4,rel_1_30,removed,cv,theta,centro_temporal,64,-0.09797307744524386,0.4361034054758015,0.6174690606299768,FALSE
mastoid,ica,4,rel_1_30,removed,cv,theta,frontal,64,-0.012893509982034488,0.918173089264166,0.9543798360581114,FALSE
mastoid,ica,4,rel_1_30,removed,cv,theta,parieto_occipital,64,-0.16646384459530264,0.18775351644642368,0.36765801321270686,FALSE
mastoid,ica,4,rel_1_30,removed,mean,alpha,centro_temporal,64,-0.24052309531974916,0.05885110706516368,0.1690938932707265,FALSE
mastoid,ica,4,rel_1_30,removed,mean,alpha,frontal,64,-0.1736253153467349,0.1697226442046997,0.346992299983909,FALSE
mastoid,ica,4,rel_1_30,removed,mean,alpha,parieto_occipital,64,-0.13396047801537905,0.28795039084384577,0.48240853063616085,FALSE
mastoid,ica,4,rel_1_30,removed,mean,beta,centro_temporal,64,-0.020325999070632622,0.8713475429256172,0.9273747749888487,FALSE
mastoid,ica,4,rel_1_30,removed,mean,beta,frontal,64,-0.0505586640695198,0.6872375789079495,0.8131405072410551,FALSE
mastoid,ica,4,rel_1_30,removed,mean,beta,parieto_occipital,64,-0.0450757226357385,0.7196004661260231,0.8362495922638243,FALSE
mastoid,ica,4,rel_1_30,removed,mean,theta,centro_temporal,64,0.6117787991216119,7.179208811739362e-6,3.9632025275658256e-4,TRUE
mastoid,ica,4,rel_1_30,removed,mean,theta,frontal,64,0.2952067949626194,0.021297908643613965,0.0829502458209228,FALSE
mastoid,ica,4,rel_1_30,removed,mean,theta,parieto_occipital,64,0.5015681033031862,1.6205878635241092e-4,0.003024406433072847,TRUE
mastoid,ica,4,rel_1_30,removed,sd,alpha,centro_temporal,64,0.15488498149263588,0.21991240358843936,0.4052224763752854,FALSE
mastoid,ica,4,rel_1_30,removed,sd,alpha,frontal,64,0.17755605821359535,0.16040751368517353,0.33472965597556437,FALSE
mastoid,ica,4,rel_1_30,removed,sd,alpha,parieto_occipital,64,0.18428917045623625,0.1453770331709527,0.31427465597957266,FALSE
mastoid,ica,4,rel_1_30,removed,sd,beta,centro_temporal,64,0.023975558626723792,0.8485122461754855,0.9168756289001926,FALSE
mastoid,ica,4,rel_1_30,removed,sd,beta,frontal,64,0.04781720142715337,0.7033501817457348,0.8254227306451606,FALSE
mastoid,ica,4,rel_1_30,removed,sd,beta,parieto_occipital,64,0.03285970476424343,0.7935026862431532,0.8865340356647643,FALSE
mastoid,ica,4,rel_1_30,removed,sd,theta,centro_temporal,64,0.6587926480765872,1.7648621639250306e-6,1.825149995169217e-4,TRUE
mastoid,ica,4,rel_1_30,removed,sd,theta,frontal,64,0.36407842480820335,0.004952852010757403,0.029954818364821854,TRUE
mastoid,ica,4,rel_1_30,removed,sd,theta,parieto_occipital,64,0.5236537795623478,8.876973287866504e-5,0.001896355612265108,TRUE
mastoid,ica,4,rel_1_30,retained,cv,alpha,centro_temporal,64,0.23006329335982123,0.07040453921712042,0.19048910819496465,FALSE
mastoid,ica,4,rel_1_30,retained,cv,alpha,frontal,64,0.274605800450027,0.03171793677848239,0.11060030331366776,FALSE
mastoid,ica,4,rel_1_30,retained,cv,alpha,parieto_occipital,64,0.2576774236135679,0.04339519903981743,0.13829551956295916,FALSE
mastoid,ica,4,rel_1_30,retained,cv,beta,centro_temporal,64,0.282772206915527,0.027144814148808337,0.0996591476964748,FALSE
mastoid,ica,4,rel_1_30,retained,cv,beta,frontal,64,0.19895503130703968,0.11647131234433948,0.27367178721040486,FALSE
mastoid,ica,4,rel_1_30,retained,cv,beta,parieto_occipital,64,0.16025940084403073,0.2045141804659293,0.3890353108789643,FALSE
mastoid,ica,4,rel_1_30,retained,cv,theta,centro_temporal,64,0.48131174647691555,2.782620003720308e-4,0.004067228035512992,TRUE
mastoid,ica,4,rel_1_30,retained,cv,theta,frontal,64,0.41692148236028376,0.0014314656795511437,0.012794341522057119,TRUE
mastoid,ica,4,rel_1_30,retained,cv,theta,parieto_occipital,64,0.42921402047988866,0.001057704193155098,0.01025524664086539,TRUE
mastoid,ica,4,rel_1_30,retained,mean,alpha,centro_temporal,64,-0.29255829378712045,0.02243964003733614,0.08587137841059342,FALSE
mastoid,ica,4,rel_1_30,retained,mean,alpha,frontal,64,-0.2091709391109505,0.09921380831888908,0.24368885105503746,FALSE
mastoid,ica,4,rel_1_30,retained,mean,alpha,parieto_occipital,64,-0.18675441848930077,0.14015837079790008,0.3080473406796131,FALSE
mastoid,ica,4,rel_1_30,retained,mean,beta,centro_temporal,64,-0.1146105093132611,0.36270005231559954,0.554751299529131,FALSE
mastoid,ica,4,rel_1_30,retained,mean,beta,frontal,64,-0.05930659651484703,0.6368175344674218,0.777621411435093,FALSE
mastoid,ica,4,rel_1_30,retained,mean,beta,parieto_occipital,64,-0.19548309567153724,0.12285901630061641,0.28101828701035136,FALSE
mastoid,ica,4,rel_1_30,retained,mean,theta,centro_temporal,64,0.4665913504434037,4.091799017598015e-4,0.005285353681203017,TRUE
mastoid,ica,4,rel_1_30,retained,mean,theta,frontal,64,0.18870294174591645,0.1361388959795808,0.30177196554652796,FALSE
mastoid,ica,4,rel_1_30,retained,mean,theta,parieto_occipital,64,0.29382462686569844,0.021887113312105716,0.08433805407082956,FALSE
mastoid,ica,4,rel_1_30,retained,sd,alpha,centro_temporal,64,-0.05050667626022425,0.6875418101773363,0.8132529838665906,FALSE
mastoid,ica,4,rel_1_30,retained,sd,alpha,frontal,64,0.021741363509872505,0.86247745154776,0.9250516776876389,FALSE
mastoid,ica,4,rel_1_30,retained,sd,alpha,parieto_occipital,64,0.020384307994046957,0.8709817852662711,0.9273747749888487,FALSE
mastoid,ica,4,rel_1_30,retained,sd,beta,centro_temporal,64,0.11892285805676345,0.34504585947094113,0.5375283868040247,FALSE
mastoid,ica,4,rel_1_30,retained,sd,beta,frontal,64,0.18440250515646398,0.14513381981179468,0.31427465597957266,FALSE
mastoid,ica,4,rel_1_30,retained,sd,beta,parieto_occipital,64,-0.04531676835622674,0.7181663078131306,0.8362475605802492,FALSE
mastoid,ica,4,rel_1_30,retained,sd,theta,centro_temporal,64,0.683623139775667,8.295624593498441e-7,1.612669420976097e-4,TRUE
mastoid,ica,4,rel_1_30,retained,sd,theta,frontal,64,0.501215988211078,1.6360453162332376e-4,0.0030290210426261086,TRUE
mastoid,ica,4,rel_1_30,retained,sd,theta,parieto_occipital,64,0.5895827730593215,1.3735776679694639e-5,6.410445425136942e-4,TRUE
mastoid,ica,4,rel_4_30,removed,cv,alpha,centro_temporal,64,0.260987341806461,0.04085592839504175,0.13248361100910955,FALSE
mastoid,ica,4,rel_4_30,removed,cv,alpha,frontal,64,0.3577036563538371,0.005713471448846273,0.03290959554535453,TRUE
mastoid,ica,4,rel_4_30,removed,cv,alpha,parieto_occipital,64,0.2927476507494612,0.022356238118672326,0.08572096036035307,FALSE
mastoid,ica,4,rel_4_30,removed,cv,beta,centro_temporal,64,0.05138025493021509,0.682436564706572,0.808407057399581,FALSE
mastoid,ica,4,rel_4_30,removed,cv,beta,frontal,64,0.17000583134391228,0.17866232660994646,0.3573289605875876,FALSE
mastoid,ica,4,rel_4_30,removed,cv,beta,parieto_occipital,64,0.04797739117729618,0.7024048369266112,0.8248112370796329,FALSE
mastoid,ica,4,rel_4_30,removed,cv,theta,centro_temporal,64,-0.12399028474678214,0.32503002051090246,0.5178696017042566,FALSE
mastoid,ica,4,rel_4_30,removed,cv,theta,frontal,64,-0.02388355729939154,0.849086387559672,0.9168756289001926,FALSE
mastoid,ica,4,rel_4_30,removed,cv,theta,parieto_occipital,64,-0.17406368993213903,0.16866364025516,0.3464323113612513,FALSE
mastoid,ica,4,rel_4_30,removed,mean,alpha,centro_temporal,64,-0.24392125981768786,0.05546262051509586,0.16250088060489276,FALSE
mastoid,ica,4,rel_4_30,removed,mean,alpha,frontal,64,-0.1771279940417451,0.16140233913387758,0.3357583170425447,FALSE
mastoid,ica,4,rel_4_30,removed,mean,alpha,parieto_occipital,64,-0.15800176673263716,0.21088185643973095,0.39685801444224295,FALSE
mastoid,ica,4,rel_4_30,removed,mean,beta,centro_temporal,64,0.021433217265028406,0.8644071342570167,0.926610129029854,FALSE
mastoid,ica,4,rel_4_30,removed,mean,beta,frontal,64,0.010977656895267567,0.9302973027648184,0.9586650419742428,FALSE
mastoid,ica,4,rel_4_30,removed,mean,beta,parieto_occipital,64,-0.038373487101069165,0.759865017109613,0.8620820503420412,FALSE
mastoid,ica,4,rel_4_30,removed,mean,theta,centro_temporal,64,0.6104168048767296,7.472799940839139e-6,3.980033721915421e-4,TRUE
mastoid,ica,4,rel_4_30,removed,mean,theta,frontal,64,0.29813713073545894,0.020095298161903564,0.07948170829448735,FALSE
mastoid,ica,4,rel_4_30,removed,mean,theta,parieto_occipital,64,0.5154637312269493,1.1113236107637145e-4,0.0022504303117965216,TRUE
mastoid,ica,4,rel_4_30,removed,sd,alpha,centro_temporal,64,0.16723326269793218,0.18574950168942167,0.3658622484930198,FALSE
mastoid,ica,4,rel_4_30,removed,sd,alpha,frontal,64,0.17501853020127572,0.16637456574135434,0.34298213764707614,FALSE
mastoid,ica,4,rel_4_30,removed,sd,alpha,parieto_occipital,64,0.19890362184360547,0.11656390936739466,0.27367178721040486,FALSE
mastoid,ica,4,rel_4_30,removed,sd,beta,centro_temporal,64,0.12618054178750107,0.3166229719287227,0.5103742070958757,FALSE
mastoid,ica,4,rel_4_30,removed,sd,beta,frontal,64,0.21042801987135318,0.0972425232556481,0.24066131789812847,FALSE
mastoid,ica,4,rel_4_30,removed,sd,beta,parieto_occipital,64,0.03248775321982176,0.7957868598250752,0.888229372154385,FALSE
mastoid,ica,4,rel_4_30,removed,sd,theta,centro_temporal,64,0.6666440781041856,1.3914092788742904e-6,1.825149995169217e-4,TRUE
mastoid,ica,4,rel_4_30,removed,sd,theta,frontal,64,0.3715803069613647,0.004178216841258579,0.026806777357777815,TRUE
mastoid,ica,4,rel_4_30,removed,sd,theta,parieto_occipital,64,0.5194546570079008,9.962885034577405e-5,0.0021052009246976602,TRUE
mastoid,ica,4,rel_4_30,retained,cv,alpha,centro_temporal,64,0.23512095969619268,0.06459952244301523,0.17963656130706734,FALSE
mastoid,ica,4,rel_4_30,retained,cv,alpha,frontal,64,0.31096905665022856,0.015513703813021192,0.06586783563363562,FALSE
mastoid,ica,4,rel_4_30,retained,cv,alpha,parieto_occipital,64,0.20678909318808258,0.10303839146940347,0.25116819187024497,FALSE
mastoid,ica,4,rel_4_30,retained,cv,beta,centro_temporal,64,0.14037805193665823,0.2656886323098945,0.4587022213236544,FALSE
mastoid,ica,4,rel_4_30,retained,cv,beta,frontal,64,0.17484138492609178,0.1667974261227241,0.3434896148120505,FALSE
mastoid,ica,4,rel_4_30,retained,cv,beta,parieto_occipital,64,0.04074387489299374,0.7455416661941102,0.8538827941323287,FALSE
mastoid,ica,4,rel_4_30,retained,cv,theta,centro_temporal,64,0.34117371332707896,0.008215466717554206,0.04159080025761817,TRUE
mastoid,ica,4,rel_4_30,retained,cv,theta,frontal,64,0.29495612565371454,0.021403704965154032,0.08307692827347428,FALSE
mastoid,ica,4,rel_4_30,retained,cv,theta,parieto_occipital,64,0.44392132863602024,7.316939827844843e-4,0.008058997748062536,TRUE
mastoid,ica,4,rel_4_30,retained,mean,alpha,centro_temporal,64,-0.2549445145288436,0.04559360518400628,0.14365310936419481,FALSE
mastoid,ica,4,rel_4_30,retained,mean,alpha,frontal,64,-0.18661542458017252,0.1404486270589205,0.30831305616282156,FALSE
mastoid,ica,4,rel_4_30,retained,mean,alpha,parieto_occipital,64,-0.12719929992551038,0.312762801420702,0.5070983202350665,FALSE
mastoid,ica,4,rel_4_30,retained,mean,beta,centro_temporal,64,-0.10832453674104353,0.38945181635541615,0.5776442426577598,FALSE
mastoid,ica,4,rel_4_30,retained,mean,beta,frontal,64,-0.0243518626824032,0.8461647515021726,0.9158932499555812,FALSE
mastoid,ica,4,rel_4_30,retained,mean,beta,parieto_occipital,64,-0.1929092270648343,0.127772942162444,0.28902920637647694,FALSE
mastoid,ica,4,rel_4_30,retained,mean,theta,centro_temporal,64,0.4427113662834838,7.544114453774334e-4,0.008285739264484351,TRUE
mastoid,ica,4,rel_4_30,retained,mean,theta,frontal,64,0.188321642215739,0.13691819971156524,0.3029811954915001,FALSE
mastoid,ica,4,rel_4_30,retained,mean,theta,parieto_occipital,64,0.4017560462808862,0.002064769411555133,0.01611800231066285,TRUE
mastoid,ica,4,rel_4_30,retained,sd,alpha,centro_temporal,64,0.039550486386537,0.7527419618919504,0.8580217252929497,FALSE
mastoid,ica,4,rel_4_30,retained,sd,alpha,frontal,64,0.10854060629204787,0.3885123321521683,0.5772013555245052,FALSE
mastoid,ica,4,rel_4_30,retained,sd,alpha,parieto_occipital,64,0.027407306160526994,0.8271575520006459,0.9051473577761078,FALSE
mastoid,ica,4,rel_4_30,retained,sd,beta,centro_temporal,64,0.10290391549603915,0.41348187936853864,0.5996335497892122,FALSE
mastoid,ica,4,rel_4_30,retained,sd,beta,frontal,64,0.24068966403170794,0.05868100144717712,0.16875128226821348,FALSE
mastoid,ica,4,rel_4_30,retained,sd,beta,parieto_occipital,64,-0.07549496225893806,0.5480391563071507,0.7112070226042063,FALSE
mastoid,ica,4,rel_4_30,retained,sd,theta,centro_temporal,64,0.5829859600581018,1.662618310766339e-5,7.103582409076402e-4,TRUE
mastoid,ica,4,rel_4_30,retained,sd,theta,frontal,64,0.4604490690809834,4.7970377632646497e-4,0.005958748505933852,TRUE
mastoid,ica,4,rel_4_30,retained,sd,theta,parieto_occipital,64,0.5433155166101298,5.1413728594388696e-5,0.0013691546354450907,TRUE
mastoid,ica,8,absolute,removed,cv,alpha,centro_temporal,49,0.31368172412126855,0.032974003490424876,0.1142641945495731,FALSE
mastoid,ica,8,absolute,removed,cv,alpha,frontal,49,0.360176849393011,0.015069314868390022,0.06466831811070685,FALSE
mastoid,ica,8,absolute,removed,cv,alpha,parieto_occipital,49,0.300977594171648,0.040382963274451233,0.13190094698252705,FALSE
mastoid,ica,8,absolute,removed,cv,beta,centro_temporal,49,0.1719539505220358,0.2346169023771175,0.42309393155947717,FALSE
mastoid,ica,8,absolute,removed,cv,beta,frontal,49,0.2286715869124293,0.11600505889839606,0.27367178721040486,FALSE
mastoid,ica,8,absolute,removed,cv,beta,parieto_occipital,49,0.19225526267892654,0.18469378929384433,0.3652702632140246,FALSE
mastoid,ica,8,absolute,removed,cv,theta,centro_temporal,49,-0.04323704120639828,0.7634572726681041,0.8638887881646068,FALSE
mastoid,ica,8,absolute,removed,cv,theta,frontal,49,0.13488066857350048,0.34981395190808673,0.5416474094060698,FALSE
mastoid,ica,8,absolute,removed,cv,theta,parieto_occipital,49,-0.09360311290054744,0.515453009238473,0.6856248032566483,FALSE
mastoid,ica,8,absolute,removed,mean,alpha,centro_temporal,49,-0.12002232071778553,0.4049862981312452,0.5919629890104408,FALSE
mastoid,ica,8,absolute,removed,mean,alpha,frontal,49,-0.16545103040598141,0.25253003951230385,0.44355356801840584,FALSE
mastoid,ica,8,absolute,removed,mean,alpha,parieto_occipital,49,0.014794094208261332,0.9179510748697466,0.9543798360581114,FALSE
mastoid,ica,8,absolute,removed,mean,beta,centro_temporal,49,-0.0026073744119754203,0.9855137792185986,0.9911177246139289,FALSE
mastoid,ica,8,absolute,removed,mean,beta,frontal,49,-0.0852655644319886,0.553406525532091,0.7158963522635479,FALSE
mastoid,ica,8,absolute,removed,mean,beta,parieto_occipital,49,-0.1684850927903805,0.24405343930034784,0.43340045894821017,FALSE
mastoid,ica,8,absolute,removed,mean,theta,centro_temporal,49,0.6599437882502804,2.9055796032959278e-5,9.953907985344912e-4,TRUE
mastoid,ica,8,absolute,removed,mean,theta,frontal,49,0.3597044855636624,0.01519445790117012,0.06491873881291145,FALSE
mastoid,ica,8,absolute,removed,mean,theta,parieto_occipital,49,0.6194870259394901,7.393338855686684e-5,0.0016698113856154315,TRUE
mastoid,ica,8,absolute,removed,sd,alpha,centro_temporal,49,0.09266017969596799,0.5196744512816074,0.6889133662369478,FALSE
mastoid,ica,8,absolute,removed,sd,alpha,frontal,49,0.050644849152298506,0.7245065631392129,0.8381081575380124,FALSE
mastoid,ica,8,absolute,removed,sd,alpha,parieto_occipital,49,0.27162248279733425,0.06326725646478196,0.1765845033465612,FALSE
mastoid,ica,8,absolute,removed,sd,beta,centro_temporal,49,0.15683671872032182,0.2777437562571106,0.4715579582216795,FALSE
mastoid,ica,8,absolute,removed,sd,beta,frontal,49,0.14937387195888985,0.30097502787160435,0.49538597261287753,FALSE
mastoid,ica,8,absolute,removed,sd,beta,parieto_occipital,49,0.06795108649540878,0.6364760069335401,0.7774485438132592,FALSE
mastoid,ica,8,absolute,removed,sd,theta,centro_temporal,49,0.5050520755908064,9.133781423534475e-4,0.009390146143792629,TRUE
mastoid,ica,8,absolute,removed,sd,theta,frontal,49,0.5652224306201088,2.5005708096973665e-4,0.0037393151185012925,TRUE
mastoid,ica,8,absolute,removed,sd,theta,parieto_occipital,49,0.5860818206404181,1.5733637313391027e-4,0.0029840186280226492,TRUE
mastoid,ica,8,absolute,retained,cv,alpha,centro_temporal,49,0.06764671916403832,0.6379838714824717,0.7788010336966561,FALSE
mastoid,ica,8,absolute,retained,cv,alpha,frontal,49,0.12090905578753536,0.4015499378274081,0.5882540159280192,FALSE
mastoid,ica,8,absolute,retained,cv,alpha,parieto_occipital,49,0.03437215881877728,0.8108859043608572,0.897189640340072,FALSE
mastoid,ica,8,absolute,retained,cv,beta,centro_temporal,49,0.49904831569059677,0.0010355986910239368,0.010164535339323637,TRUE
mastoid,ica,8,absolute,retained,cv,beta,frontal,49,0.5821123795546805,1.7192602460277363e-4,0.003138255322326685,TRUE
mastoid,ica,8,absolute,retained,cv,beta,parieto_occipital,49,0.5581042744641591,2.9242763363973703e-4,0.00419541933428523,TRUE
mastoid,ica,8,absolute,retained,cv,theta,centro_temporal,49,0.48718145480297376,0.0013245619579299716,0.012203547138463814,TRUE
mastoid,ica,8,absolute,retained,cv,theta,frontal,49,0.3401316028424626,0.02128550231974382,0.0829502458209228,FALSE
mastoid,ica,8,absolute,retained,cv,theta,parieto_occipital,49,0.42527908255247476,0.004551370523023025,0.02844972442687061,TRUE
mastoid,ica,8,absolute,retained,mean,alpha,centro_temporal,49,0.16792422260316583,0.24560468236692215,0.43523746811421754,FALSE
mastoid,ica,8,absolute,retained,mean,alpha,frontal,49,0.26199734281817233,0.0728601351762912,0.19550048693265715,FALSE
mastoid,ica,8,absolute,retained,mean,alpha,parieto_occipital,49,-0.047874635473774366,0.7389929310376308,0.8495578107256974,FALSE
mastoid,ica,8,absolute,retained,mean,beta,centro_temporal,49,0.23338052813664528,0.10887257208714293,0.2617789488403289,FALSE
mastoid,ica,8,absolute,retained,mean,beta,frontal,49,0.3929742479322832,0.008359751018035986,0.0421565654450375,TRUE
mastoid,ica,8,absolute,retained,mean,beta,parieto_occipital,49,-0.09148771236427337,0.5249490532314502,0.6930216572014422,FALSE
mastoid,ica,8,absolute,retained,mean,theta,centro_temporal,49,0.7188063562442791,7.237329718548704e-6,3.9632025275658256e-4,TRUE
mastoid,ica,8,absolute,retained,mean,theta,frontal,49,0.4564771383761938,0.0024697299130378076,0.018360057173787754,TRUE
mastoid,ica,8,absolute,retained,mean,theta,parieto_occipital,49,0.48164105234140203,0.0014843734090444751,0.013116463214465725,TRUE
mastoid,ica,8,absolute,retained,sd,alpha,centro_temporal,49,0.06921692007932913,0.6302216545561654,0.7729502784674697,FALSE
mastoid,ica,8,absolute,retained,sd,alpha,frontal,49,0.2127376653581732,0.14298584026727568,0.31127040703200887,FALSE
mastoid,ica,8,absolute,retained,sd,alpha,parieto_occipital,49,-0.07631509789087422,0.5956649254695573,0.7485278701440332,FALSE
mastoid,ica,8,absolute,retained,sd,beta,centro_temporal,49,0.5377689118961733,4.551956405270239e-4,0.005746106007691783,TRUE
mastoid,ica,8,absolute,retained,sd,beta,frontal,49,0.4849193084644393,0.0013877292216371157,0.012518541099130174,TRUE
mastoid,ica,8,absolute,retained,sd,beta,parieto_occipital,49,0.39557104287849465,0.007968862931652047,0.040713454767757104,TRUE
mastoid,ica,8,absolute,retained,sd,theta,centro_temporal,49,0.6690699206873689,2.3475223945362222e-5,9.127167069956833e-4,TRUE
mastoid,ica,8,absolute,retained,sd,theta,frontal,49,0.40060936621409304,0.007258187229264179,0.03818104544647519,TRUE
mastoid,ica,8,absolute,retained,sd,theta,parieto_occipital,49,0.5347978246696744,4.8530674305323636e-4,0.005990071799971375,TRUE
mastoid,ica,8,rel_1_30,removed,cv,alpha,centro_temporal,49,0.4187589267894835,0.005156481940981123,0.030487268170206597,TRUE
mastoid,ica,8,rel_1_30,removed,cv,alpha,frontal,49,0.38128662180913325,0.010347557545392854,0.049097511231723574,TRUE
mastoid,ica,8,rel_1_30,removed,cv,alpha,parieto_occipital,49,0.30860833647336805,0.035775377309478766,0.12116819240672026,FALSE
mastoid,ica,8,rel_1_30,removed,cv,beta,centro_temporal,49,0.17996174286335548,0.21385681092927591,0.39971718932507727,FALSE
mastoid,ica,8,rel_1_30,removed,cv,beta,frontal,49,0.18211799320967129,0.20850745928139933,0.39381001754065564,FALSE
mastoid,ica,8,rel_1_30,removed,cv,beta,parieto_occipital,49,0.27140365981897746,0.06347276821190773,0.17690474753254282,FALSE
mastoid,ica,8,rel_1_30,removed,cv,theta,centro_temporal,49,-0.14397394158202245,0.31859566466530226,0.5118594810821054,FALSE
mastoid,ica,8,rel_1_30,removed,cv,theta,frontal,49,0.03672062929827553,0.7982431671270662,0.889274909395425,FALSE
mastoid,ica,8,rel_1_30,removed,cv,theta,parieto_occipital,49,-0.14017751258572497,0.3313932386606192,0.524549531322935,FALSE
mastoid,ica,8,rel_1_30,removed,mean,alpha,centro_temporal,49,-0.16931281330563,0.24177713249639932,0.4309355129056643,FALSE
mastoid,ica,8,rel_1_30,removed,mean,alpha,frontal,49,-0.14824349596143227,0.30460707786112745,0.498657818410132,FALSE
mastoid,ica,8,rel_1_30,removed,mean,alpha,parieto_occipital,49,-0.023699990539704154,0.8689325132932532,0.9273747749888487,FALSE
mastoid,ica,8,rel_1_30,removed,mean,beta,centro_temporal,49,-0.09480243483647319,0.510110377592746,0.6815245035587508,FALSE
mastoid,ica,8,rel_1_30,removed,mean,beta,frontal,49,-0.11498302399560882,0.42485721713486213,0.6086384893958526,FALSE
mastoid,ica,8,rel_1_30,removed,mean,beta,parieto_occipital,49,-0.19712691216409114,0.17401502177778788,0.35201373812280917,FALSE
mastoid,ica,8,rel_1_30,removed,mean,theta,centro_temporal,49,0.5719099259337224,2.1570038968799952e-4,0.003494346312945592,TRUE
mastoid,ica,8,rel_1_30,removed,mean,theta,frontal,49,0.36417096773956337,0.014048011283482764,0.06121033862484683,FALSE
mastoid,ica,8,rel_1_30,removed,mean,theta,parieto_occipital,49,0.5719955478770322,2.152916176227422e-4,0.003494346312945592,TRUE
mastoid,ica,8,rel_1_30,removed,sd,alpha,centro_temporal,49,0.20784597476977335,0.1521997818313449,0.3237159473524447,FALSE
mastoid,ica,8,rel_1_30,removed,sd,alpha,frontal,49,0.16538536356312092,0.25271581229884765,0.44359326330380117,FALSE
mastoid,ica,8,rel_1_30,removed,sd,alpha,parieto_occipital,49,0.2799348555925238,0.055870058303766616,0.16332540352258992,FALSE
mastoid,ica,8,rel_1_30,removed,sd,beta,centro_temporal,49,0.21135227815331678,0.14554939490344382,0.31427465597957266,FALSE
mastoid,ica,8,rel_1_30,removed,sd,beta,frontal,49,0.17686089753895193,0.2217276237707009,0.40740879074692116,FALSE
mastoid,ica,8,rel_1_30,removed,sd,beta,parieto_occipital,49,0.23872264287495776,0.10121852691597848,0.24735237752943073,FALSE
mastoid,ica,8,rel_1_30,removed,sd,theta,centro_temporal,49,0.3787987547659429,0.010823147275701765,0.05063826306609923,FALSE
mastoid,ica,8,rel_1_30,removed,sd,theta,frontal,49,0.45613362297339677,0.0024867147177404865,0.018451043554532465,TRUE
mastoid,ica,8,rel_1_30,removed,sd,theta,parieto_occipital,49,0.4705364540115525,0.0018614486265042993,0.014922293319275703,TRUE
mastoid,ica,8,rel_1_30,retained,cv,alpha,centro_temporal,49,0.30241183229771573,0.03947925636799877,0.12986070114955942,FALSE
mastoid,ica,8,rel_1_30,retained,cv,alpha,frontal,49,0.2715743122930506,0.06331244795913228,0.1765845033465612,FALSE
mastoid,ica,8,rel_1_30,retained,cv,alpha,parieto_occipital,49,0.3789116257778246,0.010801143616690836,0.05059620045987225,FALSE
mastoid,ica,8,rel_1_30,retained,cv,beta,centro_temporal,49,0.3343486988000349,0.02346476665072495,0.08891911572906297,FALSE
mastoid,ica,8,rel_1_30,retained,cv,beta,frontal,49,0.32658583964232996,0.026703484549918,0.09822435944189326,FALSE
mastoid,ica,8,rel_1_30,retained,cv,beta,parieto_occipital,49,0.2148328729443743,0.1391768677007774,0.3071053698187415,FALSE
mastoid,ica,8,rel_1_30,retained,cv,theta,centro_temporal,49,0.3304648137723659,0.025038425757277046,0.09342552720181685,FALSE
mastoid,ica,8,rel_1_30,retained,cv,theta,frontal,49,0.4939798762160416,0.0011507814649175591,0.011074847365345222,TRUE
mastoid,ica,8,rel_1_30,retained,cv,theta,parieto_occipital,49,0.40604208013444115,0.006557911837192913,0.03571030983614292,TRUE
mastoid,ica,8,rel_1_30,retained,mean,alpha,centro_temporal,49,-0.20556719143197552,0.1566483325270416,0.3292155226298042,FALSE
mastoid,ica,8,rel_1_30,retained,mean,alpha,frontal,49,-0.19568744714937344,0.1771196750395886,0.3553360663332923,FALSE
mastoid,ica,8,rel_1_30,retained,mean,alpha,parieto_occipital,49,-0.07686823517460854,0.5930098297259266,0.7469724074118724,FALSE
mastoid,ica,8,rel_1_30,retained,mean,beta,centro_temporal,49,-0.15912493605773137,0.27087970764591585,0.46506335279143624,FALSE
mastoid,ica,8,rel_1_30,retained,mean,beta,frontal,49,-0.08198029177266099,0.5687405596878958,0.7292807983225422,FALSE
mastoid,ica,8,rel_1_30,retained,mean,beta,parieto_occipital,49,-0.3613912693965186,0.014751865609034456,0.06358675552985141,FALSE
mastoid,ica,8,rel_1_30,retained,mean,theta,centro_temporal,49,0.526300622797099,5.823664336455864e-4,0.0069031728476037805,TRUE
mastoid,ica,8,rel_1_30,retained,mean,theta,frontal,49,0.25353992936978553,0.08227595985408723,0.2128336207003933,FALSE
mastoid,ica,8,rel_1_30,retained,mean,theta,parieto_occipital,49,0.377942161067298,0.010991479952790527,0.05117948988796355,FALSE
mastoid,ica,8,rel_1_30,retained,sd,alpha,centro_temporal,49,0.029982453846539976,0.8346518408579016,0.9087444293630695,FALSE
mastoid,ica,8,rel_1_30,retained,sd,alpha,frontal,49,0.013265160581957426,0.9264043522145373,0.9572084603166102,FALSE
mastoid,ica,8,rel_1_30,retained,sd,alpha,parieto_occipital,49,0.14504262259594744,0.3150541955927423,0.5092047885861195,FALSE
mastoid,ica,8,rel_1_30,retained,sd,beta,centro_temporal,49,0.14626754301200678,0.31102790691501003,0.505151709949776,FALSE
mastoid,ica,8,rel_1_30,retained,sd,beta,frontal,49,0.2339718302208367,0.10800277364964286,0.26049304215248853,FALSE
mastoid,ica,8,rel_1_30,retained,sd,beta,parieto_occipital,49,-0.12259074540842939,0.39508266157991345,0.5832753148708631,FALSE
mastoid,ica,8,rel_1_30,retained,sd,theta,centro_temporal,49,0.5732074912787309,2.0958543869713987e-4,0.0034528312951461007,TRUE
mastoid,ica,8,rel_1_30,retained,sd,theta,frontal,49,0.5770214073258645,1.9256800991339763e-4,0.003320334378617867,TRUE
mastoid,ica,8,rel_1_30,retained,sd,theta,parieto_occipital,49,0.6549225516307692,3.266079323593566e-5,0.0010323997081407954,TRUE
mastoid,ica,8,rel_4_30,removed,cv,alpha,centro_temporal,49,0.41971615680705665,0.0050631772861106615,0.030164756077896374,TRUE
mastoid,ica,8,rel_4_30,removed,cv,alpha,frontal,49,0.38434129521639543,0.009789870056660748,0.04711572377631204,TRUE
mastoid,ica,8,rel_4_30,removed,cv,alpha,parieto_occipital,49,0.32720808847099286,0.02642991019206671,0.09749477308041307,FALSE
mastoid,ica,8,rel_4_30,removed,cv,beta,centro_temporal,49,0.22435403693313027,0.12287322220102811,0.28101828701035136,FALSE
mastoid,ica,8,rel_4_30,removed,cv,beta,frontal,49,0.21041338798524642,0.14730728058722767,0.31734512963512584,FALSE
mastoid,ica,8,rel_4_30,removed,cv,beta,parieto_occipital,49,0.2664836608800059,0.06824582703868863,0.18684912808000712,FALSE
mastoid,ica,8,rel_4_30,removed,cv,theta,centro_temporal,49,-0.15622308461192036,0.2796050974619262,0.47430393496159207,FALSE
mastoid,ica,8,rel_4_30,removed,cv,theta,frontal,49,0.018604711027642058,0.8969263644863874,0.9434614292050779,FALSE
mastoid,ica,8,rel_4_30,removed,cv,theta,parieto_occipital,49,-0.1412331787582739,0.3278006822552386,0.5204120263815303,FALSE
mastoid,ica,8,rel_4_30,removed,mean,alpha,centro_temporal,49,-0.18370950356844937,0.20462376819636882,0.3890353108789643,FALSE
mastoid,ica,8,rel_4_30,removed,mean,alpha,frontal,49,-0.15319331409569645,0.2889234220394438,0.48281058101028557,FALSE
mastoid,ica,8,rel_4_30,removed,mean,alpha,parieto_occipital,49,-0.0506682332578652,0.7243847031891637,0.8381081575380124,FALSE
mastoid,ica,8,rel_4_30,removed,mean,beta,centro_temporal,49,-0.04647538531309941,0.7463469476394617,0.8539720224903552,FALSE
mastoid,ica,8,rel_4_30,removed,mean,beta,frontal,49,-0.05163141729774855,0.7193716218854037,0.8362495922638243,FALSE
mastoid,ica,8,rel_4_30,removed,mean,beta,parieto_occipital,49,-0.19837663857520194,0.1713537485069407,0.3491736762028226,FALSE
mastoid,ica,8,rel_4_30,removed,mean,theta,centro_temporal,49,0.5766436785988527,1.941917938519191e-4,0.0033260691387500506,TRUE
mastoid,ica,8,rel_4_30,removed,mean,theta,frontal,49,0.36412335114887,0.014059806558685472,0.06121033862484683,FALSE
mastoid,ica,8,rel_4_30,removed,mean,theta,parieto_occipital,49,0.5550910741798953,3.123822079557501e-4,0.004400514581637523,TRUE
mastoid,ica,8,rel_4_30,removed,sd,alpha,centro_temporal,49,0.2251798212090504,0.1215348369907997,0.28026538921721783,FALSE
mastoid,ica,8,rel_4_30,removed,sd,alpha,frontal,49,0.19373436167159067,0.18139993391327464,0.3614866317325557,FALSE
mastoid,ica,8,rel_4_30,removed,sd,alpha,parieto_occipital,49,0.2842016759181137,0.052370376900427146,0.15614725873378893,FALSE
mastoid,ica,8,rel_4_30,removed,sd,beta,centro_temporal,49,0.2731708039769588,0.06182926499439927,0.1743136061501984,FALSE
mastoid,ica,8,rel_4_30,removed,sd,beta,frontal,49,0.23138201000344044,0.11185474885911866,0.26660970953286045,FALSE
mastoid,ica,8,rel_4_30,removed,sd,beta,parieto_occipital,49,0.20363933181644744,0.16049068507906605,0.33472965597556437,FALSE
mastoid,ica,8,rel_4_30,removed,sd,theta,centro_temporal,49,0.3995832086639003,0.007397992617079915,0.038556830154432585,TRUE
mastoid,ica,8,rel_4_30,removed,sd,theta,frontal,49,0.4712250677071903,0.0018356427707975377,0.014868706443460056,TRUE
mastoid,ica,8,rel_4_30,removed,sd,theta,parieto_occipital,49,0.4681998492640008,0.0019515980490781425,0.015453794734859099,TRUE
mastoid,ica,8,rel_4_30,retained,cv,alpha,centro_temporal,49,0.2615645409691093,0.07331890125379494,0.19632499178702115,FALSE
mastoid,ica,8,rel_4_30,retained,cv,alpha,frontal,49,0.28976799118254504,0.04809025770502266,0.14800735665445952,FALSE
mastoid,ica,8,rel_4_30,retained,cv,alpha,parieto_occipital,49,0.19667030058466492,0.17499527377474125,0.35285119235546974,FALSE
mastoid,ica,8,rel_4_30,retained,cv,beta,centro_temporal,49,0.21939315771011184,0.1311652243523526,0.29423062929293514,FALSE
mastoid,ica,8,rel_4_30,retained,cv,beta,frontal,49,0.2917157236986827,0.04666588006859665,0.14573248329855726,FALSE
mastoid,ica,8,rel_4_30,retained,cv,beta,parieto_occipital,49,0.2985508253784121,0.04195329379987394,0.13469397712131287,FALSE
mastoid,ica,8,rel_4_30,retained,cv,theta,centro_temporal,49,0.369719963698222,0.012733583992283073,0.05690594777240987,FALSE
mastoid,ica,8,rel_4_30,retained,cv,theta,frontal,49,0.3665762832782947,0.013463774267324653,0.059417882351144445,FALSE
mastoid,ica,8,rel_4_30,retained,cv,theta,parieto_occipital,49,0.6250264541912738,6.513546484762e-5,0.0015729607908543265,TRUE
mastoid,ica,8,rel_4_30,retained,mean,alpha,centro_temporal,49,-0.18435679615684436,0.20305982428978905,0.3882968740261602,FALSE
mastoid,ica,8,rel_4_30,retained,mean,alpha,frontal,49,-0.1885233505849176,0.19320722262883147,0.3746581953021929,FALSE
mastoid,ica,8,rel_4_30,retained,mean,alpha,parieto_occipital,49,-0.011270188188568692,0.9374470474962148,0.962636790045368,FALSE
mastoid,ica,8,rel_4_30,retained,mean,beta,centro_temporal,49,-0.17448288075130106,0.22790723663860166,0.4145221599319887,FALSE
mastoid,ica,8,rel_4_30,retained,mean,beta,frontal,49,-0.03929066892118068,0.7844700278006774,0.8794750484685796,FALSE
mastoid,ica,8,rel_4_30,retained,mean,beta,parieto_occipital,49,-0.3839890951581942,0.009852731903555022,0.04729311313706411,TRUE
mastoid,ica,8,rel_4_30,retained,mean,theta,centro_temporal,49,0.47961662574443564,0.0015472125718065158,0.013427594819606549,TRUE
mastoid,ica,8,rel_4_30,retained,mean,theta,frontal,49,0.23448075775029537,0.10725869794273331,0.25918074431407523,FALSE
mastoid,ica,8,rel_4_30,retained,mean,theta,parieto_occipital,49,0.47695372702902555,0.0016337238764989662,0.014021894992997748,TRUE
mastoid,ica,8,rel_4_30,retained,sd,alpha,centro_temporal,49,0.06095434319122271,0.6715198001753082,0.8028502407999994,FALSE
mastoid,ica,8,rel_4_30,retained,sd,alpha,frontal,49,0.09251011245030809,0.5203479845354939,0.6889133662369478,FALSE
mastoid,ica,8,rel_4_30,retained,sd,alpha,parieto_occipital,49,0.1162574716781383,0.4197770551668669,0.6053758124958378,FALSE
mastoid,ica,8,rel_4_30,retained,sd,beta,centro_temporal,49,0.13344820751322,0.3549086516907263,0.547356143503984,FALSE
mastoid,ica,8,rel_4_30,retained,sd,beta,frontal,49,0.2583880486287313,0.0767610705480465,0.2041271390578436,FALSE
mastoid,ica,8,rel_4_30,retained,sd,beta,parieto_occipital,49,0.03090676495118468,0.8296338379628443,0.9068361996062803,FALSE
mastoid,ica,8,rel_4_30,retained,sd,theta,centro_temporal,49,0.6434888773806717,4.2582012873325344e-5,0.0012448035041465334,TRUE
mastoid,ica,8,rel_4_30,retained,sd,theta,frontal,49,0.570264476164351,2.23703544658111e-4,0.003551138879495724,TRUE
mastoid,ica,8,rel_4_30,retained,sd,theta,parieto_occipital,49,0.812587820515539,7.482422515230264e-7,1.612669420976097e-4,TRUE
mastoid,ica,10,absolute,removed,cv,alpha,centro_temporal,48,0.10715031172688091,0.46156390655222057,0.6397720030927035,FALSE
mastoid,ica,10,absolute,removed,cv,alpha,frontal,48,0.27972062631406036,0.058648507695603196,0.16875128226821348,FALSE
mastoid,ica,10,absolute,removed,cv,alpha,parieto_occipital,48,0.06118818888534157,0.6735550755948844,0.8035807192612989,FALSE
mastoid,ica,10,absolute,removed,cv,beta,centro_temporal,48,0.14921566930368765,0.3065215688696581,0.5005840827397636,FALSE
mastoid,ica,10,absolute,removed,cv,beta,frontal,48,0.2578539289121808,0.08047532797349952,0.20999199675232627,FALSE
mastoid,ica,10,absolute,removed,cv,beta,parieto_occipital,48,-0.002337874500383085,0.9871455772669434,0.9911177246139289,FALSE
mastoid,ica,10,absolute,removed,cv,theta,centro_temporal,48,-0.036502827645087665,0.8014491232072343,0.8910592482212544,FALSE
mastoid,ica,10,absolute,removed,cv,theta,frontal,48,0.10530950369309128,0.46925202697373336,0.6466946196914313,FALSE
mastoid,ica,10,absolute,removed,cv,theta,parieto_occipital,48,0.065403754632225225,0.6525398575657935,0.7913455870515217,FALSE
mastoid,ica,10,absolute,removed,mean,alpha,centro_temporal,48,-0.13088836285463493,0.36912727760418895,0.559301190695669,FALSE
mastoid,ica,10,absolute,removed,mean,alpha,frontal,48,-0.14918449542717144,0.3066215076209821,0.5005840827397636,FALSE
mastoid,ica,10,absolute,removed,mean,alpha,parieto_occipital,48,0.03324781040265165,0.8188213750685229,0.9006687692684139,FALSE
mastoid,ica,10,absolute,removed,mean,beta,centro_temporal,48,-0.020215208355356368,0.8892149660984636,0.9389646355759985,FALSE
mastoid,ica,10,absolute,removed,mean,beta,frontal,48,-0.08148784004172675,0.575054832453761,0.7328792343484974,FALSE
mastoid,ica,10,absolute,removed,mean,beta,parieto_occipital,48,-0.1847245561755804,0.20689360728277942,0.39181799567240444,FALSE
mastoid,ica,10,absolute,removed,mean,theta,centro_temporal,48,0.6726065164459317,2.6290839479085243e-5,9.5531573733349e-4,TRUE
mastoid,ica,10,absolute,removed,mean,theta,frontal,48,0.35567471186305577,0.01744573803042398,0.0712489805276139,FALSE
mastoid,ica,10,absolute,removed,mean,theta,parieto_occipital,48,0.6275345481612231,7.329160249415662e-5,0.0016664195935513504,TRUE
mastoid,ica,10,absolute,removed,sd,alpha,centro_temporal,48,-0.019698183816590702,0.8920302555138933,0.9406600578893455,FALSE
mastoid,ica,10,absolute,removed,sd,alpha,frontal,48,0.03268633482610389,0.8218275807808162,0.9017674684571504,FALSE
mastoid,ica,10,absolute,removed,sd,alpha,parieto_occipital,48,0.05935888056750641,0.682758198629797,0.808407057399581,FALSE
mastoid,ica,10,absolute,removed,sd,beta,centro_temporal,48,0.09845584450143066,0.4985097826826361,0.6714391770415277,FALSE
mastoid,ica,10,absolute,removed,sd,beta,frontal,48,0.16388911129332695,0.2619410719099639,0.45506116514117056,FALSE
mastoid,ica,10,absolute,removed,sd,beta,parieto_occipital,48,-0.0763894700421141,0.5991286714204727,0.7514233143492896,FALSE
mastoid,ica,10,absolute,removed,sd,theta,centro_temporal,48,0.5294806712886004,6.212687860761305e-4,0.007229536407062047,TRUE
mastoid,ica,10,absolute,removed,sd,theta,frontal,48,0.48013972715609077,0.0017133767563818872,0.014387924036312694,TRUE
mastoid,ica,10,absolute,removed,sd,theta,parieto_occipital,48,0.6679036360258918,2.928940233604216e-5,9.953907985344912e-4,TRUE
mastoid,ica,10,absolute,retained,cv,alpha,centro_temporal,48,-0.03839458229340282,0.7913984547068106,0.8848504076892026,FALSE
mastoid,ica,10,absolute,retained,cv,alpha,frontal,48,0.1291868541217146,0.3753305289041663,0.5653952330024791,FALSE
mastoid,ica,10,absolute,retained,cv,alpha,parieto_occipital,48,-0.10176144172474809,0.48427475092186656,0.6583427383161599,FALSE
mastoid,ica,10,absolute,retained,cv,beta,centro_temporal,48,0.25640433587987344,0.08213665696524722,0.21261472854918853,FALSE
mastoid,ica,10,absolute,retained,cv,beta,frontal,48,0.32889071351805615,0.02727705557383618,0.09995588319611223,FALSE
mastoid,ica,10,absolute,retained,cv,beta,parieto_occipital,48,0.46665803653291327,0.002241703020517723,0.01702293231205646,TRUE
mastoid,ica,10,absolute,retained,cv,theta,centro_temporal,48,0.3733441483710795,0.01284939661180125,0.05722617872472309,FALSE
mastoid,ica,10,absolute,retained,cv,theta,frontal,48,0.20434615263570122,0.16344115566554854,0.33873092389533727,FALSE
mastoid,ica,10,absolute,retained,cv,theta,parieto_occipital,48,0.43233520822283583,0.004365037224420784,0.027685586832867874,TRUE
mastoid,ica,10,absolute,retained,mean,alpha,centro_temporal,48,0.1354584260897294,0.3527940302257284,0.5447431253048579,FALSE
mastoid,ica,10,absolute,retained,mean,alpha,frontal,48,0.22843282378604868,0.12021280389156706,0.278041273962173,FALSE
mastoid,ica,10,absolute,retained,mean,alpha,parieto_occipital,48,-0.04185039402310747,0.7731313798107331,0.8715380703694203,FALSE
mastoid,ica,10,absolute,retained,mean,beta,centro_temporal,48,0.3264365781902343,0.028388082437910193,0.10267511530579665,FALSE
mastoid,ica,10,absolute,retained,mean,beta,frontal,48,0.41753594559642737,0.005769577548481797,0.032948599417338076,TRUE
mastoid,ica,10,absolute,retained,mean,beta,parieto_occipital,48,-0.05560347206800236,0.7018033904927177,0.8246030771337824,FALSE
mastoid,ica,10,absolute,retained,mean,theta,centro_temporal,48,0.7062732596207859,1.2059362208837018e-5,5.788493860241768e-4,TRUE
mastoid,ica,10,absolute,retained,mean,theta,frontal,48,0.4536973112835576,0.0028920333019842853,0.020631606381862205,TRUE
mastoid,ica,10,absolute,retained,mean,theta,parieto_occipital,48,0.4760283558359566,0.0018604771919627611,0.014922293319275703,TRUE
mastoid,ica,10,absolute,retained,sd,alpha,centro_temporal,48,0.02858403942200182,0.8438709491759531,0.9146836493995276,FALSE
mastoid,ica,10,absolute,retained,sd,alpha,frontal,48,0.1984043518679222,0.1757786989250806,0.3539955638339045,FALSE
mastoid,ica,10,absolute,retained,sd,alpha,parieto_occipital,48,-0.13423607123689837,0.35711578355957585,0.5492350342087148,FALSE
mastoid,ica,10,absolute,retained,sd,beta,centro_temporal,48,0.47382719063620554,0.0019440756343696536,0.015425645033529006,TRUE
mastoid,ica,10,absolute,retained,sd,beta,frontal,48,0.4026145837060403,0.007602643613804975,0.039464724126133166,TRUE
mastoid,ica,10,absolute,retained,sd,beta,parieto_occipital,48,0.29914857020625074,0.043722573280967125,0.138841714156446,FALSE
mastoid,ica,10,absolute,retained,sd,theta,centro_temporal,48,0.6284827691302445,7.174502431944676e-5,0.0016556134930451759,TRUE
mastoid,ica,10,absolute,retained,sd,theta,frontal,48,0.4129860128791646,0.0062796133054780845,0.03487876647385542,TRUE
mastoid,ica,10,absolute,retained,sd,theta,parieto_occipital,48,0.48033855435364603,0.001706550357423564,0.014387924036312694,TRUE
mastoid,ica,10,rel_1_30,removed,cv,alpha,centro_temporal,48,0.21600119589128824,0.14120898320653857,0.30898130771630916,FALSE
mastoid,ica,10,rel_1_30,removed,cv,alpha,frontal,48,0.3310335374635365,0.02633880649642187,0.0972509778329423,FALSE
mastoid,ica,10,rel_1_30,removed,cv,alpha,parieto_occipital,48,0.1170346346243866,0.42154476155428344,0.6063507336008339,FALSE
mastoid,ica,10,rel_1_30,removed,cv,beta,centro_temporal,48,0.04942297565669058,0.7335671384775742,0.8453198086546556,FALSE
mastoid,ica,10,rel_1_30,removed,cv,beta,frontal,48,0.11989803765477354,0.41035555924527756,0.5973277477894569,FALSE
mastoid,ica,10,rel_1_30,removed,cv,beta,parieto_occipital,48,0.06265531920724729,0.6662102393678104,0.7989591026101318,FALSE
mastoid,ica,10,rel_1_30,removed,cv,theta,centro_temporal,48,-0.10147532524900629,0.48549781009434656,0.6586236865480877,FALSE
mastoid,ica,10,rel_1_30,removed,cv,theta,frontal,48,0.03716797733819483,0.797911297816549,0.8891599673002988,FALSE
mastoid,ica,10,rel_1_30,removed,cv,theta,parieto_occipital,48,-0.026722459747578732,0.8539169336370116,0.9191512329556778,FALSE
mastoid,ica,10,rel_1_30,removed,mean,alpha,centro_temporal,48,-0.16607849591913296,0.2557068855888393,0.44742950997723097,FALSE
mastoid,ica,10,rel_1_30,removed,mean,alpha,frontal,48,-0.14060251020815112,0.3349827182016816,0.5275062002301085,FALSE
mastoid,ica,10,rel_1_30,removed,mean,alpha,parieto_occipital,48,0.01598348325372776,0.9122965757306705,0.9506858982687877,FALSE
mastoid,ica,10,rel_1_30,removed,mean,beta,centro_temporal,48,-0.13122923189280705,0.3678925150436184,0.5588241690887189,FALSE
mastoid,ica,10,rel_1_30,removed,mean,beta,frontal,48,-0.14458910059036825,0.32159760781618174,0.5143445080992656,FALSE
mastoid,ica,10,rel_1_30,removed,mean,beta,parieto_occipital,48,-0.24566013979939014,0.09536526148974168,0.237832031220087,FALSE
mastoid,ica,10,rel_1_30,removed,mean,theta,centro_temporal,48,0.619174100560782,8.84119132861876e-5,0.001896355612265108,TRUE
mastoid,ica,10,rel_1_30,removed,mean,theta,frontal,48,0.37340280071621007,0.012836179459949727,0.05722617872472309,FALSE
mastoid,ica,10,rel_1_30,removed,mean,theta,parieto_occipital,48,0.5818834214717357,2.018079814259146e-4,0.003382023412861879,TRUE
mastoid,ica,10,rel_1_30,removed,sd,alpha,centro_temporal,48,0.12656317983800536,0.38502518751807535,0.5746556349597992,FALSE
mastoid,ica,10,rel_1_30,removed,sd,alpha,frontal,48,0.15992553624759892,0.27350135209824694,0.46721144857556424,FALSE
mastoid,ica,10,rel_1_30,removed,sd,alpha,parieto_occipital,48,0.10753137986399391,0.4599814966981809,0.6392426544181812,FALSE
mastoid,ica,10,rel_1_30,removed,sd,beta,centro_temporal,48,0.02338683055382416,0.8719778174560607,0.9273747749888487,FALSE
mastoid,ica,10,rel_1_30,removed,sd,beta,frontal,48,0.07843411938124897,0.5894175056395907,0.7450114635652565,FALSE
mastoid,ica,10,rel_1_30,removed,sd,beta,parieto_occipital,48,0.012487280769554559,0.9314250228538057,0.9590520362435372,FALSE
mastoid,ica,10,rel_1_30,removed,sd,theta,centro_temporal,48,0.4539185487633532,0.002879574517886471,0.020580488466070954,TRUE
mastoid,ica,10,rel_1_30,removed,sd,theta,frontal,48,0.42740086086023515,0.004793302677243388,0.029348599699405186,TRUE
mastoid,ica,10,rel_1_30,removed,sd,theta,parieto_occipital,48,0.5157278599606753,8.281157177412418e-4,0.008846763197930622,TRUE
mastoid,ica,10,rel_1_30,retained,cv,alpha,centro_temporal,48,0.08783357802379631,0.5457666748277028,0.7099166382502872,FALSE
mastoid,ica,10,rel_1_30,retained,cv,alpha,frontal,48,0.22754030609952253,0.12163107220979952,0.2803210484598106,FALSE
mastoid,ica,10,rel_1_30,retained,cv,alpha,parieto_occipital,48,0.0519208305896989,0.7206693027217108,0.8364066414871676,FALSE
mastoid,ica,10,rel_1_30,retained,cv,beta,centro_temporal,48,0.26808960170917784,0.06952910038945892,0.18943878228045988,FALSE
mastoid,ica,10,rel_1_30,retained,cv,beta,frontal,48,0.2728352046517236,0.06489854387188289,0.17996069322891886,FALSE
mastoid,ica,10,rel_1_30,retained,cv,beta,parieto_occipital,48,0.1793710408722977,0.22013579159181143,0.4052499799758347,FALSE
mastoid,ica,10,rel_1_30,retained,cv,theta,centro_temporal,48,0.40588377830913547,0.007160071046416537,0.037823853571287355,TRUE
mastoid,ica,10,rel_1_30,retained,cv,theta,frontal,48,0.44993410013421387,0.003111887454941194,0.02157202113857541,TRUE
mastoid,ica,10,rel_1_30,retained,cv,theta,parieto_occipital,48,0.39624196681471907,0.008538915075428468,0.042617845716644266,TRUE
mastoid,ica,10,rel_1_30,retained,mean,alpha,centro_temporal,48,-0.26404150404118043,0.0736975164863478,0.1972029897446113,FALSE
mastoid,ica,10,rel_1_30,retained,mean,alpha,frontal,48,-0.20067000902160265,0.17099224079994652,0.3488026402047178,FALSE
mastoid,ica,10,rel_1_30,retained,mean,alpha,parieto_occipital,48,-0.07587660486158421,0.6015762447823676,0.753174155348446,FALSE
mastoid,ica,10,rel_1_30,retained,mean,beta,centro_temporal,48,-0.1196409201524783,0.41135278350709703,0.5978042705647306,FALSE
mastoid,ica,10,rel_1_30,retained,mean,beta,frontal,48,-0.06376645918478571,0.6606694384279769,0.7952578255752242,FALSE
mastoid,ica,10,rel_1_30,retained,mean,beta,parieto_occipital,48,-0.3467701525078003,0.020286252800268474,0.07999285079862457,FALSE
mastoid,ica,10,rel_1_30,retained,mean,theta,centro_temporal,48,0.570200237959859,2.6029134777424067e-4,0.003858550181345705,TRUE
mastoid,ica,10,rel_1_30,retained,mean,theta,frontal,48,0.2716488080410366,0.06603085784319868,0.18194753741626962,FALSE
mastoid,ica,10,rel_1_30,retained,mean,theta,parieto_occipital,48,0.41786600254397005,0.005734120319956548,0.032948599417338076,TRUE
mastoid,ica,10,rel_1_30,retained,sd,alpha,centro_temporal,48,-0.13726171863057735,0.3464809423409698,0.5388471615286763,FALSE
mastoid,ica,10,rel_1_30,retained,sd,alpha,frontal,48,-0.05228703828831685,0.7187851360271329,0.8362495922638243,FALSE
mastoid,ica,10,rel_1_30,retained,sd,alpha,parieto_occipital,48,-0.10473173802231112,0.4716800526689213,0.6487060646539675,FALSE
mastoid,ica,10,rel_1_30,retained,sd,beta,centro_temporal,48,0.10941578712390254,0.4522025959005873,0.6322055709678114,FALSE
mastoid,ica,10,rel_1_30,retained,sd,beta,frontal,48,0.17575700366863517,0.22942372450718063,0.41662748289767315,FALSE
mastoid,ica,10,rel_1_30,retained,sd,beta,parieto_occipital,48,-0.11274933165691482,0.43863121881171585,0.6192440736165401,FALSE
mastoid,ica,10,rel_1_30,retained,sd,theta,centro_temporal,48,0.60961364422419,1.0944208618404124e-4,0.0022279299411945377,TRUE
mastoid,ica,10,rel_1_30,retained,sd,theta,frontal,48,0.5771516755317937,2.2377289749908757e-4,0.003551138879495724,TRUE
mastoid,ica,10,rel_1_30,retained,sd,theta,parieto_occipital,48,0.6290725520016428,7.079918256638e-5,0.0016483067174735654,TRUE
mastoid,ica,10,rel_4_30,removed,cv,alpha,centro_temporal,48,0.2352704426900538,0.1097858266123163,0.2634837151588557,FALSE
mastoid,ica,10,rel_4_30,removed,cv,alpha,frontal,48,0.3426781446149335,0.021726161848316414,0.08380090998636332,FALSE
mastoid,ica,10,rel_4_30,removed,cv,alpha,parieto_occipital,48,0.14833422541141963,0.30935593822211394,0.5034641640048468,FALSE
mastoid,ica,10,rel_4_30,removed,cv,beta,centro_temporal,48,0.08064925000685978,0.5789819579604514,0.7361301929637478,FALSE
mastoid,ica,10,rel_4_30,removed,cv,beta,frontal,48,0.16277265741464683,0.26516154282887267,0.458199146008292,FALSE
mastoid,ica,10,rel_4_30,removed,cv,beta,parieto_occipital,48,0.0581857739588071,0.6886858508359563,0.8141108507297653,FALSE
mastoid,ica,10,rel_4_30,removed,cv,theta,centro_temporal,48,-0.1423071626835907,0.3292145722325549,0.5222302149490712,FALSE
mastoid,ica,10,rel_4_30,removed,cv,theta,frontal,48,0.0114619733102665,0.9370429706537441,0.9625424226953123,FALSE
mastoid,ica,10,rel_4_30,removed,cv,theta,parieto_occipital,48,-0.060446997665843404,0.6772779803743687,0.8062007953881977,FALSE
mastoid,ica,10,rel_4_30,removed,mean,alpha,centro_temporal,48,-0.1746765605466647,0.2322555448780946,0.41961410710317465,FALSE
mastoid,ica,10,rel_4_30,removed,mean,alpha,frontal,48,-0.1436127143131036,0.32484207130434595,0.517829427319105,FALSE
mastoid,ica,10,rel_4_30,removed,mean,alpha,parieto_occipital,48,-0.013438364913902033,0.9262169101416848,0.9572084603166102,FALSE
mastoid,ica,10,rel_4_30,removed,mean,beta,centro_temporal,48,-0.07973677477586946,0.5832698033288302,0.7391632970477482,FALSE
mastoid,ica,10,rel_4_30,removed,mean,beta,frontal,48,-0.06527105916657346,0.6531971567125012,0.7913455870515217,FALSE
mastoid,ica,10,rel_4_30,removed,mean,beta,parieto_occipital,48,-0.2638504458922815,0.07389935855754647,0.19747127565068084,FALSE
mastoid,ica,10,rel_4_30,removed,mean,theta,centro_temporal,48,0.6148969969944618,9.728240096681083e-5,0.0020668523221801117,TRUE
mastoid,ica,10,rel_4_30,removed,mean,theta,frontal,48,0.37238433094668544,0.013067461854605014,0.0580643333608049,FALSE
mastoid,ica,10,rel_4_30,removed,mean,theta,parieto_occipital,48,0.5521496951131712,3.8406814697289777e-4,0.00509644012092364,TRUE
mastoid,ica,10,rel_4_30,removed,sd,alpha,centro_temporal,48,0.14924425447801415,0.3064299486889291,0.5005840827397636,FALSE
mastoid,ica,10,rel_4_30,removed,sd,alpha,frontal,48,0.18233279951819673,0.212734140184504,0.398078294843304,FALSE
mastoid,ica,10,rel_4_30,removed,sd,alpha,parieto_occipital,48,0.11949386346003914,0.4119238062898928,0.5980449386830419,FALSE
mastoid,ica,10,rel_4_30,removed,sd,beta,centro_temporal,48,0.07220459675256664,0.6192347312009543,0.7647981686497174,FALSE
mastoid,ica,10,rel_4_30,removed,sd,beta,frontal,48,0.14611380186381864,0.3165749495967813,0.5103742070958757,FALSE
mastoid,ica,10,rel_4_30,removed,sd,beta,parieto_occipital,48,-0.013185675747342512,0.9276003208878547,0.9579755071707136,FALSE
mastoid,ica,10,rel_4_30,removed,sd,theta,centro_temporal,48,0.46011875184534656,0.0025503039442339747,0.01885091584635303,TRUE
mastoid,ica,10,rel_4_30,removed,sd,theta,frontal,48,0.43303782206847824,0.004307050429173856,0.027497228355710925,TRUE
mastoid,ica,10,rel_4_30,removed,sd,theta,parieto_occipital,48,0.49038511981535915,0.0013933438138690512,0.01254009432482146,TRUE
mastoid,ica,10,rel_4_30,retained,cv,alpha,centro_temporal,48,0.1190430303943387,0.41367741815884884,0.5996934384047741,FALSE
mastoid,ica,10,rel_4_30,retained,cv,alpha,frontal,48,0.24606369396853542,0.0948383066501923,0.23697386648839822,FALSE
mastoid,ica,10,rel_4_30,retained,cv,alpha,parieto_occipital,48,-0.014320891877692286,0.9213871271940639,0.9550221754511801,FALSE
mastoid,ica,10,rel_4_30,retained,cv,beta,centro_temporal,48,0.06146246863989406,0.6721794884551271,0.8031450064884862,FALSE
mastoid,ica,10,rel_4_30,retained,cv,beta,frontal,48,0.17648825749057584,0.22752156317931163,0.41414037342751103,FALSE
mastoid,ica,10,rel_4_30,retained,cv,beta,parieto_occipital,48,0.021406284308151297,0.8827348933474928,0.9350013013839494,FALSE
mastoid,ica,10,rel_4_30,retained,cv,theta,centro_temporal,48,0.2673647473185329,0.07026047266454566,0.19048774531315668,FALSE
mastoid,ica,10,rel_4_30,retained,cv,theta,frontal,48,0.2115770620750908,0.14934819945683792,0.31954411362651103,FALSE
mastoid,ica,10,rel_4_30,retained,cv,theta,parieto_occipital,48,0.420151556840192,0.0054940983312789125,0.0318821706149439,TRUE
mastoid,ica,10,rel_4_30,retained,mean,alpha,centro_temporal,48,-0.23081954545451613,0.11648572822750008,0.27367178721040486,FALSE
mastoid,ica,10,rel_4_30,retained,mean,alpha,frontal,48,-0.19576354378692756,0.18148711552004854,0.3614866317325557,FALSE
mastoid,ica,10,rel_4_30,retained,mean,alpha,parieto_occipital,48,-0.0021408505631608193,0.9882287964824072,0.991348101499485,FALSE
mastoid,ica,10,rel_4_30,retained,mean,beta,centro_temporal,48,-0.15442018840250094,0.2901485565126215,0.48395434908668916,FALSE
mastoid,ica,10,rel_4_30,retained,mean,beta,frontal,48,-0.03234438704861373,0.8236597361441703,0.9028443907889864,FALSE
mastoid,ica,10,rel_4_30,retained,mean,beta,parieto_occipital,48,-0.40909280753143695,0.006748960828255314,0.03649507607824292,TRUE
mastoid,ica,10,rel_4_30,retained,mean,theta,centro_temporal,48,0.4808312394848569,0.0016897458886054517,0.014313141644657943,TRUE
mastoid,ica,10,rel_4_30,retained,mean,theta,frontal,48,0.231063762985129,0.11610970218250599,0.27367178721040486,FALSE
mastoid,ica,10,rel_4_30,retained,mean,theta,parieto_occipital,48,0.46646915663504457,0.002250098730454537,0.017029932713288065,TRUE
mastoid,ica,10,rel_4_30,retained,sd,alpha,centro_temporal,48,-0.02668131561633483,0.8541392501720328,0.9191512329556778,FALSE
mastoid,ica,10,rel_4_30,retained,sd,alpha,frontal,48,0.0758534271902069,0.6016869666955436,0.753174155348446,FALSE
mastoid,ica,10,rel_4_30,retained,sd,alpha,parieto_occipital,48,-0.06105971308454318,0.6741998046099933,0.8038449392067756,FALSE
mastoid,ica,10,rel_4_30,retained,sd,beta,centro_temporal,48,-0.02117276510021243,0.8840047355286775,0.9354726651152828,FALSE
mastoid,ica,10,rel_4_30,retained,sd,beta,frontal,48,0.1409670048907135,0.333743737239374,0.5264747879699052,FALSE
mastoid,ica,10,rel_4_30,retained,sd,beta,parieto_occipital,48,-0.1938984566341153,0.185603533156266,0.3658622484930198,FALSE
mastoid,ica,10,rel_4_30,retained,sd,theta,centro_temporal,48,0.558793596692271,3.3303148618633784e-4,0.004657648986663603,TRUE
mastoid,ica,10,rel_4_30,retained,sd,theta,frontal,48,0.48883475091894857,0.0014378231267048846,0.012821688799606863,TRUE
mastoid,ica,10,rel_4_30,retained,sd,theta,parieto_occipital,48,0.6717391313382399,2.6820260528412053e-5,9.655293790228339e-4,TRUE
mastoid,threshold,2,absolute,removed,cv,alpha,centro_temporal,67,0.3848107950459508,0.0024549298965911527,0.018284995091851344,TRUE
mastoid,threshold,2,absolute,removed,cv,alpha,frontal,67,0.4594653795032737,3.6170576016750553e-4,0.004964988280601016,TRUE
mastoid,threshold,2,absolute,removed,cv,alpha,parieto_occipital,67,0.35143291751179273,0.0054085459994319815,0.031574214483170486,TRUE
mastoid,threshold,2,absolute,removed,cv,beta,centro_temporal,67,-0.044450478786534076,0.7171383286954192,0.8356481761955714,FALSE
mastoid,threshold,2,absolute,removed,cv,beta,frontal,67,0.03710598421177006,0.762292427490015,0.8631544845193958,FALSE
mastoid,threshold,2,absolute,removed,cv,beta,parieto_occipital,67,0.039615953201136374,0.7467586841086403,0.8541917516370678,FALSE
mastoid,threshold,2,absolute,removed,cv,theta,centro_temporal,67,-0.2820415677519032,0.02410610540774444,0.09073043351917752,FALSE
mastoid,threshold,2,absolute,removed,cv,theta,frontal,67,-0.028444623681295515,0.8166145151131519,0.8996875133918771,FALSE
mastoid,threshold,2,absolute,removed,cv,theta,parieto_occipital,67,-0.2636767695263386,0.03454771933232365,0.11822108645353054,FALSE
mastoid,threshold,2,absolute,removed,mean,alpha,centro_temporal,67,-0.2367675000639147,0.05689981467919203,0.16527347376120388,FALSE
mastoid,threshold,2,absolute,removed,mean,alpha,frontal,67,-0.16799687115030967,0.17374628482557966,0.3518362267717988,FALSE
mastoid,threshold,2,absolute,removed,mean,alpha,parieto_occipital,67,-0.14641323812037124,0.2350298974878356,0.4234458950105212,FALSE
mastoid,threshold,2,absolute,removed,mean,beta,centro_temporal,67,0.12914091768523867,0.2943362179978259,0.4882163888974177,FALSE
mastoid,threshold,2,absolute,removed,mean,beta,frontal,67,0.11561166579179055,0.34743610503254907,0.5399007099786375,FALSE
mastoid,threshold,2,absolute,removed,mean,beta,parieto_occipital,67,0.051843305154557325,0.6726864725122903,0.8035038418211321,FALSE
mastoid,threshold,2,absolute,removed,mean,theta,centro_temporal,67,0.7299041517952151,1.0252412086893994e-7,1.612669420976097e-4,TRUE
mastoid,threshold,2,absolute,removed,mean,theta,frontal,67,0.30969831626044814,0.013623105710411558,0.059921088989599816,FALSE
mastoid,threshold,2,absolute,removed,mean,theta,parieto_occipital,67,0.4188461151640639,0.001050412716096949,0.010210011600462345,TRUE
mastoid,threshold,2,absolute,removed,sd,alpha,centro_temporal,67,-0.026959489789834118,0.8260283354289729,0.9049304503093396,FALSE
mastoid,threshold,2,absolute,removed,sd,alpha,frontal,67,0.08002327428315706,0.5147322030829823,0.6850827605041557,FALSE
mastoid,threshold,2,absolute,removed,sd,alpha,parieto_occipital,67,0.09994391806565724,0.4162574465964677,0.6025349785432116,FALSE
mastoid,threshold,2,absolute,removed,sd,beta,centro_temporal,67,0.07015672058159757,0.5677456706143704,0.728513256550717,FALSE
mastoid,threshold,2,absolute,removed,sd,beta,frontal,67,0.13144201942680028,0.28588958717822727,0.4803538093988538,FALSE
mastoid,threshold,2,absolute,removed,sd,beta,parieto_occipital,67,0.08717121747412573,0.4780351989691076,0.6533738271843273,FALSE
mastoid,threshold,2,absolute,removed,sd,theta,centro_temporal,67,0.6594045075773939,9.865783450612702e-7,1.7435530025446447e-4,TRUE
mastoid,threshold,2,absolute,removed,sd,theta,frontal,67,0.40489936827053863,0.0014950380351538024,0.013144333345048064,TRUE
mastoid,threshold,2,absolute,removed,sd,theta,parieto_occipital,67,0.7022414637140848,2.512252444996411e-7,1.612669420976097e-4,TRUE
mastoid,threshold,2,absolute,retained,cv,alpha,centro_temporal,67,0.0679114794397919,0.5801729163299011,0.7369200583765617,FALSE
mastoid,threshold,2,absolute,retained,cv,alpha,frontal,67,0.19312786575637014,0.1187001895630014,0.27593459993361874,FALSE
mastoid,threshold,2,absolute,retained,cv,alpha,parieto_occipital,67,0.1221275910464637,0.32112737956942405,0.5139985515762613,FALSE
mastoid,threshold,2,absolute,retained,cv,beta,centro_temporal,67,0.4653143879575432,3.0885551679954876e-4,0.004366655452060529,TRUE
mastoid,threshold,2,absolute,retained,cv,beta,frontal,67,0.4378356304487988,6.425245211443741e-4,0.007371241468148262,TRUE
mastoid,threshold,2,absolute,retained,cv,beta,parieto_occipital,67,0.6494977301428716,1.3483810193377795e-6,1.825149995169217e-4,TRUE
mastoid,threshold,2,absolute,retained,cv,theta,centro_temporal,67,0.4748713377815792,2.3805211105242744e-4,0.0036446167059013034,TRUE
mastoid,threshold,2,absolute,retained,cv,theta,frontal,67,0.19438339590463566,0.11636668467098421,0.27367178721040486,FALSE
mastoid,threshold,2,absolute,retained,cv,theta,parieto_occipital,67,0.37944688349174116,0.0027953599394633408,0.020126591564136053,TRUE
mastoid,threshold,2,absolute,retained,mean,alpha,centro_temporal,67,-0.004744027093352152,0.969141923929298,0.9817258603728652,FALSE
mastoid,threshold,2,absolute,retained,mean,alpha,frontal,67,0.15126255201539704,0.22005127618041362,0.4052499799758347,FALSE
mastoid,threshold,2,absolute,retained,mean,alpha,parieto_occipital,67,-0.14492155053888706,0.23978269672183064,0.4290267486675,FALSE
mastoid,threshold,2,absolute,retained,mean,beta,centro_temporal,67,0.24852607659130146,0.04594593160581553,0.14429546210291663,FALSE
mastoid,threshold,2,absolute,retained,mean,beta,frontal,67,0.264385655412392,0.03408094650102276,0.11715890362155304,FALSE
mastoid,threshold,2,absolute,retained,mean,beta,parieto_occipital,67,0.16046633901235102,0.19357128930790962,0.37517705524882977,FALSE
mastoid,threshold,2,absolute,retained,mean,theta,centro_temporal,67,0.7053918004712141,2.2695541836582807e-7,1.612669420976097e-4,TRUE
mastoid,threshold,2,absolute,retained,mean,theta,frontal,67,0.5211455470700349,6.49603387137172e-5,0.0015729607908543265,TRUE
mastoid,threshold,2,absolute,retained,mean,theta,parieto_occipital,67,0.4247232326234632,9.03376325739422e-4,0.009341295623603385,TRUE
mastoid,threshold,2,absolute,retained,sd,alpha,centro_temporal,67,-0.007614374829844414,0.9504913176649633,0.9712247682211241,FALSE
mastoid,threshold,2,absolute,retained,sd,alpha,frontal,67,0.21888949977879812,0.07776723384375446,0.205764579074085,FALSE
mastoid,threshold,2,absolute,retained,sd,alpha,parieto_occipital,67,-0.14622037400396376,0.2356405309706292,0.4243494138090812,FALSE
mastoid,threshold,2,absolute,retained,sd,beta,centro_temporal,67,0.4149878655918752,0.001158958965349395,0.01112600606735419,TRUE
mastoid,threshold,2,absolute,retained,sd,beta,frontal,67,0.5250771823686734,5.801485238475265e-5,0.0014839588557363046,TRUE
mastoid,threshold,2,absolute,retained,sd,beta,parieto_occipital,67,0.46755202455793354,2.9066195950882835e-4,0.004185532216927129,TRUE
mastoid,threshold,2,absolute,retained,sd,theta,centro_temporal,67,0.6675193884842062,7.629368997731368e-7,1.612669420976097e-4,TRUE
mastoid,threshold,2,absolute,retained,sd,theta,frontal,67,0.44551109671894346,5.249302137217251e-4,0.00637790209671896,TRUE
mastoid,threshold,2,absolute,retained,sd,theta,parieto_occipital,67,0.39687481694509114,0.0018258674980481922,0.014841941315540527,TRUE
mastoid,threshold,2,rel_1_30,removed,cv,alpha,centro_temporal,67,0.38121134358440856,0.002678786006376541,0.019431194016402968,TRUE
mastoid,threshold,2,rel_1_30,removed,cv,alpha,frontal,67,0.4192168374344704,0.0010405054179657427,0.010164535339323637,TRUE
mastoid,threshold,2,rel_1_30,removed,cv,alpha,parieto_occipital,67,0.33823109132671125,0.007301598193135114,0.038259587297721456,TRUE
mastoid,threshold,2,rel_1_30,removed,cv,beta,centro_temporal,67,-0.030744220428709758,0.8020917804056055,0.8912640303563858,FALSE
mastoid,threshold,2,rel_1_30,removed,cv,beta,frontal,67,-5.564111271990018e-4,0.9963798484374136,0.9974059862833841,FALSE
mastoid,threshold,2,rel_1_30,removed,cv,beta,parieto_occipital,67,-0.04444841058334345,0.7171509114116807,0.8356481761955714,FALSE
mastoid,threshold,2,rel_1_30,removed,cv,theta,centro_temporal,67,-0.328069574307208,0.00915380852764689,0.045279907831413634,TRUE
mastoid,threshold,2,rel_1_30,removed,cv,theta,frontal,67,-0.05052739625377068,0.6805192039570838,0.8078957755679822,FALSE
mastoid,threshold,2,rel_1_30,removed,cv,theta,parieto_occipital,67,-0.3259616392731453,0.009588110045871434,0.04654003977321865,TRUE
mastoid,threshold,2,rel_1_30,removed,mean,alpha,centro_temporal,67,-0.29651210987133947,0.017959296503197154,0.07291394127807335,FALSE
mastoid,threshold,2,rel_1_30,removed,mean,alpha,frontal,67,-0.22873165981450663,0.06560336103105718,0.18117374569880076,FALSE
mastoid,threshold,2,rel_1_30,removed,mean,alpha,parieto_occipital,67,-0.20504184963772923,0.0980101526534491,0.24148509094842213,FALSE
mastoid,threshold,2,rel_1_30,removed,mean,beta,centro_temporal,67,0.04838972668541929,0.6933184756431201,0.8180947597269957,FALSE
mastoid,threshold,2,rel_1_30,removed,mean,beta,frontal,67,-0.03228103402891352,0.7924247794905245,0.8855842318652369,FALSE
mastoid,threshold,2,rel_1_30,removed,mean,beta,parieto_occipital,67,0.03648205679429071,0.7661693324454244,0.8656978682208107,FALSE
mastoid,threshold,2,rel_1_30,removed,mean,theta,centro_temporal,67,0.5952760577161355,7.229986071734707e-6,3.9632025275658256e-4,TRUE
mastoid,threshold,2,rel_1_30,removed,mean,theta,frontal,67,0.2539807807494886,0.041514861963106366,0.13367547242348293,FALSE
mastoid,threshold,2,rel_1_30,removed,mean,theta,parieto_occipital,67,0.4510619199606105,4.529901362765261e-4,0.00573689136756721,TRUE
mastoid,threshold,2,rel_1_30,removed,sd,alpha,centro_temporal,67,0.04394658803119457,0.7202062567964937,0.8364066414871676,FALSE
mastoid,threshold,2,rel_1_30,removed,sd,alpha,frontal,67,0.09267812581198726,0.45079059761705076,0.6306850822364496,FALSE
mastoid,threshold,2,rel_1_30,removed,sd,alpha,parieto_occipital,67,0.1120399613982448,0.3624363414381654,0.5545661139360831,FALSE
mastoid,threshold,2,rel_1_30,removed,sd,beta,centro_temporal,67,0.007364425523079788,0.9521144574682765,0.9721377625257966,FALSE
mastoid,threshold,2,rel_1_30,removed,sd,beta,frontal,67,-0.016069318595031763,0.895753793124855,0.9430519219251113,FALSE
mastoid,threshold,2,rel_1_30,removed,sd,beta,parieto_occipital,67,-0.003217891797960087,0.9790659656526799,0.9882161148643871,FALSE
mastoid,threshold,2,rel_1_30,removed,sd,theta,centro_temporal,67,0.5509726669270877,2.7276729630009694e-5,9.667836287731853e-4,TRUE
mastoid,threshold,2,rel_1_30,removed,sd,theta,frontal,67,0.3243367187688797,0.00993563063743414,0.04756331788797455,TRUE
mastoid,threshold,2,rel_1_30,removed,sd,theta,parieto_occipital,67,0.5462893377303801,3.130431826534306e-5,0.0010210954156424123,TRUE
mastoid,threshold,2,rel_1_30,retained,cv,alpha,centro_temporal,67,0.3749715025639146,0.0031126295932975318,0.02157202113857541,TRUE
mastoid,threshold,2,rel_1_30,retained,cv,alpha,frontal,67,0.48881357627340805,1.6201112870763653e-4,0.003024406433072847,TRUE
mastoid,threshold,2,rel_1_30,retained,cv,alpha,parieto_occipital,67,0.3484454502442391,0.005792235641752148,0.032948599417338076,TRUE
mastoid,threshold,2,rel_1_30,retained,cv,beta,centro_temporal,67,0.4706878460553964,2.668848023539534e-4,0.003915653251140267,TRUE
mastoid,threshold,2,rel_1_30,retained,cv,beta,frontal,67,0.48489678751470133,1.8061315208737477e-4,0.0032216367210290077,TRUE
mastoid,threshold,2,rel_1_30,retained,cv,beta,parieto_occipital,67,0.27094219999934493,0.030018698308474204,0.10629571860049881,FALSE
mastoid,threshold,2,rel_1_30,retained,cv,theta,centro_temporal,67,0.5250905025954365,5.799259087391305e-5,0.0014839588557363046,TRUE
mastoid,threshold,2,rel_1_30,retained,cv,theta,frontal,67,0.5575214212706712,2.2478784865848146e-5,8.918113832491591e-4,TRUE
mastoid,threshold,2,rel_1_30,retained,cv,theta,parieto_occipital,67,0.37305729555960393,0.0032583287307331927,0.022186308415220058,TRUE
mastoid,threshold,2,rel_1_30,retained,mean,alpha,centro_temporal,67,-0.35339409721937487,0.005169574101032336,0.030487268170206597,TRUE
mastoid,threshold,2,rel_1_30,retained,mean,alpha,frontal,67,-0.29068001950548966,0.02024431002698958,0.07990850495932536,FALSE
mastoid,threshold,2,rel_1_30,retained,mean,alpha,parieto_occipital,67,-0.23106348545565866,0.06296906220223086,0.17613216823185152,FALSE
mastoid,threshold,2,rel_1_30,retained,mean,beta,centro_temporal,67,-0.19744956232749505,0.11082275773232803,0.2651562351158716,FALSE
mastoid,threshold,2,rel_1_30,retained,mean,beta,frontal,67,-0.20125638102964624,0.1042386267583852,0.25329986302287605,FALSE
mastoid,threshold,2,rel_1_30,retained,mean,beta,parieto_occipital,67,-0.23995090600931024,0.05373430194846164,0.15875301365928485,FALSE
mastoid,threshold,2,rel_1_30,retained,mean,theta,centro_temporal,67,0.3859592622716548,0.0023872714556212103,0.017849445037413973,TRUE
mastoid,threshold,2,rel_1_30,retained,mean,theta,frontal,67,0.053835636345241536,0.6608965113153127,0.7952849384072844,FALSE
mastoid,threshold,2,rel_1_30,retained,mean,theta,parieto_occipital,67,0.306197280645795,0.014671147798699456,0.06330901514022584,FALSE
mastoid,threshold,2,rel_1_30,retained,sd,alpha,centro_temporal,67,-0.08925737732728194,0.4676072716490022,0.6456168580153837,FALSE
mastoid,threshold,2,rel_1_30,retained,sd,alpha,frontal,67,-0.015358274310195302,0.9003413565352574,0.9440472476292019,FALSE
mastoid,threshold,2,rel_1_30,retained,sd,alpha,parieto_occipital,67,-0.027827230229884575,0.8205247866218754,0.9014411897106108,FALSE
mastoid,threshold,2,rel_1_30,retained,sd,beta,centro_temporal,67,0.17192305434108632,0.16404510305193767,0.3396205328359604,FALSE
mastoid,threshold,2,rel_1_30,retained,sd,beta,frontal,67,0.09980446527742204,0.41690485587369697,0.6025743582854232,FALSE
mastoid,threshold,2,rel_1_30,retained,sd,beta,parieto_occipital,67,0.01950499062704261,0.8736402687138485,0.9282776630526283,FALSE
mastoid,threshold,2,rel_1_30,retained,sd,theta,centro_temporal,67,0.6549140465768148,1.1368868027211592e-6,1.825149995169217e-4,TRUE
mastoid,threshold,2,rel_1_30,retained,sd,theta,frontal,67,0.474667774059216,2.3938305563619405e-4,0.0036498875306412645,TRUE
mastoid,threshold,2,rel_1_30,retained,sd,theta,parieto_occipital,67,0.6150108236899122,3.948667196035489e-6,2.843040381145552e-4,TRUE
mastoid,threshold,2,rel_4_30,removed,cv,alpha,centro_temporal,67,0.3820780428292422,0.0026232039893536734,0.019135116530219664,TRUE
mastoid,threshold,2,rel_4_30,removed,cv,alpha,frontal,67,0.39500004516312465,0.0019125115531346195,0.015234484004903102,TRUE
mastoid,threshold,2,rel_4_30,removed,cv,alpha,parieto_occipital,67,0.3457080230460129,0.0061656930583236375,0.03439342124930029,TRUE
mastoid,threshold,2,rel_4_30,removed,cv,beta,centro_temporal,67,0.028162333080994955,0.8184018342661683,0.9006687692684139,FALSE
mastoid,threshold,2,rel_4_30,removed,cv,beta,frontal,67,0.1186615993037318,0.3349516047773877,0.5275062002301085,FALSE
mastoid,threshold,2,rel_4_30,removed,cv,beta,parieto_occipital,67,-0.0028206674423636316,0.9816496146312851,0.9893549893245127,FALSE
mastoid,threshold,2,rel_4_30,removed,cv,theta,centro_temporal,67,-0.3559875682907158,0.004868531751753204,0.029622615728977238,TRUE
mastoid,threshold,2,rel_4_30,removed,cv,theta,frontal,67,-0.07316003014998818,0.551329070058886,0.7140464438337604,FALSE
mastoid,threshold,2,rel_4_30,removed,cv,theta,parieto_occipital,67,-0.35513946651024697,0.004965144419985007,0.029975902957921907,TRUE
mastoid,threshold,2,rel_4_30,removed,mean,alpha,centro_temporal,67,-0.3081612784253268,0.014074599467750274,0.06121033862484683,FALSE
mastoid,threshold,2,rel_4_30,removed,mean,alpha,frontal,67,-0.2309272522909199,0.06312046900267781,0.17630199962816906,FALSE
mastoid,threshold,2,rel_4_30,removed,mean,alpha,parieto_occipital,67,-0.23209644462584084,0.06183101406248493,0.1743136061501984,FALSE
mastoid,threshold,2,rel_4_30,removed,mean,beta,centro_temporal,67,0.08388875907972178,0.49470311828879765,0.6671542573384827,FALSE
mastoid,threshold,2,rel_4_30,removed,mean,beta,frontal,67,0.08393083166869371,0.4944874863550637,0.6671542573384827,FALSE
mastoid,threshold,2,rel_4_30,removed,mean,beta,parieto_occipital,67,0.03794946036354572,0.7570610110342267,0.8610414028672566,FALSE
mastoid,threshold,2,rel_4_30,removed,mean,theta,centro_temporal,67,0.5969223193959137,6.876281750904938e-6,3.9632025275658256e-4,TRUE
mastoid,threshold,2,rel_4_30,removed,mean,theta,frontal,67,0.27189734143768063,0.029463903731004576,0.10524708620687669,FALSE
mastoid,threshold,2,rel_4_30,removed,mean,theta,parieto_occipital,67,0.46538726084060267,3.082462014456763e-4,0.004366655452060529,TRUE
mastoid,threshold,2,rel_4_30,removed,sd,alpha,centro_temporal,67,0.06431799601542658,0.6003296876482749,0.7522016840401201,FALSE
mastoid,threshold,2,rel_4_30,removed,sd,alpha,frontal,67,0.10646968289342375,0.3866447867602766,0.5757432743279058,FALSE
mastoid,threshold,2,rel_4_30,removed,sd,alpha,parieto_occipital,67,0.1148036196126905,0.35079384820692316,0.5425165003295613,FALSE
mastoid,threshold,2,rel_4_30,removed,sd,beta,centro_temporal,67,0.13242841352530887,0.2823206375205949,0.4768951804727141,FALSE
mastoid,threshold,2,rel_4_30,removed,sd,beta,frontal,67,0.21121906842743937,0.08850195703058387,0.22504617981354488,FALSE
mastoid,threshold,2,rel_4_30,removed,sd,beta,parieto_occipital,67,0.061124188464106596,0.618511884990212,0.7643910390470262,FALSE
mastoid,threshold,2,rel_4_30,removed,sd,theta,centro_temporal,67,0.5320572784751263,4.7415531857171354e-5,0.0013167970561477303,TRUE
mastoid,threshold,2,rel_4_30,removed,sd,theta,frontal,67,0.34184196175363046,0.006730978532570551,0.03644852999252689,TRUE
mastoid,threshold,2,rel_4_30,removed,sd,theta,parieto_occipital,67,0.5257539539873021,5.6894200672460434e-5,0.0014746976814301745,TRUE
mastoid,threshold,2,rel_4_30,retained,cv,alpha,centro_temporal,67,0.2864752681759597,0.022049195225170192,0.08487848617372445,FALSE
mastoid,threshold,2,rel_4_30,retained,cv,alpha,frontal,67,0.47330699087709477,2.484652744235102e-4,0.0037298570925042764,TRUE
mastoid,threshold,2,rel_4_30,retained,cv,alpha,parieto_occipital,67,0.27486804103997226,0.02779561824361324,0.10106071636684272,FALSE
mastoid,threshold,2,rel_4_30,retained,cv,beta,centro_temporal,67,0.29421800472268766,0.0188290325550334,0.07539369575074135,FALSE
mastoid,threshold,2,rel_4_30,retained,cv,beta,frontal,67,0.29585659793326796,0.018204064928065644,0.07352169244236524,FALSE
mastoid,threshold,2,rel_4_30,retained,cv,beta,parieto_occipital,67,0.16205222221636983,0.1892608770545452,0.3692637709753945,FALSE
mastoid,threshold,2,rel_4_30,retained,cv,theta,centro_temporal,67,0.23850250002568482,0.05515542733246905,0.16174792652661668,FALSE
mastoid,threshold,2,rel_4_30,retained,cv,theta,frontal,67,0.10311002911606244,0.40172267576980414,0.5882854099408658,FALSE
mastoid,threshold,2,rel_4_30,retained,cv,theta,parieto_occipital,67,0.29155609313584685,0.019885284863490404,0.07881140422961334,FALSE
mastoid,threshold,2,rel_4_30,retained,mean,alpha,centro_temporal,67,-0.27593402781549964,0.027217612534876322,0.09983214861848975,FALSE
mastoid,threshold,2,rel_4_30,retained,mean,alpha,frontal,67,-0.18941787438020033,0.12581530841388452,0.28606428018314795,FALSE
mastoid,threshold,2,rel_4_30,retained,mean,alpha,parieto_occipital,67,-0.17586527839139346,0.15472974605850115,0.3274846231221843,FALSE
mastoid,threshold,2,rel_4_30,retained,mean,beta,centro_temporal,67,-0.15694172242903948,0.203414510823877,0.3884457849131796,FALSE
mastoid,threshold,2,rel_4_30,retained,mean,beta,frontal,67,-0.12024472686726173,0.3285892767119002,0.5214510644309664,FALSE
mastoid,threshold,2,rel_4_30,retained,mean,beta,parieto_occipital,67,-0.21484797852140064,0.08327988794903077,0.21514432182447282,FALSE
mastoid,threshold,2,rel_4_30,retained,mean,theta,centro_temporal,67,0.5143501020800877,7.890552297921231e-5,0.0017430947349044172,TRUE
mastoid,threshold,2,rel_4_30,retained,mean,theta,frontal,67,0.29422894667406146,0.018824796356743768,0.07539369575074135,FALSE
mastoid,threshold,2,rel_4_30,retained,mean,theta,parieto_occipital,67,0.4497845784227325,4.6865998528872877e-4,0.005849802679488039,TRUE
mastoid,threshold,2,rel_4_30,retained,sd,alpha,centro_temporal,67,-0.020532075415521975,0.8670482256561578,0.9273747749888487,FALSE
mastoid,threshold,2,rel_4_30,retained,sd,alpha,frontal,67,0.11290084626899548,0.3587834130922323,0.5504932557626674,FALSE
mastoid,threshold,2,rel_4_30,retained,sd,alpha,parieto_occipital,67,-0.020371844077936952,0.8680760134757052,0.9273747749888487,FALSE
mastoid,threshold,2,rel_4_30,retained,sd,beta,centro_temporal,67,0.19749990212507323,0.11073354967410423,0.26510593665820026,FALSE
mastoid,threshold,2,rel_4_30,retained,sd,beta,frontal,67,0.18888638693094023,0.12686188781123772,0.2876029270029693,FALSE
mastoid,threshold,2,rel_4_30,retained,sd,beta,parieto_occipital,67,-0.0063453836341165,0.9587340193260327,0.9770793885031757,FALSE
mastoid,threshold,2,rel_4_30,retained,sd,theta,centro_temporal,67,0.6652868325459491,8.189319865252875e-7,1.612669420976097e-4,TRUE
mastoid,threshold,2,rel_4_30,retained,sd,theta,frontal,67,0.42102611800727224,9.934095744028953e-4,0.009928988239790376,TRUE
mastoid,threshold,2,rel_4_30,retained,sd,theta,parieto_occipital,67,0.6214914180915864,3.232012793822499e-6,2.5132131484763753e-4,TRUE
mastoid,threshold,4,absolute,removed,cv,alpha,centro_temporal,51,0.4587549131341312,0.0019160655037030907,0.015234484004903102,TRUE
mastoid,threshold,4,absolute,removed,cv,alpha,frontal,51,0.3887336922504324,0.0077206653707338575,0.03992993695022211,TRUE
mastoid,threshold,4,absolute,removed,cv,alpha,parieto_occipital,51,0.3351633101052452,0.020480597850512545,0.08059571299877812,FALSE
mastoid,threshold,4,absolute,removed,cv,beta,centro_temporal,51,-0.07523406958640627,0.5934582564830078,0.7469724074118724,FALSE
mastoid,threshold,4,absolute,removed,cv,beta,frontal,51,0.09883741397671147,0.48356332521242207,0.658065876242876,FALSE
mastoid,threshold,4,absolute,removed,cv,beta,parieto_occipital,51,-0.10053989183814759,0.4760998434655833,0.652298853029027,FALSE
mastoid,threshold,4,absolute,removed,cv,theta,centro_temporal,51,-0.004658083305766012,0.9735954129054578,0.9851669738162437,FALSE
mastoid,threshold,4,absolute,removed,cv,theta,frontal,51,0.057505398122298435,0.6830686880761767,0.8084538993120777,FALSE
mastoid,threshold,4,absolute,removed,cv,theta,parieto_occipital,51,-0.180894145567972,0.20235120235491658,0.3874054949586413,FALSE
mastoid,threshold,4,absolute,removed,mean,alpha,centro_temporal,51,-0.349358847951558,0.015946164146419885,0.06707783060039331,FALSE
mastoid,threshold,4,absolute,removed,mean,alpha,frontal,51,-0.24007296957746424,0.09263665244777801,0.23266880149674476,FALSE
mastoid,threshold,4,absolute,removed,mean,alpha,parieto_occipital,51,-0.21907404049362109,0.12400759974522221,0.2827809664571401,FALSE
mastoid,threshold,4,absolute,removed,mean,beta,centro_temporal,51,0.20845061367363246,0.14286409019223814,0.31117959813300944,FALSE
mastoid,threshold,4,absolute,removed,mean,beta,frontal,51,0.15507277579023593,0.2734025293233805,0.46721144857556424,FALSE
mastoid,threshold,4,absolute,removed,mean,beta,parieto_occipital,51,0.1547019624877605,0.27453748655714777,0.4685696873284419,FALSE
mastoid,threshold,4,absolute,removed,mean,theta,centro_temporal,51,0.8030222341345612,5.638749640117952e-7,1.612669420976097e-4,TRUE
mastoid,threshold,4,absolute,removed,mean,theta,frontal,51,0.31752692838738134,0.027708276673375536,0.10096511687543026,FALSE
mastoid,threshold,4,absolute,removed,mean,theta,parieto_occipital,51,0.4882347421284411,0.0010283864476816078,0.010163817500243741,TRUE
mastoid,threshold,4,absolute,removed,sd,alpha,centro_temporal,51,0.039916215965691206,0.7767765566899105,0.8743796330082143,FALSE
mastoid,threshold,4,absolute,removed,sd,alpha,frontal,51,-0.053231927795758624,0.7054427183053734,0.8266308887194972,FALSE
mastoid,threshold,4,absolute,removed,sd,alpha,parieto_occipital,51,0.04140508125228696,0.7686903001819342,0.868041791201673,FALSE
mastoid,threshold,4,absolute,removed,sd,beta,centro_temporal,51,0.07262271915685621,0.6063066454689511,0.7555789390110385,FALSE
mastoid,threshold,4,absolute,removed,sd,beta,frontal,51,0.1304271996317323,0.3561036272885213,0.5483290704545627,FALSE
mastoid,threshold,4,absolute,removed,sd,beta,parieto_occipital,51,0.017831272674228155,0.8991814621248504,0.9440019016216793,FALSE
mastoid,threshold,4,absolute,removed,sd,theta,centro_temporal,51,0.8122801064610325,4.456593247828224e-7,1.612669420976097e-4,TRUE
mastoid,threshold,4,absolute,removed,sd,theta,frontal,51,0.4630017238529614,0.0017539045110742117,0.014560854224510582,TRUE
mastoid,threshold,4,absolute,removed,sd,theta,parieto_occipital,51,0.6273021194189515,4.355846931879843e-5,0.0012544839163813948,TRUE
mastoid,threshold,4,absolute,retained,cv,alpha,centro_temporal,51,0.09871703183823316,0.48409353324406557,0.6583427383161599,FALSE
mastoid,threshold,4,absolute,retained,cv,alpha,frontal,51,0.10880398637900615,0.4408101577081498,0.6213958910138354,FALSE
mastoid,threshold,4,absolute,retained,cv,alpha,parieto_occipital,51,0.062409420245541566,0.6577433974816955,0.793701529922046,FALSE
mastoid,threshold,4,absolute,retained,cv,beta,centro_temporal,51,0.28884831706597486,0.04434577703886119,0.1405186480253401,FALSE
mastoid,threshold,4,absolute,retained,cv,beta,frontal,51,0.4173317704543845,0.00443685546622808,0.02795866134958635,TRUE
mastoid,threshold,4,absolute,retained,cv,beta,parieto_occipital,51,0.3615813386870365,0.01279287713022401,0.057105288498634846,FALSE
mastoid,threshold,4,absolute,retained,cv,theta,centro_temporal,51,0.4657628691574095,0.0016555384887079532,0.014146667349662686,TRUE
mastoid,threshold,4,absolute,retained,cv,theta,frontal,51,0.1352150267165184,0.33887761079151746,0.5314869506887535,FALSE
mastoid,threshold,4,absolute,retained,cv,theta,parieto_occipital,51,0.4058246762690773,0.005559332590828952,0.03220393676975857,TRUE
mastoid,threshold,4,absolute,retained,mean,alpha,centro_temporal,51,-0.052418841448876166,0.7097303059641402,0.8304036802854581,FALSE
mastoid,threshold,4,absolute,retained,mean,alpha,frontal,51,0.10022532412605911,0.47747395780786706,0.6533738271843273,FALSE
mastoid,threshold,4,absolute,retained,mean,alpha,parieto_occipital,51,-0.14562386214996734,0.3033602737690193,0.49787452275810345,FALSE
mastoid,threshold,4,absolute,retained,mean,beta,centro_temporal,51,0.3114555039662687,0.03067698863751132,0.10813429902324932,FALSE
mastoid,threshold,4,absolute,retained,mean,beta,frontal,51,0.3995945993385353,0.006272124124953653,0.03487876647385542,TRUE
mastoid,threshold,4,absolute,retained,mean,beta,parieto_occipital,51,0.21993816210478453,0.12256612415958917,0.28088279581764475,FALSE
mastoid,threshold,4,absolute,retained,mean,theta,centro_temporal,51,0.8232098179112352,3.374073905920345e-7,1.612669420976097e-4,TRUE
mastoid,threshold,4,absolute,retained,mean,theta,frontal,51,0.5591550919610797,2.138076470917738e-4,0.0034927904701378843,TRUE
mastoid,threshold,4,absolute,retained,mean,theta,parieto_occipital,51,0.4982934366134054,8.280350523431274e-4,0.008846763197930622,TRUE
mastoid,threshold,4,absolute,retained,sd,alpha,centro_temporal,51,-0.064342792484981,0.6478672285699025,0.7869127724710343,FALSE
mastoid,threshold,4,absolute,retained,sd,alpha,frontal,51,0.065912035203635,0.6398977001348025,0.7799129335812264,FALSE
mastoid,threshold,4,absolute,retained,sd,alpha,parieto_occipital,51,-0.15265727803459037,0.2808552201635886,0.47559455400524064,FALSE
mastoid,threshold,4,absolute,retained,sd,beta,centro_temporal,51,0.40940606384712064,0.005184427599913128,0.030494787456069955,TRUE
mastoid,threshold,4,absolute,retained,sd,beta,frontal,51,0.5380335478019971,3.44766666103915e-4,0.00478024935738762,TRUE
mastoid,threshold,4,absolute,retained,sd,beta,parieto_occipital,51,0.3758322089751664,0.00984012699343078,0.047290993511074006,TRUE
mastoid,threshold,4,absolute,retained,sd,theta,centro_temporal,51,0.6970707320107923,8.01738717311032e-6,4.1562135105403905e-4,TRUE
mastoid,threshold,4,absolute,retained,sd,theta,frontal,51,0.4365145094624962,0.003023376756518494,0.021179979872691723,TRUE
mastoid,threshold,4,absolute,retained,sd,theta,parieto_occipital,51,0.41410824134409374,0.0047278761588848105,0.0290854153571901,TRUE
mastoid,threshold,4,rel_1_30,removed,cv,alpha,centro_temporal,51,0.4872972345942059,0.0010492518208166464,0.010210011600462345,TRUE
mastoid,threshold,4,rel_1_30,removed,cv,alpha,frontal,51,0.46124595118898504,0.0018193057261070337,0.014829057993929029,TRUE
mastoid,threshold,4,rel_1_30,removed,cv,alpha,parieto_occipital,51,0.3489032964691295,0.016076269975633484,0.06728152601212378,FALSE
mastoid,threshold,4,rel_1_30,removed,cv,beta,centro_temporal,51,-0.08703727923575913,0.5370481740296968,0.7037557467568121,FALSE
mastoid,threshold,4,rel_1_30,removed,cv,beta,frontal,51,-0.12910561111219873,0.36095704963096775,0.5529554802857378,FALSE
mastoid,threshold,4,rel_1_30,removed,cv,beta,parieto_occipital,51,-0.16427116814528323,0.24630184401515484,0.4354990863091573,FALSE
mastoid,threshold,4,rel_1_30,removed,cv,theta,centro_temporal,51,-0.08591755169080752,0.5422782822528781,0.7059800833751927,FALSE
mastoid,threshold,4,rel_1_30,removed,cv,theta,frontal,51,-0.038627292266465364,0.7837971174028442,0.8789740964702216,FALSE
mastoid,threshold,4,rel_1_30,removed,cv,theta,parieto_occipital,51,-0.2212403190358595,0.12041945138581052,0.2783536426801613,FALSE
mastoid,threshold,4,rel_1_30,removed,mean,alpha,centro_temporal,51,-0.4109106017764919,0.0050340621985777555,0.030142916579320337,TRUE
mastoid,threshold,4,rel_1_30,removed,mean,alpha,frontal,51,-0.28407379637888347,0.04783197363309254,0.1478304558707979,FALSE
mastoid,threshold,4,rel_1_30,removed,mean,alpha,parieto_occipital,51,-0.29965629605661936,0.03726015937573224,0.12477820814198703,FALSE
mastoid,threshold,4,rel_1_30,removed,mean,beta,centro_temporal,51,0.1626724392364622,0.2508675402935476,0.44168404876619277,FALSE
mastoid,threshold,4,rel_1_30,removed,mean,beta,frontal,51,0.08589643030183797,0.5423771885395321,0.7059800833751927,FALSE
mastoid,threshold,4,rel_1_30,removed,mean,beta,parieto_occipital,51,0.13848762644072007,0.3274254556921804,0.5202411817454833,FALSE
mastoid,threshold,4,rel_1_30,removed,mean,theta,centro_temporal,51,0.6387459160584038,3.312945065626314e-5,0.0010326054377585766,TRUE
mastoid,threshold,4,rel_1_30,removed,mean,theta,frontal,51,0.2719048391479447,0.05780763547705629,0.16685678302508897,FALSE
mastoid,threshold,4,rel_1_30,removed,mean,theta,parieto_occipital,51,0.5125313850129165,6.071226675286642e-4,0.007088567361415755,TRUE
mastoid,threshold,4,rel_1_30,removed,sd,alpha,centro_temporal,51,0.17190372478430194,0.22533120673960766,0.4115387797377522,FALSE
mastoid,threshold,4,rel_1_30,removed,sd,alpha,frontal,51,0.06827494283033778,0.6279780465705358,0.771187190482073,FALSE
mastoid,threshold,4,rel_1_30,removed,sd,alpha,parieto_occipital,51,0.12163053689465321,0.3892076695897202,0.5776442426577598,FALSE
mastoid,threshold,4,rel_1_30,removed,sd,beta,centro_temporal,51,0.023019689653141027,0.8700841921214119,0.9273747749888487,FALSE
mastoid,threshold,4,rel_1_30,removed,sd,beta,frontal,51,-0.10053117349900029,0.47613789734989165,0.652298853029027,FALSE
mastoid,threshold,4,rel_1_30,removed,sd,beta,parieto_occipital,51,-0.08688147044177404,0.537774370156638,0.7042326544860251,FALSE
mastoid,threshold,4,rel_1_30,removed,sd,theta,centro_temporal,51,0.635126760126488,3.6131247332839997e-5,0.0010850412693152614,TRUE
mastoid,threshold,4,rel_1_30,removed,sd,theta,frontal,51,0.3054635309567896,0.0338792835248157,0.11667197018997648,FALSE
mastoid,threshold,4,rel_1_30,removed,sd,theta,parieto_occipital,51,0.4501240642836831,0.0022903049697021323,0.017257181632174205,TRUE
mastoid,threshold,4,rel_1_30,retained,cv,alpha,centro_temporal,51,0.4436666952364576,0.002614318792119184,0.019106149367968773,TRUE
mastoid,threshold,4,rel_1_30,retained,cv,alpha,frontal,51,0.40120362334643483,0.006080327462813585,0.034014839101322615,TRUE
mastoid,threshold,4,rel_1_30,retained,cv,alpha,parieto_occipital,51,0.33230539256410363,0.021522860605736552,0.08337946965934642,FALSE
mastoid,threshold,4,rel_1_30,retained,cv,beta,centro_temporal,51,0.36476496722532953,0.012070627476027914,0.05469766856269992,FALSE
mastoid,threshold,4,rel_1_30,retained,cv,beta,frontal,51,0.4203823273674326,0.0041769278375020395,0.026806777357777815,TRUE
mastoid,threshold,4,rel_1_30,retained,cv,beta,parieto_occipital,51,0.20033476617740142,0.15874329542014595,0.33218187975970265,FALSE
mastoid,threshold,4,rel_1_30,retained,cv,theta,centro_temporal,51,0.43930527149161364,0.0028570816039539754,0.02045733568355996,TRUE
mastoid,threshold,4,rel_1_30,retained,cv,theta,frontal,51,0.5179359739795882,5.390789915622936e-4,0.006529405355745163,TRUE
mastoid,threshold,4,rel_1_30,retained,cv,theta,parieto_occipital,51,0.354062474882325,0.014657517249853098,0.06330901514022584,FALSE
mastoid,threshold,4,rel_1_30,retained,mean,alpha,centro_temporal,51,-0.5175932210432443,5.43167538448321e-4,0.0065584949984070565,TRUE
mastoid,threshold,4,rel_1_30,retained,mean,alpha,frontal,51,-0.38430196287636054,0.008395962338930068,0.042229626874204534,TRUE
mastoid,threshold,4,rel_1_30,retained,mean,alpha,parieto_occipital,51,-0.3009720216071194,0.03646925415166092,0.12289924694887969,FALSE
mastoid,threshold,4,rel_1_30,retained,mean,beta,centro_temporal,51,-0.12677578243325968,0.36961672410298596,0.5596761095129383,FALSE
mastoid,threshold,4,rel_1_30,retained,mean,beta,frontal,51,-0.1478871921401105,0.29598714106312857,0.4902076957978021,FALSE
mastoid,threshold,4,rel_1_30,retained,mean,beta,parieto_occipital,51,-0.1592195965492533,0.2609351444739406,0.45392207682983493,FALSE
mastoid,threshold,4,rel_1_30,retained,mean,theta,centro_temporal,51,0.3870698907530502,0.007968088079798387,0.040713454767757104,TRUE
mastoid,threshold,4,rel_1_30,retained,mean,theta,frontal,51,0.07591686511046672,0.5901200546746618,0.7450815874436241,FALSE
mastoid,threshold,4,rel_1_30,retained,mean,theta,parieto_occipital,51,0.24124631380084383,0.09109727132019392,0.22984178513492143,FALSE
mastoid,threshold,4,rel_1_30,retained,sd,alpha,centro_temporal,51,-0.08710141330802208,0.5367494045284023,0.7037557467568121,FALSE
mastoid,threshold,4,rel_1_30,retained,sd,alpha,frontal,51,-0.13486848907123794,0.3401056145991379,0.5329829220320227,FALSE
mastoid,threshold,4,rel_1_30,retained,sd,alpha,parieto_occipital,51,-0.06840953897450379,0.6273020384521217,0.7706004187999524,FALSE
mastoid,threshold,4,rel_1_30,retained,sd,beta,centro_temporal,51,0.019157723695923858,0.891727617553793,0.9406195101129954,FALSE
mastoid,threshold,4,rel_1_30,retained,sd,beta,frontal,51,-0.00840342113721562,0.9523849633386727,0.9721377625257966,FALSE
mastoid,threshold,4,rel_1_30,retained,sd,beta,parieto_occipital,51,-0.10016860821345894,0.47772194545069824,0.6533738271843273,FALSE
mastoid,threshold,4,rel_1_30,retained,sd,theta,centro_temporal,51,0.6425829809602392,3.0213372979478198e-5,0.0010040136251641986,TRUE
mastoid,threshold,4,rel_1_30,retained,sd,theta,frontal,51,0.4837224010588136,0.001132575723051206,0.01092668588392826,TRUE
mastoid,threshold,4,rel_1_30,retained,sd,theta,parieto_occipital,51,0.5310533016442519,0.00040302029218128337,0.005240611692310468,TRUE
mastoid,threshold,4,rel_4_30,removed,cv,alpha,centro_temporal,51,0.47440415587856694,0.0013803910782630583,0.012481303516945978,TRUE
mastoid,threshold,4,rel_4_30,removed,cv,alpha,frontal,51,0.44197549611420267,0.0027060528379634734,0.019592427251400344,TRUE
mastoid,threshold,4,rel_4_30,removed,cv,alpha,parieto_occipital,51,0.362613806050247,0.01255444148920885,0.056429674578085565,FALSE
mastoid,threshold,4,rel_4_30,removed,cv,beta,centro_temporal,51,-0.006934899223477399,0.9606981563562615,0.9777995895060588,FALSE
mastoid,threshold,4,rel_4_30,removed,cv,beta,frontal,51,0.0305954776444671,0.8279325120182486,0.9057404633446682,FALSE
mastoid,threshold,4,rel_4_30,removed,cv,beta,parieto_occipital,51,-0.14132345320573655,0.3177134463520631,0.5108907773135115,FALSE
mastoid,threshold,4,rel_4_30,removed,cv,theta,centro_temporal,51,-0.11890818644361718,0.3998318746004077,0.5868427060952757,FALSE
mastoid,threshold,4,rel_4_30,removed,cv,theta,frontal,51,-0.0624313389299707,0.6576310811561195,0.793701529922046,FALSE
mastoid,threshold,4,rel_4_30,removed,cv,theta,parieto_occipital,51,-0.23341454904904782,0.10178453562695078,0.24857931816431197,FALSE
mastoid,threshold,4,rel_4_30,removed,mean,alpha,centro_temporal,51,-0.4163428369592382,0.0045243090661727745,0.028338998869340125,TRUE
mastoid,threshold,4,rel_4_30,removed,mean,alpha,frontal,51,-0.2926623710141163,0.041721673100980634,0.13406104546827496,FALSE
mastoid,threshold,4,rel_4_30,removed,mean,alpha,parieto_occipital,51,-0.3222077646747725,0.02559665634054203,0.09523425823160518,FALSE
mastoid,threshold,4,rel_4_30,removed,mean,beta,centro_temporal,51,0.18727008480270144,0.18715222740713544,0.3674909262104438,FALSE
mastoid,threshold,4,rel_4_30,removed,mean,beta,frontal,51,0.1463199193473065,0.30107948901343357,0.49538597261287753,FALSE
mastoid,threshold,4,rel_4_30,removed,mean,beta,parieto_occipital,51,0.1334731315040487,0.3450799520223369,0.5375283868040247,FALSE
mastoid,threshold,4,rel_4_30,removed,mean,theta,centro_temporal,51,0.6349621262992596,3.627394292740272e-5,0.0010850412693152614,TRUE
mastoid,threshold,4,rel_4_30,removed,mean,theta,frontal,51,0.2837241719236207,0.048096339516716116,0.14800735665445952,FALSE
mastoid,threshold,4,rel_4_30,removed,mean,theta,parieto_occipital,51,0.5353942429943832,3.6577007709453206e-4,0.004964988280601016,TRUE
mastoid,threshold,4,rel_4_30,removed,sd,alpha,centro_temporal,51,0.2016157619198957,0.1561491518665525,0.3292155226298042,FALSE
mastoid,threshold,4,rel_4_30,removed,sd,alpha,frontal,51,0.07414803696981238,0.5987861672140322,0.7514233143492896,FALSE
mastoid,threshold,4,rel_4_30,removed,sd,alpha,parieto_occipital,51,0.15511053039111947,0.27328715853923236,0.46721144857556424,FALSE
mastoid,threshold,4,rel_4_30,removed,sd,beta,centro_temporal,51,0.16514300625033543,0.24383744822704162,0.43329067582574854,FALSE
mastoid,threshold,4,rel_4_30,removed,sd,beta,frontal,51,0.14320488304984882,0.31137840983240334,0.5052751491771219,FALSE
mastoid,threshold,4,rel_4_30,removed,sd,beta,parieto_occipital,51,-0.03585974483342848,0.7989322021299727,0.8893225189631845,FALSE
mastoid,threshold,4,rel_4_30,removed,sd,theta,centro_temporal,51,0.6439827673383227,2.9213370696465182e-5,9.953907985344912e-4,TRUE
mastoid,threshold,4,rel_4_30,removed,sd,theta,frontal,51,0.29453521717580705,0.040483446702791276,0.132046678507091,FALSE
mastoid,threshold,4,rel_4_30,removed,sd,theta,parieto_occipital,51,0.4538849648619141,0.002119455022416957,0.01631770520229134,TRUE
mastoid,threshold,4,rel_4_30,retained,cv,alpha,centro_temporal,51,0.4297255329342525,0.003466654549413244,0.023198541976107906,TRUE
mastoid,threshold,4,rel_4_30,retained,cv,alpha,frontal,51,0.3593221481033883,0.013329068728884686,0.058957245981687896,FALSE
mastoid,threshold,4,rel_4_30,retained,cv,alpha,parieto_occipital,51,0.29863871669693065,0.03788211897599575,0.12601084636247448,FALSE
mastoid,threshold,4,rel_4_30,retained,cv,beta,centro_temporal,51,0.09059989312055299,0.520583197017529,0.6889133662369478,FALSE
mastoid,threshold,4,rel_4_30,retained,cv,beta,frontal,51,0.19542325932917337,0.1690018980860723,0.346714094901499,FALSE
mastoid,threshold,4,rel_4_30,retained,cv,beta,parieto_occipital,51,0.00224594024257994,0.9872669329565693,0.9911177246139289,FALSE
mastoid,threshold,4,rel_4_30,retained,cv,theta,centro_temporal,51,0.12619318772684673,0.3718027831513142,0.5624782960670466,FALSE
mastoid,threshold,4,rel_4_30,retained,cv,theta,frontal,51,0.03300635533777518,0.814618587323847,0.8979974673986721,FALSE
mastoid,threshold,4,rel_4_30,retained,cv,theta,parieto_occipital,51,0.3199655099967639,0.026589609974158896,0.09799090386685287,FALSE
mastoid,threshold,4,rel_4_30,retained,mean,alpha,centro_temporal,51,-0.4247562684984193,0.0038289792316671743,0.025020287819700796,TRUE
mastoid,threshold,4,rel_4_30,retained,mean,alpha,frontal,51,-0.27786522367684163,0.0527182706876663,0.1568237463149553,FALSE
mastoid,threshold,4,rel_4_30,retained,mean,alpha,parieto_occipital,51,-0.25022363436657696,0.08000770556007988,0.2096158754835516,FALSE
mastoid,threshold,4,rel_4_30,retained,mean,beta,centro_temporal,51,-0.07685771046803648,0.5855348944816897,0.7413089123232854,FALSE
mastoid,threshold,4,rel_4_30,retained,mean,beta,frontal,51,-0.102405176765557,0.4679978320330128,0.645697505658039,FALSE
mastoid,threshold,4,rel_4_30,retained,mean,beta,parieto_occipital,51,-0.124684177014199,0.3775033238309249,0.567130186651714,FALSE
mastoid,threshold,4,rel_4_30,retained,mean,theta,centro_temporal,51,0.5436456825749533,3.0389883917663984e-4,0.004328053797504673,TRUE
mastoid,threshold,4,rel_4_30,retained,mean,theta,frontal,51,0.34362910387768,0.01765409762642161,0.07179825478193223,FALSE
mastoid,threshold,4,rel_4_30,retained,mean,theta,parieto_occipital,51,0.4281615463396481,0.003577071590257242,0.02381447661458931,TRUE
mastoid,threshold,4,rel_4_30,retained,sd,alpha,centro_temporal,51,0.015747251619623252,0.9109106582483057,0.9504164667101586,FALSE
mastoid,threshold,4,rel_4_30,retained,sd,alpha,frontal,51,-0.021181147306043188,0.8803763976138993,0.9339436381781283,FALSE
mastoid,threshold,4,rel_4_30,retained,sd,alpha,parieto_occipital,51,-0.02664703079935388,0.8498462544715188,0.9168756289001926,FALSE
mastoid,threshold,4,rel_4_30,retained,sd,beta,centro_temporal,51,0.02271109785627834,0.8718101645004201,0.9273747749888487,FALSE
mastoid,threshold,4,rel_4_30,retained,sd,beta,frontal,51,0.0421770670072374,0.7645076479284344,0.8645740939923656,FALSE
mastoid,threshold,4,rel_4_30,retained,sd,beta,parieto_occipital,51,-0.11969944039902353,0.39672556288814176,0.5842738429968919,FALSE
mastoid,threshold,4,rel_4_30,retained,sd,theta,centro_temporal,51,0.571112571892501,1.625774034239262e-4,0.003024406433072847,TRUE
mastoid,threshold,4,rel_4_30,retained,sd,theta,frontal,51,0.3928426523328781,0.0071396977759306925,0.037767544153494606,TRUE
mastoid,threshold,4,rel_4_30,retained,sd,theta,parieto_occipital,51,0.4995049908220428,8.065867037641111e-4,0.00873540140455394,TRUE
mastoid,threshold,8,absolute,removed,cv,alpha,centro_temporal,21,0.3058161868413909,0.17641449237483772,0.35428695576103775,FALSE
mastoid,threshold,8,absolute,removed,cv,alpha,frontal,21,0.4843808844450929,0.038161773964096354,0.12678018778236252,FALSE
mastoid,threshold,8,absolute,removed,cv,alpha,parieto_occipital,21,0.3680121200130443,0.10724808272938545,0.25918074431407523,FALSE
mastoid,threshold,8,absolute,removed,cv,beta,centro_temporal,21,0.15434066101700175,0.4875541429365722,0.6607216827247796,FALSE
mastoid,threshold,8,absolute,removed,cv,beta,frontal,21,0.31093384486850545,0.16961143797956946,0.346992299983909,FALSE
mastoid,threshold,8,absolute,removed,cv,beta,parieto_occipital,21,0.04469200278531256,0.8397948182195039,0.9120453221333605,FALSE
mastoid,threshold,8,absolute,removed,cv,theta,centro_temporal,21,0.06888925296528502,0.755508278569039,0.8598993521886485,FALSE
mastoid,threshold,8,absolute,removed,cv,theta,frontal,21,0.10491171043632075,0.6359002288849496,0.7772336026107148,FALSE
mastoid,threshold,8,absolute,removed,cv,theta,parieto_occipital,21,-0.09048125372964039,0.6828211873714568,0.808407057399581,FALSE
mastoid,threshold,8,absolute,removed,mean,alpha,centro_temporal,21,-0.07447243984166566,0.7364554789008286,0.8476432510261759,FALSE
mastoid,threshold,8,absolute,removed,mean,alpha,frontal,21,-0.14439239378740248,0.5157224221535395,0.685748555859426,FALSE
mastoid,threshold,8,absolute,removed,mean,alpha,parieto_occipital,21,0.1267915516370361,0.5677097096815379,0.728513256550717,FALSE
mastoid,threshold,8,absolute,removed,mean,beta,centro_temporal,21,0.042995836745889554,0.8457912890216159,0.9157439520234036,FALSE
mastoid,threshold,8,absolute,removed,mean,beta,frontal,21,0.035602257653659715,0.8720375970574153,0.9273747749888487,FALSE
mastoid,threshold,8,absolute,removed,mean,beta,parieto_occipital,21,0.12639663232733064,0.5689065486914275,0.7292807983225422,FALSE
mastoid,threshold,8,absolute,removed,mean,theta,centro_temporal,21,0.3838584462895868,0.09385839538945497,0.2349762583239191,FALSE
mastoid,threshold,8,absolute,removed,mean,theta,frontal,21,0.21085108746715428,0.34546312513682575,0.537909743905478,FALSE
mastoid,threshold,8,absolute,removed,mean,theta,parieto_occipital,21,0.38094126126817474,0.09620935918232587,0.23901724504848756,FALSE
mastoid,threshold,8,absolute,removed,sd,alpha,centro_temporal,21,0.07021752937924963,0.7509604246711113,0.8574843263204938,FALSE
mastoid,threshold,8,absolute,removed,sd,alpha,frontal,21,0.07867862137713887,0.7222153195456107,0.8369662270755273,FALSE
mastoid,threshold,8,absolute,removed,sd,alpha,parieto_occipital,21,0.3201280193150364,0.15792247436971862,0.33116946006472164,FALSE
mastoid,threshold,8,absolute,removed,sd,beta,centro_temporal,21,0.09328971858936962,0.6735775627758676,0.8035807192612989,FALSE
mastoid,threshold,8,absolute,removed,sd,beta,frontal,21,0.25380516702000416,0.25848631246971265,0.451156610618894,FALSE
mastoid,threshold,8,absolute,removed,sd,beta,parieto_occipital,21,0.08034578822142079,0.7165992796373666,0.8356481761955714,FALSE
mastoid,threshold,8,absolute,removed,sd,theta,centro_temporal,21,0.4050885702827412,0.07819791311420127,0.20601155907967372,FALSE
mastoid,threshold,8,absolute,removed,sd,theta,frontal,21,0.531520093109686,0.024342051378133858,0.09135318123376876,FALSE
mastoid,threshold,8,absolute,removed,sd,theta,parieto_occipital,21,0.40197427840382993,0.08034190362359538,0.2098408704598565,FALSE
mastoid,threshold,8,absolute,retained,cv,alpha,centro_temporal,21,0.11247558097085801,0.6119046565208415,0.7598010466364044,FALSE
mastoid,threshold,8,absolute,retained,cv,alpha,frontal,21,0.1960861351979941,0.3795678521010927,0.5697914320343817,FALSE
mastoid,threshold,8,absolute,retained,cv,alpha,parieto_occipital,21,0.09267833256179794,0.6755853950705488,0.8049880527227379,FALSE
mastoid,threshold,8,absolute,retained,cv,beta,centro_temporal,21,0.36212780708252623,0.11261939851929989,0.26747967100979714,FALSE
mastoid,threshold,8,absolute,retained,cv,beta,frontal,21,0.48269279580226565,0.03876979542398867,0.1281388162636909,FALSE
mastoid,threshold,8,absolute,retained,cv,beta,parieto_occipital,21,0.25211312002958786,0.2615731052441464,0.45462504836354095,FALSE
mastoid,threshold,8,absolute,retained,cv,theta,centro_temporal,21,0.5065667284360145,0.030942900975821856,0.10897282517572045,FALSE
mastoid,threshold,8,absolute,retained,cv,theta,frontal,21,0.13021638749378253,0.5573851684778406,0.72021054670716,FALSE
mastoid,threshold,8,absolute,retained,cv,theta,parieto_occipital,21,0.425227474354429,0.06550733657374785,0.18114688805030701,FALSE
mastoid,threshold,8,absolute,retained,mean,alpha,centro_temporal,21,-0.02040411544052006,0.9264340113609578,0.9572084603166102,FALSE
mastoid,threshold,8,absolute,retained,mean,alpha,frontal,21,-0.028981860712578415,0.8956695763178344,0.9430519219251113,FALSE
mastoid,threshold,8,absolute,retained,mean,alpha,parieto_occipital,21,-0.12521003514254742,0.5725104284267202,0.7318785414144556,FALSE
mastoid,threshold,8,absolute,retained,mean,beta,centro_temporal,21,0.2985893833230117,0.1863920398649779,0.36656158371018416,FALSE
mastoid,threshold,8,absolute,retained,mean,beta,frontal,21,0.3965996334237601,0.08416295485771023,0.2164190267769692,FALSE
mastoid,threshold,8,absolute,retained,mean,beta,parieto_occipital,21,0.21723262657607395,0.33139290338328553,0.524549531322935,FALSE
mastoid,threshold,8,absolute,retained,mean,theta,centro_temporal,21,0.674183129654681,0.0057809070047673905,0.032948599417338076,TRUE
mastoid,threshold,8,absolute,retained,mean,theta,frontal,21,0.3857742852428389,0.09234152475604519,0.23207747139722282,FALSE
mastoid,threshold,8,absolute,retained,mean,theta,parieto_occipital,21,0.2696254563829715,0.23093230050738273,0.41838992748029075,FALSE
mastoid,threshold,8,absolute,retained,sd,alpha,centro_temporal,21,-0.08703419544255464,0.6942368977029749,0.8189299327272956,FALSE
mastoid,threshold,8,absolute,retained,sd,alpha,frontal,21,0.016404337423379007,0.9408230350912021,0.9644242174384041,FALSE
mastoid,threshold,8,absolute,retained,sd,alpha,parieto_occipital,21,-0.23027441262332596,0.30389248866293284,0.49811719895509393,FALSE
mastoid,threshold,8,absolute,retained,sd,beta,centro_temporal,21,0.38981408510859955,0.08921231183376382,0.22626057952359668,FALSE
mastoid,threshold,8,absolute,retained,sd,beta,frontal,21,0.4738868969711571,0.04208738629126566,0.13501300156802054,FALSE
mastoid,threshold,8,absolute,retained,sd,beta,parieto_occipital,21,0.28095553657033917,0.21262018798536983,0.398078294843304,FALSE
mastoid,threshold,8,absolute,retained,sd,theta,centro_temporal,21,0.7030855485913623,0.004276450969365501,0.027346778567258336,TRUE
mastoid,threshold,8,absolute,retained,sd,theta,frontal,21,0.29724886132330874,0.18829127414462635,0.36806258113338725,FALSE
mastoid,threshold,8,absolute,retained,sd,theta,parieto_occipital,21,0.42610053364846007,0.06500096507627495,0.18000267251891525,FALSE
mastoid,threshold,8,rel_1_30,removed,cv,alpha,centro_temporal,21,0.46223350729579094,0.04687467769597177,0.1459157300896223,FALSE
mastoid,threshold,8,rel_1_30,removed,cv,alpha,frontal,21,0.42966778151092944,0.0629678927096416,0.17613216823185152,FALSE
mastoid,threshold,8,rel_1_30,removed,cv,alpha,parieto_occipital,21,0.3511324816297579,0.12326817814587342,0.28125978675537316,FALSE
mastoid,threshold,8,rel_1_30,removed,cv,beta,centro_temporal,21,0.11873771816310282,0.5923708099653289,0.7469724074118724,FALSE
mastoid,threshold,8,rel_1_30,removed,cv,beta,frontal,21,0.28909076962891683,0.2001825031337682,0.3851639237565319,FALSE
mastoid,threshold,8,rel_1_30,removed,cv,beta,parieto_occipital,21,0.11960089974619265,0.5897025390339592,0.7450815874436241,FALSE
mastoid,threshold,8,rel_1_30,removed,cv,theta,centro_temporal,21,-0.0680974300414666,0.7582237403654772,0.8614768856051945,FALSE
mastoid,threshold,8,rel_1_30,removed,cv,theta,frontal,21,-0.010925742020511513,0.9605648275772596,0.9777995895060588,FALSE
mastoid,threshold,8,rel_1_30,removed,cv,theta,parieto_occipital,21,-0.18525222471343947,0.40596589395182303,0.5927132541061539,FALSE
mastoid,threshold,8,rel_1_30,removed,mean,alpha,centro_temporal,21,-0.03569967318351969,0.871690724530399,0.9273747749888487,FALSE
mastoid,threshold,8,rel_1_30,removed,mean,alpha,frontal,21,-0.06719731130295738,0.7613144922588275,0.8629710629452833,FALSE
mastoid,threshold,8,rel_1_30,removed,mean,alpha,parieto_occipital,21,0.07943253829394124,0.7196736460171698,0.8362495922638243,FALSE
mastoid,threshold,8,rel_1_30,removed,mean,beta,centro_temporal,21,-0.12492150981688127,0.5733884855888127,0.731944732022479,FALSE
mastoid,threshold,8,rel_1_30,removed,mean,beta,frontal,21,-0.10794155599524903,0.6262368701226534,0.7697783594805173,FALSE
mastoid,threshold,8,rel_1_30,removed,mean,beta,parieto_occipital,21,-0.16509461441625095,0.45813448563866566,0.6382038266439025,FALSE
mastoid,threshold,8,rel_1_30,removed,mean,theta,centro_temporal,21,0.20095970444161337,0.3680713875987599,0.5588241690887189,FALSE
mastoid,threshold,8,rel_1_30,removed,mean,theta,frontal,21,0.15498212297369982,0.4857689843273423,0.6587617059869922,FALSE
mastoid,threshold,8,rel_1_30,removed,mean,theta,parieto_occipital,21,0.22146855594389325,0.32227645877371003,0.51482572685329,FALSE
mastoid,threshold,8,rel_1_30,removed,sd,alpha,centro_temporal,21,0.22002434052531847,0.3253646846815609,0.5178696017042566,FALSE
mastoid,threshold,8,rel_1_30,removed,sd,alpha,frontal,21,0.1883149337158847,0.39838592058689504,0.5858058452974724,FALSE
mastoid,threshold,8,rel_1_30,removed,sd,alpha,parieto_occipital,21,0.24475096860034762,0.2753231096891189,0.46970436615677674,FALSE
mastoid,threshold,8,rel_1_30,removed,sd,beta,centro_temporal,21,0.09857203698443749,0.6563355798562263,0.7927408308421894,FALSE
mastoid,threshold,8,rel_1_30,removed,sd,beta,frontal,21,0.2460188351997559,0.27291799887918833,0.4670357304763575,FALSE
mastoid,threshold,8,rel_1_30,removed,sd,beta,parieto_occipital,21,0.08642413847145973,0.6962651371414922,0.8205755844820011,FALSE
mastoid,threshold,8,rel_1_30,removed,sd,theta,centro_temporal,21,0.23813755264163505,0.28812104966614804,0.48243524595262,FALSE
mastoid,threshold,8,rel_1_30,removed,sd,theta,frontal,21,0.3628908391289015,0.11191024844589205,0.26660970953286045,FALSE
mastoid,threshold,8,rel_1_30,removed,sd,theta,parieto_occipital,21,0.1768524018712035,0.4272264277280087,0.6100096771966572,FALSE
mastoid,threshold,8,rel_1_30,retained,cv,alpha,centro_temporal,21,0.2517609945648122,0.26221891996585245,0.4553141091937055,FALSE
mastoid,threshold,8,rel_1_30,retained,cv,alpha,frontal,21,0.2223944651371295,0.32030740997910595,0.5133368549046842,FALSE
mastoid,threshold,8,rel_1_30,retained,cv,alpha,parieto_occipital,21,0.3304627480192425,0.14557632366527365,0.31427465597957266,FALSE
mastoid,threshold,8,rel_1_30,retained,cv,beta,centro_temporal,21,0.11040376620429398,0.6184343823699333,0.7643910390470262,FALSE
mastoid,threshold,8,rel_1_30,retained,cv,beta,frontal,21,0.2337072129715367,0.2969326879966611,0.49103854077332154,FALSE
mastoid,threshold,8,rel_1_30,retained,cv,beta,parieto_occipital,21,-0.24285815692822463,0.27894263823980125,0.47338672085392725,FALSE
mastoid,threshold,8,rel_1_30,retained,cv,theta,centro_temporal,21,0.27440914803764094,0.2230583345342147,0.4088876966850668,FALSE
mastoid,threshold,8,rel_1_30,retained,cv,theta,frontal,21,0.5731664778946904,0.016168613860841216,0.06737788927218719,FALSE
mastoid,threshold,8,rel_1_30,retained,cv,theta,parieto_occipital,21,0.17269025696776524,0.43801545835215816,0.6191884609210461,FALSE
mastoid,threshold,8,rel_1_30,retained,mean,alpha,centro_temporal,21,-0.23034378578777984,0.3037506928123281,0.49811719895509393,FALSE
mastoid,threshold,8,rel_1_30,retained,mean,alpha,frontal,21,-0.22195115737189017,0.3212490947351633,0.5139985515762613,FALSE
mastoid,threshold,8,rel_1_30,retained,mean,alpha,parieto_occipital,21,0.03937099344093638,0.8586380534088529,0.9229135683525601,FALSE
mastoid,threshold,8,rel_1_30,retained,mean,beta,centro_temporal,21,-0.010442619619763416,0.9623071712724944,0.9784127306243354,FALSE
mastoid,threshold,8,rel_1_30,retained,mean,beta,frontal,21,0.059294340239179205,0.7886217948506516,0.8834340601056648,FALSE
mastoid,threshold,8,rel_1_30,retained,mean,beta,parieto_occipital,21,-0.04154323588293993,0.8509343518948979,0.9171216158286999,FALSE
mastoid,threshold,8,rel_1_30,retained,mean,theta,centro_temporal,21,0.12893422162651036,0.5612388561311081,0.7239869517709848,FALSE
mastoid,threshold,8,rel_1_30,retained,mean,theta,frontal,21,-0.05236517464779032,0.8127979155697378,0.8979974673986721,FALSE
mastoid,threshold,8,rel_1_30,retained,mean,theta,parieto_occipital,21,0.2547242900675527,0.2568209906233472,0.44897482533434074,FALSE
mastoid,threshold,8,rel_1_30,retained,sd,alpha,centro_temporal,21,0.014770973615623519,0.9467052639002435,0.9688839342048293,FALSE
mastoid,threshold,8,rel_1_30,retained,sd,alpha,frontal,21,-0.017291364106070257,0.9376300215796831,0.962636790045368,FALSE
mastoid,threshold,8,rel_1_30,retained,sd,alpha,parieto_occipital,21,0.2498815092885088,0.2656860399685231,0.4587022213236544,FALSE
mastoid,threshold,8,rel_1_30,retained,sd,beta,centro_temporal,21,0.1079484119441533,0.626215081091558,0.7697783594805173,FALSE
mastoid,threshold,8,rel_1_30,retained,sd,beta,frontal,21,0.1823290001107063,0.4132865479032741,0.5996335497892122,FALSE
mastoid,threshold,8,rel_1_30,retained,sd,beta,parieto_occipital,21,-0.14625974253961435,0.5103665529426515,0.6815245035587508,FALSE
mastoid,threshold,8,rel_1_30,retained,sd,theta,centro_temporal,21,0.36103152768945956,0.1136449328413421,0.2691738363007071,FALSE
mastoid,threshold,8,rel_1_30,retained,sd,theta,frontal,21,0.48515037443432507,0.03788752042122753,0.12601084636247448,FALSE
mastoid,threshold,8,rel_1_30,retained,sd,theta,parieto_occipital,21,0.3866514718419865,0.09165410851748859,0.23064466053621152,FALSE
mastoid,threshold,8,rel_4_30,removed,cv,alpha,centro_temporal,21,0.4564564965724913,0.04942621208441084,0.15036706774975692,FALSE
mastoid,threshold,8,rel_4_30,removed,cv,alpha,frontal,21,0.41158995385746466,0.07388308402892138,0.19747127565068084,FALSE
mastoid,threshold,8,rel_4_30,removed,cv,alpha,parieto_occipital,21,0.34787436621626794,0.12658176367656723,0.2874707343308957,FALSE
mastoid,threshold,8,rel_4_30,removed,cv,beta,centro_temporal,21,0.15837743286836645,0.47638365983582254,0.6524056602471567,FALSE
mastoid,threshold,8,rel_4_30,removed,cv,beta,frontal,21,0.303381663720289,0.17972676624944667,0.3587154348962262,FALSE
mastoid,threshold,8,rel_4_30,removed,cv,beta,parieto_occipital,21,0.1315157669749902,0.5534939390185764,0.7158963522635479,FALSE
mastoid,threshold,8,rel_4_30,removed,cv,theta,centro_temporal,21,-0.07401024431752361,0.7380263266646749,0.8491998692134526,FALSE
mastoid,threshold,8,rel_4_30,removed,cv,theta,frontal,21,-0.019039017518639883,0.9313422362035892,0.9590520362435372,FALSE
mastoid,threshold,8,rel_4_30,removed,cv,theta,parieto_occipital,21,-0.1720903576382456,0.4395843102025463,0.6203643550154265,FALSE
mastoid,threshold,8,rel_4_30,removed,mean,alpha,centro_temporal,21,-0.0385212371193154,0.861655645985775,0.9247631790193114,FALSE
mastoid,threshold,8,rel_4_30,removed,mean,alpha,frontal,21,-0.06794115994587278,0.7587600308135944,0.8615826518116985,FALSE
mastoid,threshold,8,rel_4_30,removed,mean,alpha,parieto_occipital,21,0.051861121611850906,0.8145644191020305,0.8979974673986721,FALSE
mastoid,threshold,8,rel_4_30,removed,mean,beta,centro_temporal,21,-0.04728877337650585,0.830633917646298,0.9070267310765325,FALSE
mastoid,threshold,8,rel_4_30,removed,mean,beta,frontal,21,-0.01403971275706676,0.9493397863903799,0.9705582670222974,FALSE
mastoid,threshold,8,rel_4_30,removed,mean,beta,parieto_occipital,21,-0.16448029414513207,0.459785751035222,0.6392426544181812,FALSE
mastoid,threshold,8,rel_4_30,removed,mean,theta,centro_temporal,21,0.20534530690729402,0.3579274912729503,0.5500482553633324,FALSE
mastoid,threshold,8,rel_4_30,removed,mean,theta,frontal,21,0.16111860906954137,0.4688850983019365,0.6464628589354359,FALSE
mastoid,threshold,8,rel_4_30,removed,mean,theta,parieto_occipital,21,0.1998112843666423,0.3707592299471735,0.5611179003638033,FALSE
mastoid,threshold,8,rel_4_30,removed,sd,alpha,centro_temporal,21,0.22814726456657453,0.3082632752051002,0.5025273014664275,FALSE
mastoid,threshold,8,rel_4_30,removed,sd,alpha,frontal,21,0.20071704914739913,0.3686382244335974,0.5589958723080447,FALSE
mastoid,threshold,8,rel_4_30,removed,sd,alpha,parieto_occipital,21,0.22108093657652694,0.32310329386983905,0.5159037398628067,FALSE
mastoid,threshold,8,rel_4_30,removed,sd,beta,centro_temporal,21,0.17361280846725566,0.43560958391812754,0.6169945582053479,FALSE
mastoid,threshold,8,rel_4_30,removed,sd,beta,frontal,21,0.29138744440802666,0.19677659795578267,0.3798745843356917,FALSE
mastoid,threshold,8,rel_4_30,removed,sd,beta,parieto_occipital,21,0.0945185145636475,0.6695496922721125,0.801727503404365,FALSE
mastoid,threshold,8,rel_4_30,removed,sd,theta,centro_temporal,21,0.26108832189607806,0.24550977435646268,0.43523746811421754,FALSE
mastoid,threshold,8,rel_4_30,removed,sd,theta,frontal,21,0.37978999761094856,0.0971510247285369,0.2405880153786952,FALSE
mastoid,threshold,8,rel_4_30,removed,sd,theta,parieto_occipital,21,0.1794493321820832,0.4205798703828717,0.6057061289489747,FALSE
mastoid,threshold,8,rel_4_30,retained,cv,alpha,centro_temporal,21,0.2836520576400699,0.2084325685960789,0.39381001754065564,FALSE
mastoid,threshold,8,rel_4_30,retained,cv,alpha,frontal,21,0.3550244723957277,0.11940575923104141,0.2768333881277812,FALSE
mastoid,threshold,8,rel_4_30,retained,cv,alpha,parieto_occipital,21,0.2787457510799078,0.21610043442329463,0.4012409212214754,FALSE
mastoid,threshold,8,rel_4_30,retained,cv,beta,centro_temporal,21,-0.050027694194953926,0.820998343419794,0.9014520076860094,FALSE
mastoid,threshold,8,rel_4_30,retained,cv,beta,frontal,21,-0.0760615686967579,0.7310636421248663,0.8429345909197747,FALSE
mastoid,threshold,8,rel_4_30,retained,cv,beta,parieto_occipital,21,-0.11859157251035311,0.5928231657384987,0.7469724074118724,FALSE
mastoid,threshold,8,rel_4_30,retained,cv,theta,centro_temporal,21,0.3287051089535091,0.14761818992362882,0.31734512963512584,FALSE
mastoid,threshold,8,rel_4_30,retained,cv,theta,frontal,21,0.34418327757242234,0.1304255143687204,0.29328768066257077,FALSE
mastoid,threshold,8,rel_4_30,retained,cv,theta,parieto_occipital,21,0.5694779690610687,0.01677202608693774,0.06893196345244602,FALSE
mastoid,threshold,8,rel_4_30,retained,mean,alpha,centro_temporal,21,-0.1328320635922199,0.5495667047392228,0.7120011156368203,FALSE
mastoid,threshold,8,rel_4_30,retained,mean,alpha,frontal,21,-0.16182845435471924,0.466954811304066,0.6454259130723938,FALSE
mastoid,threshold,8,rel_4_30,retained,mean,alpha,parieto_occipital,21,0.06435245825425007,0.7711096680921354,0.8700157833842782,FALSE
mastoid,threshold,8,rel_4_30,retained,mean,beta,centro_temporal,21,-0.013359942816798386,0.9517893374062961,0.9721377625257966,FALSE
mastoid,threshold,8,rel_4_30,retained,mean,beta,frontal,21,0.08691601467174606,0.694629626566712,0.8191446733671145,FALSE
mastoid,threshold,8,rel_4_30,retained,mean,beta,parieto_occipital,21,-0.11028416241658114,0.6188123363020731,0.764519340178729,FALSE
mastoid,threshold,8,rel_4_30,retained,mean,theta,centro_temporal,21,0.15123476003431255,0.4962514207857036,0.6689726615415756,FALSE
mastoid,threshold,8,rel_4_30,retained,mean,theta,frontal,21,0.046573470515099434,0.8331549551171782,0.908131893887185,FALSE
mastoid,threshold,8,rel_4_30,retained,mean,theta,parieto_occipital,21,0.061248817823832534,0.7818408199548971,0.8775395808269745,FALSE
mastoid,threshold,8,rel_4_30,retained,sd,alpha,centro_temporal,21,0.0330797340643824,0.8810286991119494,0.9341358494907634,FALSE
mastoid,threshold,8,rel_4_30,retained,sd,alpha,frontal,21,0.0813865380991718,0.7131017184498663,0.8327857155559032,FALSE
mastoid,threshold,8,rel_4_30,retained,sd,alpha,parieto_occipital,21,0.11820631437090728,0.5940164481378107,0.7471808315625391,FALSE
mastoid,threshold,8,rel_4_30,retained,sd,beta,centro_temporal,21,-0.05007921986207242,0.8208173483250225,0.9014520076860094,FALSE
mastoid,threshold,8,rel_4_30,retained,sd,beta,frontal,21,0.003995740108480976,0.9855723687230159,0.9911177246139289,FALSE
mastoid,threshold,8,rel_4_30,retained,sd,beta,parieto_occipital,21,-0.2123873782684373,0.3420389064927766,0.5349345408060802,FALSE
mastoid,threshold,8,rel_4_30,retained,sd,theta,centro_temporal,21,0.4452836601992136,0.05471905935820995,0.16092867079025738,FALSE
mastoid,threshold,8,rel_4_30,retained,sd,theta,frontal,21,0.42659587846825603,0.06471521377867966,0.17972339369393323,FALSE
mastoid,threshold,8,rel_4_30,retained,sd,theta,parieto_occipital,21,0.49941824057741735,0.03311860909520979,0.11466175615509855,FALSE
mastoid,threshold,10,absolute,removed,cv,alpha,centro_temporal,17,0.4649484872933813,0.07326874537031235,0.19632499178702115,FALSE
mastoid,threshold,10,absolute,removed,cv,alpha,frontal,17,0.5172831832014158,0.048777406479256526,0.14903419418415567,FALSE
mastoid,threshold,10,absolute,removed,cv,alpha,parieto_occipital,17,0.7964372850216905,0.004676217737636002,0.028904824425959895,TRUE
mastoid,threshold,10,absolute,removed,cv,beta,centro_temporal,17,0.11752458239736367,0.6345507718066256,0.7763163627388798,FALSE
mastoid,threshold,10,absolute,removed,cv,beta,frontal,17,0.20943605044510605,0.40060772842818315,0.58753785293428,FALSE
mastoid,threshold,10,absolute,removed,cv,beta,parieto_occipital,17,0.009637305150673793,0.968795497205109,0.9816723724611581,FALSE
mastoid,threshold,10,absolute,removed,cv,theta,centro_temporal,17,-0.01816799736685484,0.9412160453681562,0.9644242174384041,FALSE
mastoid,threshold,10,absolute,removed,cv,theta,frontal,17,0.31782427452664413,0.2085531960175437,0.39381001754065564,FALSE
mastoid,threshold,10,absolute,removed,cv,theta,parieto_occipital,17,-0.2376689551004309,0.3417044830255268,0.5346265714298786,FALSE
mastoid,threshold,10,absolute,removed,mean,alpha,centro_temporal,17,-0.2004074158356052,0.4207850448279785,0.6057061289489747,FALSE
mastoid,threshold,10,absolute,removed,mean,alpha,frontal,17,-0.21459184367591316,0.3893757942137186,0.5776442426577598,FALSE
mastoid,threshold,10,absolute,removed,mean,alpha,parieto_occipital,17,-0.11085084681910036,0.6537795301311303,0.7913455870515217,FALSE
mastoid,threshold,10,absolute,removed,mean,beta,centro_temporal,17,0.05146349986942749,0.8346387876444032,0.9087444293630695,FALSE
mastoid,threshold,10,absolute,removed,mean,beta,frontal,17,0.06816893717984424,0.7822607082032369,0.8777574699838917,FALSE
mastoid,threshold,10,absolute,removed,mean,beta,parieto_occipital,17,0.11551397207764708,0.6403163047073761,0.7801785624262859,FALSE
mastoid,threshold,10,absolute,removed,mean,theta,centro_temporal,17,0.4586776292200609,0.0768477223002324,0.2041271390578436,FALSE
mastoid,threshold,10,absolute,removed,mean,theta,frontal,17,0.12850398436603994,0.6035013404991362,0.7549368568809,FALSE
mastoid,threshold,10,absolute,removed,mean,theta,parieto_occipital,17,0.539912105363524,0.04072670412343586,0.13241109858903402,FALSE
mastoid,threshold,10,absolute,removed,sd,alpha,centro_temporal,17,0.13758960332810866,0.5783861654659694,0.7361301929637478,FALSE
mastoid,threshold,10,absolute,removed,sd,alpha,frontal,17,0.0966290675667285,0.6955928181945384,0.8200318002244893,FALSE
mastoid,threshold,10,absolute,removed,sd,alpha,parieto_occipital,17,0.5194095768817087,0.047962725335932,0.14800735665445952,FALSE
mastoid,threshold,10,absolute,removed,sd,beta,centro_temporal,17,-0.0025791910859115923,0.991646703626847,0.9942038121973134,FALSE
mastoid,threshold,10,absolute,removed,sd,beta,frontal,17,0.15778099300003212,0.5245710968612933,0.6927759594418167,FALSE
mastoid,threshold,10,absolute,removed,sd,beta,parieto_occipital,17,0.010680403529801794,0.9654202683611914,0.9800402097619615,FALSE
mastoid,threshold,10,absolute,removed,sd,theta,centro_temporal,17,0.38378361310252507,0.1331266915666685,0.2974205500087876,FALSE
mastoid,threshold,10,absolute,removed,sd,theta,frontal,17,0.4223592962752204,0.10079701805113502,0.24663235127930327,FALSE
mastoid,threshold,10,absolute,removed,sd,theta,parieto_occipital,17,0.4975514054761651,0.05696543801348923,0.16528479328092996,FALSE
mastoid,threshold,10,absolute,retained,cv,alpha,centro_temporal,17,0.10506236613364324,0.6706648006563818,0.8023214599852345,FALSE
mastoid,threshold,10,absolute,retained,cv,alpha,frontal,17,0.21450960342272474,0.3895532932738287,0.5776442426577598,FALSE
mastoid,threshold,10,absolute,retained,cv,alpha,parieto_occipital,17,0.05983413734934742,0.8082758480047719,0.8948110754676974,FALSE
mastoid,threshold,10,absolute,retained,cv,beta,centro_temporal,17,0.04638272556617788,0.8507426167524774,0.9171216158286999,FALSE
mastoid,threshold,10,absolute,retained,cv,beta,frontal,17,0.1627614016437855,0.5117405575519476,0.6825548156987898,FALSE
mastoid,threshold,10,absolute,retained,cv,beta,parieto_occipital,17,0.012811947301838187,0.9585252611705879,0.9770793885031757,FALSE
mastoid,threshold,10,absolute,retained,cv,theta,centro_temporal,17,0.3458941314461045,0.17304291348878606,0.3510504287153166,FALSE
mastoid,threshold,10,absolute,retained,cv,theta,frontal,17,-0.12810779136357134,0.6046086750312085,0.7553722778024867,FALSE
mastoid,threshold,10,absolute,retained,cv,theta,parieto_occipital,17,0.258440323169263,0.30243161649561423,0.4969832238167934,FALSE
mastoid,threshold,10,absolute,retained,mean,alpha,centro_temporal,17,-0.08940948911361717,0.7172249158649675,0.8356481761955714,FALSE
mastoid,threshold,10,absolute,retained,mean,alpha,frontal,17,-0.13245129706820025,0.592523814319418,0.7469724074118724,FALSE
mastoid,threshold,10,absolute,retained,mean,alpha,parieto_occipital,17,-0.21120548455062016,0.39672915265221054,0.5842738429968919,FALSE
mastoid,threshold,10,absolute,retained,mean,beta,centro_temporal,17,0.3487506773226489,0.16972369768503023,0.346992299983909,FALSE
mastoid,threshold,10,absolute,retained,mean,beta,frontal,17,0.42868204682405003,0.09620744000100295,0.23901724504848756,FALSE
mastoid,threshold,10,absolute,retained,mean,beta,parieto_occipital,17,0.25618605031713293,0.30652824619557406,0.5005840827397636,FALSE
mastoid,threshold,10,absolute,retained,mean,theta,centro_temporal,17,0.7305068623614513,0.008270559676671382,0.04176095587389394,TRUE
mastoid,threshold,10,absolute,retained,mean,theta,frontal,17,0.4268759021900742,0.09749944804035739,0.24114367301584577,FALSE
mastoid,threshold,10,absolute,retained,mean,theta,parieto_occipital,17,0.40245730409426206,0.11651038182954405,0.27367178721040486,FALSE
mastoid,threshold,10,absolute,retained,sd,alpha,centro_temporal,17,-0.10138767215848295,0.6814802048023701,0.80798432651929,FALSE
mastoid,threshold,10,absolute,retained,sd,alpha,frontal,17,-0.07511526982083509,0.7607800241593163,0.8626167203066264,FALSE
mastoid,threshold,10,absolute,retained,sd,alpha,parieto_occipital,17,-0.2595061619900187,0.3005086481004934,0.4948655755250818,FALSE
mastoid,threshold,10,absolute,retained,sd,beta,centro_temporal,17,0.36683234578224244,0.14990958417046196,0.31954411362651103,FALSE
mastoid,threshold,10,absolute,retained,sd,beta,frontal,17,0.4203351154677639,0.10230619423720298,0.24953982634519775,FALSE
mastoid,threshold,10,absolute,retained,sd,beta,parieto_occipital,17,0.23912988625266046,0.3388299486081049,0.5314869506887535,FALSE
mastoid,threshold,10,absolute,retained,sd,theta,centro_temporal,17,0.6579780108851835,0.01536015131110623,0.06548275032629498,FALSE
mastoid,threshold,10,absolute,retained,sd,theta,frontal,17,0.24643105919041447,0.3247194273283439,0.517829427319105,FALSE
mastoid,threshold,10,absolute,retained,sd,theta,parieto_occipital,17,0.3739397929130647,0.14266820662521554,0.31092712295898994,FALSE
mastoid,threshold,10,rel_1_30,removed,cv,alpha,centro_temporal,17,0.5374678927259795,0.04153291427149367,0.13367547242348293,FALSE
mastoid,threshold,10,rel_1_30,removed,cv,alpha,frontal,17,0.4058645988274014,0.11367886810847766,0.2691738363007071,FALSE
mastoid,threshold,10,rel_1_30,removed,cv,alpha,parieto_occipital,17,0.7274237215090508,0.008492867309650664,0.042497127541726874,TRUE
mastoid,threshold,10,rel_1_30,removed,cv,beta,centro_temporal,17,0.18919373464474856,0.4467391142117658,0.6268212472231489,FALSE
mastoid,threshold,10,rel_1_30,removed,cv,beta,frontal,17,0.26632212553372575,0.2884224577488645,0.48252431829930514,FALSE
mastoid,threshold,10,rel_1_30,removed,cv,beta,parieto_occipital,17,0.34227206639241,0.17732787355885443,0.3553869960808382,FALSE
mastoid,threshold,10,rel_1_30,removed,cv,theta,centro_temporal,17,-0.025117055953633078,0.9188052790309804,0.9546503077110863,FALSE
mastoid,threshold,10,rel_1_30,removed,cv,theta,frontal,17,0.31363428257130577,0.2143203916581297,0.4002294345661903,FALSE
mastoid,threshold,10,rel_1_30,removed,cv,theta,parieto_occipital,17,-0.2501315120517933,0.3177299124341746,0.5108907773135115,FALSE
mastoid,threshold,10,rel_1_30,removed,mean,alpha,centro_temporal,17,-0.12701602112073063,0.6076652633290787,0.7560328140235064,FALSE
mastoid,threshold,10,rel_1_30,removed,mean,alpha,frontal,17,-0.10264841893254037,0.6777613147200645,0.8062007953881977,FALSE
mastoid,threshold,10,rel_1_30,removed,mean,alpha,parieto_occipital,17,-0.12361687065296816,0.6172297955164725,0.7635346627324356,FALSE
mastoid,threshold,10,rel_1_30,removed,mean,beta,centro_temporal,17,-0.08344695274448853,0.7352809180848344,0.8470436176337292,FALSE
mastoid,threshold,10,rel_1_30,removed,mean,beta,frontal,17,-0.05659945602060375,0.8184369800455843,0.9006687692684139,FALSE
mastoid,threshold,10,rel_1_30,removed,mean,beta,parieto_occipital,17,-0.012597963765277555,0.9592172998355162,0.9773157394550542,FALSE
mastoid,threshold,10,rel_1_30,removed,mean,theta,centro_temporal,17,0.3398111718484808,0.18028825851077201,0.3596514874755678,FALSE
mastoid,threshold,10,rel_1_30,removed,mean,theta,frontal,17,0.08791366321093702,0.7217388940328466,0.8369662270755273,FALSE
mastoid,threshold,10,rel_1_30,removed,mean,theta,parieto_occipital,17,0.47745399482354406,0.06657433679017553,0.18305588503550388,FALSE
mastoid,threshold,10,rel_1_30,removed,sd,alpha,centro_temporal,17,0.29986524513653295,0.23416164147843813,0.4224688919109826,FALSE
mastoid,threshold,10,rel_1_30,removed,sd,alpha,frontal,17,0.2756051678515255,0.27254470479935544,0.4666022951386587,FALSE
mastoid,threshold,10,rel_1_30,removed,sd,alpha,parieto_occipital,17,0.6014927811882772,0.02464431292903086,0.09239834972813114,FALSE
mastoid,threshold,10,rel_1_30,removed,sd,beta,centro_temporal,17,0.13339751810540199,0.5899073391652603,0.7450815874436241,FALSE
mastoid,threshold,10,rel_1_30,removed,sd,beta,frontal,17,0.22277481601469906,0.37198448724909794,0.5625343004373756,FALSE
mastoid,threshold,10,rel_1_30,removed,sd,beta,parieto_occipital,17,0.37328325082020636,0.14332456970307034,0.31168504865848673,FALSE
mastoid,threshold,10,rel_1_30,removed,sd,theta,centro_temporal,17,0.3411568650383902,0.1786644802937938,0.3573289605875876,FALSE
mastoid,threshold,10,rel_1_30,removed,sd,theta,frontal,17,0.5163219615292785,0.04914983576781347,0.14976062810756957,FALSE
mastoid,threshold,10,rel_1_30,removed,sd,theta,parieto_occipital,17,0.4612219095049308,0.07537720229408373,0.20059312971895793,FALSE
mastoid,threshold,10,rel_1_30,retained,cv,alpha,centro_temporal,17,0.24493548572574111,0.327575218260748,0.5202665231200114,FALSE
mastoid,threshold,10,rel_1_30,retained,cv,alpha,frontal,17,0.20110607889572052,0.4192006498912123,0.60499336554455585,FALSE
mastoid,threshold,10,rel_1_30,retained,cv,alpha,parieto_occipital,17,0.3581707714726107,0.15914692218227747,0.33284735526879766,FALSE
mastoid,threshold,10,rel_1_30,retained,cv,beta,centro_temporal,17,0.11897460741382589,0.6304077502624348,0.7729502784674697,FALSE
mastoid,threshold,10,rel_1_30,retained,cv,beta,frontal,17,0.19042887698210983,0.44383223881246636,0.6236612329248709,FALSE
mastoid,threshold,10,rel_1_30,retained,cv,beta,parieto_occipital,17,-0.014627065982292888,0.9526564675680886,0.9721596708411362,FALSE
mastoid,threshold,10,rel_1_30,retained,cv,theta,centro_temporal,17,0.3564676608439287,0.1610177183504733,0.3353170267523515,FALSE
mastoid,threshold,10,rel_1_30,retained,cv,theta,frontal,17,0.7458423573349584,0.0072467455753346954,0.038177976689568155,TRUE
mastoid,threshold,10,rel_1_30,retained,cv,theta,parieto_occipital,17,0.2800770505935769,0.2651337395239554,0.458199146008292,FALSE
mastoid,threshold,10,rel_1_30,retained,mean,alpha,centro_temporal,17,-0.43586215705846043,0.0912185445116717,0.2299985091189232,FALSE
mastoid,threshold,10,rel_1_30,retained,mean,alpha,frontal,17,-0.43895394036686153,0.08914138580728796,0.2262282689417334,FALSE
mastoid,threshold,10,rel_1_30,retained,mean,alpha,parieto_occipital,17,-0.2760507177815454,0.27179942259616857,0.46594186730771753,FALSE
mastoid,threshold,10,rel_1_30,retained,mean,beta,centro_temporal,17,0.05271965934815638,0.8306687045423511,0.9070267310765325,FALSE
mastoid,threshold,10,rel_1_30,retained,mean,beta,frontal,17,0.04766014935685396,0.8466870118781455,0.9162034795942751,FALSE
mastoid,threshold,10,rel_1_30,retained,mean,beta,parieto_occipital,17,0.013588260573080145,0.9560148981596753,0.9748192824665141,FALSE
mastoid,threshold,10,rel_1_30,retained,mean,theta,centro_temporal,17,0.21830083671345166,0.3814267773127875,0.5716990401665836,FALSE
mastoid,threshold,10,rel_1_30,retained,mean,theta,frontal,17,-0.0893392528127688,0.7174366286370415,0.8356481761955714,FALSE
mastoid,threshold,10,rel_1_30,retained,mean,theta,parieto_occipital,17,0.5226779418541834,0.04673490403715659,0.14580548973999025,FALSE
mastoid,threshold,10,rel_1_30,retained,sd,alpha,centro_temporal,17,-0.07189323210564076,0.7707198779915061,0.8698284138261178,FALSE
mastoid,threshold,10,rel_1_30,retained,sd,alpha,frontal,17,-0.13509631915416645,0.5852245344214368,0.7411573256777024,FALSE
mastoid,threshold,10,rel_1_30,retained,sd,alpha,parieto_occipital,17,0.003918581378154951,0.9873091163224259,0.9911177246139289,FALSE
mastoid,threshold,10,rel_1_30,retained,sd,beta,centro_temporal,17,0.06853573184155207,0.7811217007055123,0.8773725707758557,FALSE
mastoid,threshold,10,rel_1_30,retained,sd,beta,frontal,17,0.024652665924784167,0.9203009560573023,0.9549942112398896,FALSE
mastoid,threshold,10,rel_1_30,retained,sd,beta,parieto_occipital,17,-0.04540631145414203,0.8538454943628843,0.9191512329556778,FALSE
mastoid,threshold,10,rel_1_30,retained,sd,theta,centro_temporal,17,0.44738629518256406,0.08368700444740185,0.21576596372115278,FALSE
mastoid,threshold,10,rel_1_30,retained,sd,theta,frontal,17,0.5629165790141542,0.033820475361706744,0.11657270231056366,FALSE
mastoid,threshold,10,rel_1_30,retained,sd,theta,parieto_occipital,17,0.5581480830179646,0.03515528974365959,0.11968806175424561,FALSE
mastoid,threshold,10,rel_4_30,removed,cv,alpha,centro_temporal,17,0.5329093778855571,0.043076158990464956,0.13761717843461607,FALSE
mastoid,threshold,10,rel_4_30,removed,cv,alpha,frontal,17,0.38913418578453024,0.12817115292784426,0.289558072390156,FALSE
mastoid,threshold,10,rel_4_30,removed,cv,alpha,parieto_occipital,17,0.717143161498726,0.009277170329441703,0.04577365258993571,TRUE
mastoid,threshold,10,rel_4_30,removed,cv,beta,centro_temporal,17,0.2419214694358037,0.3333846233380773,0.5264680407036385,FALSE
mastoid,threshold,10,rel_4_30,removed,cv,beta,frontal,17,0.3761093801145319,0.1405171644857304,0.30831305616282156,FALSE
mastoid,threshold,10,rel_4_30,removed,cv,beta,parieto_occipital,17,0.38693722250393453,0.13018659836827398,0.29316869761551156,FALSE
mastoid,threshold,10,rel_4_30,removed,cv,theta,centro_temporal,17,-0.06004672729011598,0.8076092552054663,0.8943277653770587,FALSE
mastoid,threshold,10,rel_4_30,removed,cv,theta,frontal,17,0.2325260848669694,0.35195937751687334,0.5438863512661382,FALSE
mastoid,threshold,10,rel_4_30,removed,cv,theta,parieto_occipital,17,-0.2505133693947668,0.31701484314211414,0.5103742070958757,FALSE
mastoid,threshold,10,rel_4_30,removed,mean,alpha,centro_temporal,17,-0.1306270076279506,0.5975847164668899,0.7502129084996022,FALSE
mastoid,threshold,10,rel_4_30,removed,mean,alpha,frontal,17,-0.09504478201241982,0.7003174287199536,0.8233547513949743,FALSE
mastoid,threshold,10,rel_4_30,removed,mean,alpha,parieto_occipital,17,-0.1544271605676868,0.5333120813358172,0.7005126257546139,FALSE
mastoid,threshold,10,rel_4_30,removed,mean,beta,centro_temporal,17,-5.706124553995986e-4,0.9981519067114695,0.9981519067114695,FALSE
mastoid,threshold,10,rel_4_30,removed,mean,beta,frontal,17,0.061587529737030584,0.8027825527157382,0.8912674371669874,FALSE
mastoid,threshold,10,rel_4_30,removed,mean,beta,parieto_occipital,17,-0.03179827426315327,0.8973245315309109,0.9434614292050779,FALSE
mastoid,threshold,10,rel_4_30,removed,mean,theta,centro_temporal,17,0.33543464484672464,0.18565235928557194,0.3658622484930198,FALSE
mastoid,threshold,10,rel_4_30,removed,mean,theta,frontal,17,0.09611123750595944,0.6971356632714232,0.8208760683435482,FALSE
mastoid,threshold,10,rel_4_30,removed,mean,theta,parieto_occipital,17,0.45026711507580763,0.08189253163036812,0.21223956756401785,FALSE
mastoid,threshold,10,rel_4_30,removed,sd,alpha,centro_temporal,17,0.31950249002938574,0.20627809830699737,0.390902036454614,FALSE
mastoid,threshold,10,rel_4_30,removed,sd,alpha,frontal,17,0.29081851621141064,0.24795608619544224,0.43780802140230674,FALSE
mastoid,threshold,10,rel_4_30,removed,sd,alpha,parieto_occipital,17,0.5808855893937312,0.029205355460384948,0.10465476684790477,FALSE
mastoid,threshold,10,rel_4_30,removed,sd,beta,centro_temporal,17,0.2217428602165201,0.3741482212030378,0.5642700869035729,FALSE
mastoid,threshold,10,rel_4_30,removed,sd,beta,frontal,17,0.38643889615067784,0.1306474826859396,0.2934473787885229,FALSE
mastoid,threshold,10,rel_4_30,removed,sd,beta,parieto_occipital,17,0.4012721610828494,0.11750938183651569,0.274565190252628,FALSE
mastoid,threshold,10,rel_4_30,removed,sd,theta,centro_temporal,17,0.33683290446784464,0.18392468601249062,0.3648465200084508,FALSE
mastoid,threshold,10,rel_4_30,removed,sd,theta,frontal,17,0.48067954545959046,0.06493951970169062,0.17996069322891886,FALSE
mastoid,threshold,10,rel_4_30,removed,sd,theta,parieto_occipital,17,0.45636233695622547,0.0782080918728391,0.20601155907967372,FALSE
mastoid,threshold,10,rel_4_30,retained,cv,alpha,centro_temporal,17,0.34662992484103,0.17218289970539938,0.3501292437524021,FALSE
mastoid,threshold,10,rel_4_30,retained,cv,alpha,frontal,17,0.3487091951247081,0.16977152200267986,0.346992299983909,FALSE
mastoid,threshold,10,rel_4_30,retained,cv,alpha,parieto_occipital,17,0.4411707100004094,0.0876778799175775,0.2233889889381005,FALSE
mastoid,threshold,10,rel_4_30,retained,cv,beta,centro_temporal,17,-0.12729468663526114,0.6068843758659368,0.7557868204249719,FALSE
mastoid,threshold,10,rel_4_30,retained,cv,beta,frontal,17,-0.18073193247195904,0.4669709602553096,0.6454259130723938,FALSE
mastoid,threshold,10,rel_4_30,retained,cv,beta,parieto_occipital,17,-0.2949199479950247,0.24162671448360293,0.4309355129056643,FALSE
mastoid,threshold,10,rel_4_30,retained,cv,theta,centro_temporal,17,0.25811255627934954,0.30302476776242343,0.49769502258664333,FALSE
mastoid,threshold,10,rel_4_30,retained,cv,theta,frontal,17,0.04745625996223646,0.8473340310055577,0.9163935222669286,FALSE
mastoid,threshold,10,rel_4_30,retained,cv,theta,parieto_occipital,17,0.3879199417860349,0.12928176582098214,0.2915588779071801,FALSE
mastoid,threshold,10,rel_4_30,retained,mean,alpha,centro_temporal,17,-0.3073269806349295,0.22323854808601828,0.4090252002631664,FALSE
mastoid,threshold,10,rel_4_30,retained,mean,alpha,frontal,17,-0.27702510311690237,0.2701748752451795,0.46420319888095735,FALSE
mastoid,threshold,10,rel_4_30,retained,mean,alpha,parieto_occipital,17,-0.19847163420381225,0.42519500849712843,0.6088980453174347,FALSE
mastoid,threshold,10,rel_4_30,retained,mean,beta,centro_temporal,17,0.057880315704972485,0.814409293581237,0.8979974673986721,FALSE
mastoid,threshold,10,rel_4_30,retained,mean,beta,frontal,17,0.11871733543267884,0.6311419060473308,0.7736064724817219,FALSE
mastoid,threshold,10,rel_4_30,retained,mean,beta,parieto_occipital,17,-0.024051999284096407,0.9222360015434795,0.9550221754511801,FALSE
mastoid,threshold,10,rel_4_30,retained,mean,theta,centro_temporal,17,0.19933518438461173,0.4232240830974975,0.6071938136837898,FALSE
mastoid,threshold,10,rel_4_30,retained,mean,theta,frontal,17,0.09093884249768754,0.7126209278253339,0.8325331031805584,FALSE
mastoid,threshold,10,rel_4_30,retained,mean,theta,parieto_occipital,17,0.2490875850797376,0.3196906885032619,0.5128670994197111,FALSE
mastoid,threshold,10,rel_4_30,retained,sd,alpha,centro_temporal,17,0.01799504998287115,0.9417745347766673,0.9645994181274189,FALSE
mastoid,threshold,10,rel_4_30,retained,sd,alpha,frontal,17,0.06275038861323844,0.7991452335746678,0.8893225189631845,FALSE
mastoid,threshold,10,rel_4_30,retained,sd,alpha,parieto_occipital,17,0.09434944887995639,0.7023950657275062,0.8248112370796329,FALSE
mastoid,threshold,10,rel_4_30,retained,sd,beta,centro_temporal,17,-0.10163803493979566,0.680741017433167,0.807912416294308,FALSE
mastoid,threshold,10,rel_4_30,retained,sd,beta,frontal,17,-0.11754339054719296,0.6344969522120167,0.7763163627388798,FALSE
mastoid,threshold,10,rel_4_30,retained,sd,beta,parieto_occipital,17,-0.2805291742087774,0.26439300751012595,0.4574810917665197,FALSE
mastoid,threshold,10,rel_4_30,retained,sd,theta,centro_temporal,17,0.4468791978702369,0.08400646231935574,0.2164190267769692,FALSE
mastoid,threshold,10,rel_4_30,retained,sd,theta,frontal,17,0.1827820969428442,0.4620185060294971,0.6399458323629087,FALSE
mastoid,threshold,10,rel_4_30,retained,sd,theta,parieto_occipital,17,0.632298741908359,0.019066346108397962,0.07603779028292734,FALSE
